"CASE_ID","CELEX","STRUCTURE_TYPE","STRUCTURE_ID","NUMBER","TITLE","PARENT_STRUCTURE","ORDER_INDEX","START_MARKER","END_MARKER","START_POSITION","END_POSITION","SOURCE_REFERENCE","VALIDATION_STATUS"
"D1_GDPR","32016R0679","RECITAL","rct_1","1","","pbl_1","1","[RECITAL 1]","[RECITAL 2]","947","1332","D1_GDPR_32016R0679_official.xhtml#rct_1","VALIDATED"
"D1_GDPR","32016R0679","RECITAL","rct_2","2","","pbl_1","2","[RECITAL 2]","[RECITAL 3]","1333","1923","D1_GDPR_32016R0679_official.xhtml#rct_2","VALIDATED"
"D1_GDPR","32016R0679","RECITAL","rct_3","3","","pbl_1","3","[RECITAL 3]","[RECITAL 4]","1924","2203","D1_GDPR_32016R0679_official.xhtml#rct_3","VALIDATED"
"D1_GDPR","32016R0679","RECITAL","rct_4","4","","pbl_1","4","[RECITAL 4]","[RECITAL 5]","2204","3003","D1_GDPR_32016R0679_official.xhtml#rct_4","VALIDATED"
"D1_GDPR","32016R0679","RECITAL","rct_5","5","","pbl_1","5","[RECITAL 5]","[RECITAL 6]","3004","3568","D1_GDPR_32016R0679_official.xhtml#rct_5","VALIDATED"
"D1_GDPR","32016R0679","RECITAL","rct_6","6","","pbl_1","6","[RECITAL 6]","[RECITAL 7]","3569","4305","D1_GDPR_32016R0679_official.xhtml#rct_6","VALIDATED"
"D1_GDPR","32016R0679","RECITAL","rct_7","7","","pbl_1","7","[RECITAL 7]","[RECITAL 8]","4306","4743","D1_GDPR_32016R0679_official.xhtml#rct_7","VALIDATED"
"D1_GDPR","32016R0679","RECITAL","rct_8","8","","pbl_1","8","[RECITAL 8]","[RECITAL 9]","4744","5069","D1_GDPR_32016R0679_official.xhtml#rct_8","VALIDATED"
"D1_GDPR","32016R0679","RECITAL","rct_9","9","","pbl_1","9","[RECITAL 9]","[RECITAL 10]","5070","6065","D1_GDPR_32016R0679_official.xhtml#rct_9","VALIDATED"
"D1_GDPR","32016R0679","RECITAL","rct_10","10","","pbl_1","10","[RECITAL 10]","[RECITAL 11]","6066","7585","D1_GDPR_32016R0679_official.xhtml#rct_10","VALIDATED"
"D1_GDPR","32016R0679","RECITAL","rct_11","11","","pbl_1","11","[RECITAL 11]","[RECITAL 12]","7586","8021","D1_GDPR_32016R0679_official.xhtml#rct_11","VALIDATED"
"D1_GDPR","32016R0679","RECITAL","rct_12","12","","pbl_1","12","[RECITAL 12]","[RECITAL 13]","8022","8287","D1_GDPR_32016R0679_official.xhtml#rct_12","VALIDATED"
"D1_GDPR","32016R0679","RECITAL","rct_13","13","","pbl_1","13","[RECITAL 13]","[RECITAL 14]","8288","9868","D1_GDPR_32016R0679_official.xhtml#rct_13","VALIDATED"
"D1_GDPR","32016R0679","RECITAL","rct_14","14","","pbl_1","14","[RECITAL 14]","[RECITAL 15]","9869","10319","D1_GDPR_32016R0679_official.xhtml#rct_14","VALIDATED"
"D1_GDPR","32016R0679","RECITAL","rct_15","15","","pbl_1","15","[RECITAL 15]","[RECITAL 16]","10320","10901","D1_GDPR_32016R0679_official.xhtml#rct_15","VALIDATED"
"D1_GDPR","32016R0679","RECITAL","rct_16","16","","pbl_1","16","[RECITAL 16]","[RECITAL 17]","10902","11344","D1_GDPR_32016R0679_official.xhtml#rct_16","VALIDATED"
"D1_GDPR","32016R0679","RECITAL","rct_17","17","","pbl_1","17","[RECITAL 17]","[RECITAL 18]","11345","12023","D1_GDPR_32016R0679_official.xhtml#rct_17","VALIDATED"
"D1_GDPR","32016R0679","RECITAL","rct_18","18","","pbl_1","18","[RECITAL 18]","[RECITAL 19]","12024","12598","D1_GDPR_32016R0679_official.xhtml#rct_18","VALIDATED"
"D1_GDPR","32016R0679","RECITAL","rct_19","19","","pbl_1","19","[RECITAL 19]","[RECITAL 20]","12599","15160","D1_GDPR_32016R0679_official.xhtml#rct_19","VALIDATED"
"D1_GDPR","32016R0679","RECITAL","rct_20","20","","pbl_1","20","[RECITAL 20]","[RECITAL 21]","15161","16126","D1_GDPR_32016R0679_official.xhtml#rct_20","VALIDATED"
"D1_GDPR","32016R0679","RECITAL","rct_21","21","","pbl_1","21","[RECITAL 21]","[RECITAL 22]","16127","16558","D1_GDPR_32016R0679_official.xhtml#rct_21","VALIDATED"
"D1_GDPR","32016R0679","RECITAL","rct_22","22","","pbl_1","22","[RECITAL 22]","[RECITAL 23]","16559","17086","D1_GDPR_32016R0679_official.xhtml#rct_22","VALIDATED"
"D1_GDPR","32016R0679","RECITAL","rct_23","23","","pbl_1","23","[RECITAL 23]","[RECITAL 24]","17087","18484","D1_GDPR_32016R0679_official.xhtml#rct_23","VALIDATED"
"D1_GDPR","32016R0679","RECITAL","rct_24","24","","pbl_1","24","[RECITAL 24]","[RECITAL 25]","18485","19271","D1_GDPR_32016R0679_official.xhtml#rct_24","VALIDATED"
"D1_GDPR","32016R0679","RECITAL","rct_25","25","","pbl_1","25","[RECITAL 25]","[RECITAL 26]","19272","19507","D1_GDPR_32016R0679_official.xhtml#rct_25","VALIDATED"
"D1_GDPR","32016R0679","RECITAL","rct_26","26","","pbl_1","26","[RECITAL 26]","[RECITAL 27]","19508","20863","D1_GDPR_32016R0679_official.xhtml#rct_26","VALIDATED"
"D1_GDPR","32016R0679","RECITAL","rct_27","27","","pbl_1","27","[RECITAL 27]","[RECITAL 28]","20864","21056","D1_GDPR_32016R0679_official.xhtml#rct_27","VALIDATED"
"D1_GDPR","32016R0679","RECITAL","rct_28","28","","pbl_1","28","[RECITAL 28]","[RECITAL 29]","21057","21395","D1_GDPR_32016R0679_official.xhtml#rct_28","VALIDATED"
"D1_GDPR","32016R0679","RECITAL","rct_29","29","","pbl_1","29","[RECITAL 29]","[RECITAL 30]","21396","21994","D1_GDPR_32016R0679_official.xhtml#rct_29","VALIDATED"
"D1_GDPR","32016R0679","RECITAL","rct_30","30","","pbl_1","30","[RECITAL 30]","[RECITAL 31]","21995","22458","D1_GDPR_32016R0679_official.xhtml#rct_30","VALIDATED"
"D1_GDPR","32016R0679","RECITAL","rct_31","31","","pbl_1","31","[RECITAL 31]","[RECITAL 32]","22459","23396","D1_GDPR_32016R0679_official.xhtml#rct_31","VALIDATED"
"D1_GDPR","32016R0679","RECITAL","rct_32","32","","pbl_1","32","[RECITAL 32]","[RECITAL 33]","23397","24470","D1_GDPR_32016R0679_official.xhtml#rct_32","VALIDATED"
"D1_GDPR","32016R0679","RECITAL","rct_33","33","","pbl_1","33","[RECITAL 33]","[RECITAL 34]","24471","24994","D1_GDPR_32016R0679_official.xhtml#rct_33","VALIDATED"
"D1_GDPR","32016R0679","RECITAL","rct_34","34","","pbl_1","34","[RECITAL 34]","[RECITAL 35]","24995","25415","D1_GDPR_32016R0679_official.xhtml#rct_34","VALIDATED"
"D1_GDPR","32016R0679","RECITAL","rct_35","35","","pbl_1","35","[RECITAL 35]","[RECITAL 36]","25416","26495","D1_GDPR_32016R0679_official.xhtml#rct_35","VALIDATED"
"D1_GDPR","32016R0679","RECITAL","rct_36","36","","pbl_1","36","[RECITAL 36]","[RECITAL 37]","26496","28690","D1_GDPR_32016R0679_official.xhtml#rct_36","VALIDATED"
"D1_GDPR","32016R0679","RECITAL","rct_37","37","","pbl_1","37","[RECITAL 37]","[RECITAL 38]","28691","29267","D1_GDPR_32016R0679_official.xhtml#rct_37","VALIDATED"
"D1_GDPR","32016R0679","RECITAL","rct_38","38","","pbl_1","38","[RECITAL 38]","[RECITAL 39]","29268","29935","D1_GDPR_32016R0679_official.xhtml#rct_38","VALIDATED"
"D1_GDPR","32016R0679","RECITAL","rct_39","39","","pbl_1","39","[RECITAL 39]","[RECITAL 40]","29936","32054","D1_GDPR_32016R0679_official.xhtml#rct_39","VALIDATED"
"D1_GDPR","32016R0679","RECITAL","rct_40","40","","pbl_1","40","[RECITAL 40]","[RECITAL 41]","32055","32636","D1_GDPR_32016R0679_official.xhtml#rct_40","VALIDATED"
"D1_GDPR","32016R0679","RECITAL","rct_41","41","","pbl_1","41","[RECITAL 41]","[RECITAL 42]","32637","33198","D1_GDPR_32016R0679_official.xhtml#rct_41","VALIDATED"
"D1_GDPR","32016R0679","RECITAL","rct_42","42","","pbl_1","42","[RECITAL 42]","[RECITAL 43]","33199","34165","D1_GDPR_32016R0679_official.xhtml#rct_42","VALIDATED"
"D1_GDPR","32016R0679","RECITAL","rct_43","43","","pbl_1","43","[RECITAL 43]","[RECITAL 44]","34166","34946","D1_GDPR_32016R0679_official.xhtml#rct_43","VALIDATED"
"D1_GDPR","32016R0679","RECITAL","rct_44","44","","pbl_1","44","[RECITAL 44]","[RECITAL 45]","34947","35089","D1_GDPR_32016R0679_official.xhtml#rct_44","VALIDATED"
"D1_GDPR","32016R0679","RECITAL","rct_45","45","","pbl_1","45","[RECITAL 45]","[RECITAL 46]","35090","36788","D1_GDPR_32016R0679_official.xhtml#rct_45","VALIDATED"
"D1_GDPR","32016R0679","RECITAL","rct_46","46","","pbl_1","46","[RECITAL 46]","[RECITAL 47]","36789","37554","D1_GDPR_32016R0679_official.xhtml#rct_46","VALIDATED"
"D1_GDPR","32016R0679","RECITAL","rct_47","47","","pbl_1","47","[RECITAL 47]","[RECITAL 48]","37555","39232","D1_GDPR_32016R0679_official.xhtml#rct_47","VALIDATED"
"D1_GDPR","32016R0679","RECITAL","rct_48","48","","pbl_1","48","[RECITAL 48]","[RECITAL 49]","39233","39703","D1_GDPR_32016R0679_official.xhtml#rct_48","VALIDATED"
"D1_GDPR","32016R0679","RECITAL","rct_49","49","","pbl_1","49","[RECITAL 49]","[RECITAL 50]","39704","40782","D1_GDPR_32016R0679_official.xhtml#rct_49","VALIDATED"
"D1_GDPR","32016R0679","RECITAL","rct_50","50","","pbl_1","50","[RECITAL 50]","[RECITAL 51]","40783","43774","D1_GDPR_32016R0679_official.xhtml#rct_50","VALIDATED"
"D1_GDPR","32016R0679","RECITAL","rct_51","51","","pbl_1","51","[RECITAL 51]","[RECITAL 52]","43775","45697","D1_GDPR_32016R0679_official.xhtml#rct_51","VALIDATED"
"D1_GDPR","32016R0679","RECITAL","rct_52","52","","pbl_1","52","[RECITAL 52]","[RECITAL 53]","45698","46895","D1_GDPR_32016R0679_official.xhtml#rct_52","VALIDATED"
"D1_GDPR","32016R0679","RECITAL","rct_53","53","","pbl_1","53","[RECITAL 53]","[RECITAL 54]","46896","48719","D1_GDPR_32016R0679_official.xhtml#rct_53","VALIDATED"
"D1_GDPR","32016R0679","RECITAL","rct_54","54","","pbl_1","54","[RECITAL 54]","[RECITAL 55]","48720","49745","D1_GDPR_32016R0679_official.xhtml#rct_54","VALIDATED"
"D1_GDPR","32016R0679","RECITAL","rct_55","55","","pbl_1","55","[RECITAL 55]","[RECITAL 56]","49746","50030","D1_GDPR_32016R0679_official.xhtml#rct_55","VALIDATED"
"D1_GDPR","32016R0679","RECITAL","rct_56","56","","pbl_1","56","[RECITAL 56]","[RECITAL 57]","50031","50370","D1_GDPR_32016R0679_official.xhtml#rct_56","VALIDATED"
"D1_GDPR","32016R0679","RECITAL","rct_57","57","","pbl_1","57","[RECITAL 57]","[RECITAL 58]","50371","51082","D1_GDPR_32016R0679_official.xhtml#rct_57","VALIDATED"
"D1_GDPR","32016R0679","RECITAL","rct_58","58","","pbl_1","58","[RECITAL 58]","[RECITAL 59]","51083","52009","D1_GDPR_32016R0679_official.xhtml#rct_58","VALIDATED"
"D1_GDPR","32016R0679","RECITAL","rct_59","59","","pbl_1","59","[RECITAL 59]","[RECITAL 60]","52010","52701","D1_GDPR_32016R0679_official.xhtml#rct_59","VALIDATED"
"D1_GDPR","32016R0679","RECITAL","rct_60","60","","pbl_1","60","[RECITAL 60]","[RECITAL 61]","52702","53735","D1_GDPR_32016R0679_official.xhtml#rct_60","VALIDATED"
"D1_GDPR","32016R0679","RECITAL","rct_61","61","","pbl_1","61","[RECITAL 61]","[RECITAL 62]","53736","54658","D1_GDPR_32016R0679_official.xhtml#rct_61","VALIDATED"
"D1_GDPR","32016R0679","RECITAL","rct_62","62","","pbl_1","62","[RECITAL 62]","[RECITAL 63]","54659","55355","D1_GDPR_32016R0679_official.xhtml#rct_62","VALIDATED"
"D1_GDPR","32016R0679","RECITAL","rct_63","63","","pbl_1","63","[RECITAL 63]","[RECITAL 64]","55356","57056","D1_GDPR_32016R0679_official.xhtml#rct_63","VALIDATED"
"D1_GDPR","32016R0679","RECITAL","rct_64","64","","pbl_1","64","[RECITAL 64]","[RECITAL 65]","57057","57373","D1_GDPR_32016R0679_official.xhtml#rct_64","VALIDATED"
"D1_GDPR","32016R0679","RECITAL","rct_65","65","","pbl_1","65","[RECITAL 65]","[RECITAL 66]","57374","59035","D1_GDPR_32016R0679_official.xhtml#rct_65","VALIDATED"
"D1_GDPR","32016R0679","RECITAL","rct_66","66","","pbl_1","66","[RECITAL 66]","[RECITAL 67]","59036","59664","D1_GDPR_32016R0679_official.xhtml#rct_66","VALIDATED"
"D1_GDPR","32016R0679","RECITAL","rct_67","67","","pbl_1","67","[RECITAL 67]","[RECITAL 68]","59665","60275","D1_GDPR_32016R0679_official.xhtml#rct_67","VALIDATED"
"D1_GDPR","32016R0679","RECITAL","rct_68","68","","pbl_1","68","[RECITAL 68]","[RECITAL 69]","60276","62532","D1_GDPR_32016R0679_official.xhtml#rct_68","VALIDATED"
"D1_GDPR","32016R0679","RECITAL","rct_69","69","","pbl_1","69","[RECITAL 69]","[RECITAL 70]","62533","63155","D1_GDPR_32016R0679_official.xhtml#rct_69","VALIDATED"
"D1_GDPR","32016R0679","RECITAL","rct_70","70","","pbl_1","70","[RECITAL 70]","[RECITAL 71]","63156","63624","D1_GDPR_32016R0679_official.xhtml#rct_70","VALIDATED"
"D1_GDPR","32016R0679","RECITAL","rct_71","71","","pbl_1","71","[RECITAL 71]","[RECITAL 72]","63625","66543","D1_GDPR_32016R0679_official.xhtml#rct_71","VALIDATED"
"D1_GDPR","32016R0679","RECITAL","rct_72","72","","pbl_1","72","[RECITAL 72]","[RECITAL 73]","66544","66862","D1_GDPR_32016R0679_official.xhtml#rct_72","VALIDATED"
"D1_GDPR","32016R0679","RECITAL","rct_73","73","","pbl_1","73","[RECITAL 73]","[RECITAL 74]","66863","68434","D1_GDPR_32016R0679_official.xhtml#rct_73","VALIDATED"
"D1_GDPR","32016R0679","RECITAL","rct_74","74","","pbl_1","74","[RECITAL 74]","[RECITAL 75]","68435","69013","D1_GDPR_32016R0679_official.xhtml#rct_74","VALIDATED"
"D1_GDPR","32016R0679","RECITAL","rct_75","75","","pbl_1","75","[RECITAL 75]","[RECITAL 76]","69014","70450","D1_GDPR_32016R0679_official.xhtml#rct_75","VALIDATED"
"D1_GDPR","32016R0679","RECITAL","rct_76","76","","pbl_1","76","[RECITAL 76]","[RECITAL 77]","70451","70813","D1_GDPR_32016R0679_official.xhtml#rct_76","VALIDATED"
"D1_GDPR","32016R0679","RECITAL","rct_77","77","","pbl_1","77","[RECITAL 77]","[RECITAL 78]","70814","71608","D1_GDPR_32016R0679_official.xhtml#rct_77","VALIDATED"
"D1_GDPR","32016R0679","RECITAL","rct_78","78","","pbl_1","78","[RECITAL 78]","[RECITAL 79]","71609","73097","D1_GDPR_32016R0679_official.xhtml#rct_78","VALIDATED"
"D1_GDPR","32016R0679","RECITAL","rct_79","79","","pbl_1","79","[RECITAL 79]","[RECITAL 80]","73098","73592","D1_GDPR_32016R0679_official.xhtml#rct_79","VALIDATED"
"D1_GDPR","32016R0679","RECITAL","rct_80","80","","pbl_1","80","[RECITAL 80]","[RECITAL 81]","73593","75358","D1_GDPR_32016R0679_official.xhtml#rct_80","VALIDATED"
"D1_GDPR","32016R0679","RECITAL","rct_81","81","","pbl_1","81","[RECITAL 81]","[RECITAL 82]","75359","77149","D1_GDPR_32016R0679_official.xhtml#rct_81","VALIDATED"
"D1_GDPR","32016R0679","RECITAL","rct_82","82","","pbl_1","82","[RECITAL 82]","[RECITAL 83]","77150","77542","D1_GDPR_32016R0679_official.xhtml#rct_82","VALIDATED"
"D1_GDPR","32016R0679","RECITAL","rct_83","83","","pbl_1","83","[RECITAL 83]","[RECITAL 84]","77543","78405","D1_GDPR_32016R0679_official.xhtml#rct_83","VALIDATED"
"D1_GDPR","32016R0679","RECITAL","rct_84","84","","pbl_1","84","[RECITAL 84]","[RECITAL 85]","78406","79289","D1_GDPR_32016R0679_official.xhtml#rct_84","VALIDATED"
"D1_GDPR","32016R0679","RECITAL","rct_85","85","","pbl_1","85","[RECITAL 85]","[RECITAL 86]","79290","80499","D1_GDPR_32016R0679_official.xhtml#rct_85","VALIDATED"
"D1_GDPR","32016R0679","RECITAL","rct_86","86","","pbl_1","86","[RECITAL 86]","[RECITAL 87]","80500","81478","D1_GDPR_32016R0679_official.xhtml#rct_86","VALIDATED"
"D1_GDPR","32016R0679","RECITAL","rct_87","87","","pbl_1","87","[RECITAL 87]","[RECITAL 88]","81479","82143","D1_GDPR_32016R0679_official.xhtml#rct_87","VALIDATED"
"D1_GDPR","32016R0679","RECITAL","rct_88","88","","pbl_1","88","[RECITAL 88]","[RECITAL 89]","82144","82773","D1_GDPR_32016R0679_official.xhtml#rct_88","VALIDATED"
"D1_GDPR","32016R0679","RECITAL","rct_89","89","","pbl_1","89","[RECITAL 89]","[RECITAL 90]","82774","83732","D1_GDPR_32016R0679_official.xhtml#rct_89","VALIDATED"
"D1_GDPR","32016R0679","RECITAL","rct_90","90","","pbl_1","90","[RECITAL 90]","[RECITAL 91]","83733","84273","D1_GDPR_32016R0679_official.xhtml#rct_90","VALIDATED"
"D1_GDPR","32016R0679","RECITAL","rct_91","91","","pbl_1","91","[RECITAL 91]","[RECITAL 92]","84274","86189","D1_GDPR_32016R0679_official.xhtml#rct_91","VALIDATED"
"D1_GDPR","32016R0679","RECITAL","rct_92","92","","pbl_1","92","[RECITAL 92]","[RECITAL 93]","86190","86658","D1_GDPR_32016R0679_official.xhtml#rct_92","VALIDATED"
"D1_GDPR","32016R0679","RECITAL","rct_93","93","","pbl_1","93","[RECITAL 93]","[RECITAL 94]","86659","87009","D1_GDPR_32016R0679_official.xhtml#rct_93","VALIDATED"
"D1_GDPR","32016R0679","RECITAL","rct_94","94","","pbl_1","94","[RECITAL 94]","[RECITAL 95]","87010","88414","D1_GDPR_32016R0679_official.xhtml#rct_94","VALIDATED"
"D1_GDPR","32016R0679","RECITAL","rct_95","95","","pbl_1","95","[RECITAL 95]","[RECITAL 96]","88415","88684","D1_GDPR_32016R0679_official.xhtml#rct_95","VALIDATED"
"D1_GDPR","32016R0679","RECITAL","rct_96","96","","pbl_1","96","[RECITAL 96]","[RECITAL 97]","88685","89044","D1_GDPR_32016R0679_official.xhtml#rct_96","VALIDATED"
"D1_GDPR","32016R0679","RECITAL","rct_97","97","","pbl_1","97","[RECITAL 97]","[RECITAL 98]","89045","90359","D1_GDPR_32016R0679_official.xhtml#rct_97","VALIDATED"
"D1_GDPR","32016R0679","RECITAL","rct_98","98","","pbl_1","98","[RECITAL 98]","[RECITAL 99]","90360","90989","D1_GDPR_32016R0679_official.xhtml#rct_98","VALIDATED"
"D1_GDPR","32016R0679","RECITAL","rct_99","99","","pbl_1","99","[RECITAL 99]","[RECITAL 100]","90990","91344","D1_GDPR_32016R0679_official.xhtml#rct_99","VALIDATED"
"D1_GDPR","32016R0679","RECITAL","rct_100","100","","pbl_1","100","[RECITAL 100]","[RECITAL 101]","91345","91646","D1_GDPR_32016R0679_official.xhtml#rct_100","VALIDATED"
"D1_GDPR","32016R0679","RECITAL","rct_101","101","","pbl_1","101","[RECITAL 101]","[RECITAL 102]","91647","92870","D1_GDPR_32016R0679_official.xhtml#rct_101","VALIDATED"
"D1_GDPR","32016R0679","RECITAL","rct_102","102","","pbl_1","102","[RECITAL 102]","[RECITAL 103]","92871","93439","D1_GDPR_32016R0679_official.xhtml#rct_102","VALIDATED"
"D1_GDPR","32016R0679","RECITAL","rct_103","103","","pbl_1","103","[RECITAL 103]","[RECITAL 104]","93440","94200","D1_GDPR_32016R0679_official.xhtml#rct_103","VALIDATED"
"D1_GDPR","32016R0679","RECITAL","rct_104","104","","pbl_1","104","[RECITAL 104]","[RECITAL 105]","94201","95608","D1_GDPR_32016R0679_official.xhtml#rct_104","VALIDATED"
"D1_GDPR","32016R0679","RECITAL","rct_105","105","","pbl_1","105","[RECITAL 105]","[RECITAL 106]","95609","96395","D1_GDPR_32016R0679_official.xhtml#rct_105","VALIDATED"
"D1_GDPR","32016R0679","RECITAL","rct_106","106","","pbl_1","106","[RECITAL 106]","[RECITAL 107]","96396","97637","D1_GDPR_32016R0679_official.xhtml#rct_106","VALIDATED"
"D1_GDPR","32016R0679","RECITAL","rct_107","107","","pbl_1","107","[RECITAL 107]","[RECITAL 108]","97638","98486","D1_GDPR_32016R0679_official.xhtml#rct_107","VALIDATED"
"D1_GDPR","32016R0679","RECITAL","rct_108","108","","pbl_1","108","[RECITAL 108]","[RECITAL 109]","98487","100098","D1_GDPR_32016R0679_official.xhtml#rct_108","VALIDATED"
"D1_GDPR","32016R0679","RECITAL","rct_109","109","","pbl_1","109","[RECITAL 109]","[RECITAL 110]","100099","100881","D1_GDPR_32016R0679_official.xhtml#rct_109","VALIDATED"
"D1_GDPR","32016R0679","RECITAL","rct_110","110","","pbl_1","110","[RECITAL 110]","[RECITAL 111]","100882","101404","D1_GDPR_32016R0679_official.xhtml#rct_110","VALIDATED"
"D1_GDPR","32016R0679","RECITAL","rct_111","111","","pbl_1","111","[RECITAL 111]","[RECITAL 112]","101405","102555","D1_GDPR_32016R0679_official.xhtml#rct_111","VALIDATED"
"D1_GDPR","32016R0679","RECITAL","rct_112","112","","pbl_1","112","[RECITAL 112]","[RECITAL 113]","102556","104089","D1_GDPR_32016R0679_official.xhtml#rct_112","VALIDATED"
"D1_GDPR","32016R0679","RECITAL","rct_113","113","","pbl_1","113","[RECITAL 113]","[RECITAL 114]","104090","105333","D1_GDPR_32016R0679_official.xhtml#rct_113","VALIDATED"
"D1_GDPR","32016R0679","RECITAL","rct_114","114","","pbl_1","114","[RECITAL 114]","[RECITAL 115]","105334","105769","D1_GDPR_32016R0679_official.xhtml#rct_114","VALIDATED"
"D1_GDPR","32016R0679","RECITAL","rct_115","115","","pbl_1","115","[RECITAL 115]","[RECITAL 116]","105770","106882","D1_GDPR_32016R0679_official.xhtml#rct_115","VALIDATED"
"D1_GDPR","32016R0679","RECITAL","rct_116","116","","pbl_1","116","[RECITAL 116]","[RECITAL 117]","106883","108182","D1_GDPR_32016R0679_official.xhtml#rct_116","VALIDATED"
"D1_GDPR","32016R0679","RECITAL","rct_117","117","","pbl_1","117","[RECITAL 117]","[RECITAL 118]","108183","108629","D1_GDPR_32016R0679_official.xhtml#rct_117","VALIDATED"
"D1_GDPR","32016R0679","RECITAL","rct_118","118","","pbl_1","118","[RECITAL 118]","[RECITAL 119]","108630","108860","D1_GDPR_32016R0679_official.xhtml#rct_118","VALIDATED"
"D1_GDPR","32016R0679","RECITAL","rct_119","119","","pbl_1","119","[RECITAL 119]","[RECITAL 120]","108861","109384","D1_GDPR_32016R0679_official.xhtml#rct_119","VALIDATED"
"D1_GDPR","32016R0679","RECITAL","rct_120","120","","pbl_1","120","[RECITAL 120]","[RECITAL 121]","109385","109827","D1_GDPR_32016R0679_official.xhtml#rct_120","VALIDATED"
"D1_GDPR","32016R0679","RECITAL","rct_121","121","","pbl_1","121","[RECITAL 121]","[RECITAL 122]","109828","110884","D1_GDPR_32016R0679_official.xhtml#rct_121","VALIDATED"
"D1_GDPR","32016R0679","RECITAL","rct_122","122","","pbl_1","122","[RECITAL 122]","[RECITAL 123]","110885","111827","D1_GDPR_32016R0679_official.xhtml#rct_122","VALIDATED"
"D1_GDPR","32016R0679","RECITAL","rct_123","123","","pbl_1","123","[RECITAL 123]","[RECITAL 124]","111828","112411","D1_GDPR_32016R0679_official.xhtml#rct_123","VALIDATED"
"D1_GDPR","32016R0679","RECITAL","rct_124","124","","pbl_1","124","[RECITAL 124]","[RECITAL 125]","112412","113939","D1_GDPR_32016R0679_official.xhtml#rct_124","VALIDATED"
"D1_GDPR","32016R0679","RECITAL","rct_125","125","","pbl_1","125","[RECITAL 125]","[RECITAL 126]","113940","114478","D1_GDPR_32016R0679_official.xhtml#rct_125","VALIDATED"
"D1_GDPR","32016R0679","RECITAL","rct_126","126","","pbl_1","126","[RECITAL 126]","[RECITAL 127]","114479","115053","D1_GDPR_32016R0679_official.xhtml#rct_126","VALIDATED"
"D1_GDPR","32016R0679","RECITAL","rct_127","127","","pbl_1","127","[RECITAL 127]","[RECITAL 128]","115054","116686","D1_GDPR_32016R0679_official.xhtml#rct_127","VALIDATED"
"D1_GDPR","32016R0679","RECITAL","rct_128","128","","pbl_1","128","[RECITAL 128]","[RECITAL 129]","116687","117146","D1_GDPR_32016R0679_official.xhtml#rct_128","VALIDATED"
"D1_GDPR","32016R0679","RECITAL","rct_129","129","","pbl_1","129","[RECITAL 129]","[RECITAL 130]","117147","119422","D1_GDPR_32016R0679_official.xhtml#rct_129","VALIDATED"
"D1_GDPR","32016R0679","RECITAL","rct_130","130","","pbl_1","130","[RECITAL 130]","[RECITAL 131]","119423","120201","D1_GDPR_32016R0679_official.xhtml#rct_130","VALIDATED"
"D1_GDPR","32016R0679","RECITAL","rct_131","131","","pbl_1","131","[RECITAL 131]","[RECITAL 132]","120202","121487","D1_GDPR_32016R0679_official.xhtml#rct_131","VALIDATED"
"D1_GDPR","32016R0679","RECITAL","rct_132","132","","pbl_1","132","[RECITAL 132]","[RECITAL 133]","121488","121785","D1_GDPR_32016R0679_official.xhtml#rct_132","VALIDATED"
"D1_GDPR","32016R0679","RECITAL","rct_133","133","","pbl_1","133","[RECITAL 133]","[RECITAL 134]","121786","122251","D1_GDPR_32016R0679_official.xhtml#rct_133","VALIDATED"
"D1_GDPR","32016R0679","RECITAL","rct_134","134","","pbl_1","134","[RECITAL 134]","[RECITAL 135]","122252","122508","D1_GDPR_32016R0679_official.xhtml#rct_134","VALIDATED"
"D1_GDPR","32016R0679","RECITAL","rct_135","135","","pbl_1","135","[RECITAL 135]","[RECITAL 136]","122509","123267","D1_GDPR_32016R0679_official.xhtml#rct_135","VALIDATED"
"D1_GDPR","32016R0679","RECITAL","rct_136","136","","pbl_1","136","[RECITAL 136]","[RECITAL 137]","123268","124067","D1_GDPR_32016R0679_official.xhtml#rct_136","VALIDATED"
"D1_GDPR","32016R0679","RECITAL","rct_137","137","","pbl_1","137","[RECITAL 137]","[RECITAL 138]","124068","124490","D1_GDPR_32016R0679_official.xhtml#rct_137","VALIDATED"
"D1_GDPR","32016R0679","RECITAL","rct_138","138","","pbl_1","138","[RECITAL 138]","[RECITAL 139]","124491","125069","D1_GDPR_32016R0679_official.xhtml#rct_138","VALIDATED"
"D1_GDPR","32016R0679","RECITAL","rct_139","139","","pbl_1","139","[RECITAL 139]","[RECITAL 140]","125070","126178","D1_GDPR_32016R0679_official.xhtml#rct_139","VALIDATED"
"D1_GDPR","32016R0679","RECITAL","rct_140","140","","pbl_1","140","[RECITAL 140]","[RECITAL 141]","126179","126533","D1_GDPR_32016R0679_official.xhtml#rct_140","VALIDATED"
"D1_GDPR","32016R0679","RECITAL","rct_141","141","","pbl_1","141","[RECITAL 141]","[RECITAL 142]","126534","127787","D1_GDPR_32016R0679_official.xhtml#rct_141","VALIDATED"
"D1_GDPR","32016R0679","RECITAL","rct_142","142","","pbl_1","142","[RECITAL 142]","[RECITAL 143]","127788","128974","D1_GDPR_32016R0679_official.xhtml#rct_142","VALIDATED"
"D1_GDPR","32016R0679","RECITAL","rct_143","143","","pbl_1","143","[RECITAL 143]","[RECITAL 144]","128975","132059","D1_GDPR_32016R0679_official.xhtml#rct_143","VALIDATED"
"D1_GDPR","32016R0679","RECITAL","rct_144","144","","pbl_1","144","[RECITAL 144]","[RECITAL 145]","132060","133105","D1_GDPR_32016R0679_official.xhtml#rct_144","VALIDATED"
"D1_GDPR","32016R0679","RECITAL","rct_145","145","","pbl_1","145","[RECITAL 145]","[RECITAL 146]","133106","133472","D1_GDPR_32016R0679_official.xhtml#rct_145","VALIDATED"
"D1_GDPR","32016R0679","RECITAL","rct_146","146","","pbl_1","146","[RECITAL 146]","[RECITAL 147]","133473","135037","D1_GDPR_32016R0679_official.xhtml#rct_146","VALIDATED"
"D1_GDPR","32016R0679","RECITAL","rct_147","147","","pbl_1","147","[RECITAL 147]","[RECITAL 148]","135038","135438","D1_GDPR_32016R0679_official.xhtml#rct_147","VALIDATED"
"D1_GDPR","32016R0679","RECITAL","rct_148","148","","pbl_1","148","[RECITAL 148]","[RECITAL 149]","135439","136652","D1_GDPR_32016R0679_official.xhtml#rct_148","VALIDATED"
"D1_GDPR","32016R0679","RECITAL","rct_149","149","","pbl_1","149","[RECITAL 149]","[RECITAL 150]","136653","137243","D1_GDPR_32016R0679_official.xhtml#rct_149","VALIDATED"
"D1_GDPR","32016R0679","RECITAL","rct_150","150","","pbl_1","150","[RECITAL 150]","[RECITAL 151]","137244","138872","D1_GDPR_32016R0679_official.xhtml#rct_150","VALIDATED"
"D1_GDPR","32016R0679","RECITAL","rct_151","151","","pbl_1","151","[RECITAL 151]","[RECITAL 152]","138873","139640","D1_GDPR_32016R0679_official.xhtml#rct_151","VALIDATED"
"D1_GDPR","32016R0679","RECITAL","rct_152","152","","pbl_1","152","[RECITAL 152]","[RECITAL 153]","139641","140040","D1_GDPR_32016R0679_official.xhtml#rct_152","VALIDATED"
"D1_GDPR","32016R0679","RECITAL","rct_153","153","","pbl_1","153","[RECITAL 153]","[RECITAL 154]","140041","141699","D1_GDPR_32016R0679_official.xhtml#rct_153","VALIDATED"
"D1_GDPR","32016R0679","RECITAL","rct_154","154","","pbl_1","154","[RECITAL 154]","[RECITAL 155]","141700","143443","D1_GDPR_32016R0679_official.xhtml#rct_154","VALIDATED"
"D1_GDPR","32016R0679","RECITAL","rct_155","155","","pbl_1","155","[RECITAL 155]","[RECITAL 156]","143444","144273","D1_GDPR_32016R0679_official.xhtml#rct_155","VALIDATED"
"D1_GDPR","32016R0679","RECITAL","rct_156","156","","pbl_1","156","[RECITAL 156]","[RECITAL 157]","144274","146344","D1_GDPR_32016R0679_official.xhtml#rct_156","VALIDATED"
"D1_GDPR","32016R0679","RECITAL","rct_157","157","","pbl_1","157","[RECITAL 157]","[RECITAL 158]","146345","147367","D1_GDPR_32016R0679_official.xhtml#rct_157","VALIDATED"
"D1_GDPR","32016R0679","RECITAL","rct_158","158","","pbl_1","158","[RECITAL 158]","[RECITAL 159]","147368","148244","D1_GDPR_32016R0679_official.xhtml#rct_158","VALIDATED"
"D1_GDPR","32016R0679","RECITAL","rct_159","159","","pbl_1","159","[RECITAL 159]","[RECITAL 160]","148245","149388","D1_GDPR_32016R0679_official.xhtml#rct_159","VALIDATED"
"D1_GDPR","32016R0679","RECITAL","rct_160","160","","pbl_1","160","[RECITAL 160]","[RECITAL 161]","149389","149693","D1_GDPR_32016R0679_official.xhtml#rct_160","VALIDATED"
"D1_GDPR","32016R0679","RECITAL","rct_161","161","","pbl_1","161","[RECITAL 161]","[RECITAL 162]","149694","149941","D1_GDPR_32016R0679_official.xhtml#rct_161","VALIDATED"
"D1_GDPR","32016R0679","RECITAL","rct_162","162","","pbl_1","162","[RECITAL 162]","[RECITAL 163]","149942","150941","D1_GDPR_32016R0679_official.xhtml#rct_162","VALIDATED"
"D1_GDPR","32016R0679","RECITAL","rct_163","163","","pbl_1","163","[RECITAL 163]","[RECITAL 164]","150942","151531","D1_GDPR_32016R0679_official.xhtml#rct_163","VALIDATED"
"D1_GDPR","32016R0679","RECITAL","rct_164","164","","pbl_1","164","[RECITAL 164]","[RECITAL 165]","151532","152125","D1_GDPR_32016R0679_official.xhtml#rct_164","VALIDATED"
"D1_GDPR","32016R0679","RECITAL","rct_165","165","","pbl_1","165","[RECITAL 165]","[RECITAL 166]","152126","152351","D1_GDPR_32016R0679_official.xhtml#rct_165","VALIDATED"
"D1_GDPR","32016R0679","RECITAL","rct_166","166","","pbl_1","166","[RECITAL 166]","[RECITAL 167]","152352","153281","D1_GDPR_32016R0679_official.xhtml#rct_166","VALIDATED"
"D1_GDPR","32016R0679","RECITAL","rct_167","167","","pbl_1","167","[RECITAL 167]","[RECITAL 168]","153282","153675","D1_GDPR_32016R0679_official.xhtml#rct_167","VALIDATED"
"D1_GDPR","32016R0679","RECITAL","rct_168","168","","pbl_1","168","[RECITAL 168]","[RECITAL 169]","153676","154462","D1_GDPR_32016R0679_official.xhtml#rct_168","VALIDATED"
"D1_GDPR","32016R0679","RECITAL","rct_169","169","","pbl_1","169","[RECITAL 169]","[RECITAL 170]","154463","154798","D1_GDPR_32016R0679_official.xhtml#rct_169","VALIDATED"
"D1_GDPR","32016R0679","RECITAL","rct_170","170","","pbl_1","170","[RECITAL 170]","[RECITAL 171]","154799","155452","D1_GDPR_32016R0679_official.xhtml#rct_170","VALIDATED"
"D1_GDPR","32016R0679","RECITAL","rct_171","171","","pbl_1","171","[RECITAL 171]","[RECITAL 172]","155453","156249","D1_GDPR_32016R0679_official.xhtml#rct_171","VALIDATED"
"D1_GDPR","32016R0679","RECITAL","rct_172","172","","pbl_1","172","[RECITAL 172]","[RECITAL 173]","156250","156436","D1_GDPR_32016R0679_official.xhtml#rct_172","VALIDATED"
"D1_GDPR","32016R0679","RECITAL","rct_173","173","","pbl_1","173","[RECITAL 173]","[CHAPTER I]","156437","157173","D1_GDPR_32016R0679_official.xhtml#rct_173","VALIDATED"
"D1_GDPR","32016R0679","CHAPTER","cpt_I","I","General provisions","","174","[CHAPTER I]","[ARTICLE 1]","157174","157217","D1_GDPR_32016R0679_official.xhtml#cpt_I","VALIDATED"
"D1_GDPR","32016R0679","ARTICLE","art_1","1","Subject-matter and objectives","cpt_I","175","[ARTICLE 1]","[ARTICLE 2]","157218","157813","D1_GDPR_32016R0679_official.xhtml#art_1","VALIDATED"
"D1_GDPR","32016R0679","ARTICLE","art_2","2","Material scope","cpt_I","176","[ARTICLE 2]","[ARTICLE 3]","157814","159243","D1_GDPR_32016R0679_official.xhtml#art_2","VALIDATED"
"D1_GDPR","32016R0679","ARTICLE","art_3","3","Territorial scope","cpt_I","177","[ARTICLE 3]","[ARTICLE 4]","159244","160162","D1_GDPR_32016R0679_official.xhtml#art_3","VALIDATED"
"D1_GDPR","32016R0679","ARTICLE","art_4","4","Definitions","cpt_I","178","[ARTICLE 4]","[CHAPTER II]","160163","168895","D1_GDPR_32016R0679_official.xhtml#art_4","VALIDATED"
"D1_GDPR","32016R0679","CHAPTER","cpt_II","II","Principles","","179","[CHAPTER II]","[ARTICLE 5]","168896","168933","D1_GDPR_32016R0679_official.xhtml#cpt_II","VALIDATED"
"D1_GDPR","32016R0679","ARTICLE","art_5","5","Principles relating to processing of personal data","cpt_II","180","[ARTICLE 5]","[ARTICLE 6]","168934","170988","D1_GDPR_32016R0679_official.xhtml#art_5","VALIDATED"
"D1_GDPR","32016R0679","ARTICLE","art_6","6","Lawfulness of processing","cpt_II","181","[ARTICLE 6]","[ARTICLE 7]","170989","175154","D1_GDPR_32016R0679_official.xhtml#art_6","VALIDATED"
"D1_GDPR","32016R0679","ARTICLE","art_7","7","Conditions for consent","cpt_II","182","[ARTICLE 7]","[ARTICLE 8]","175155","176397","D1_GDPR_32016R0679_official.xhtml#art_7","VALIDATED"
"D1_GDPR","32016R0679","ARTICLE","art_8","8","Conditions applicable to child's consent in relation to information society services","cpt_II","183","[ARTICLE 8]","[ARTICLE 9]","176398","177435","D1_GDPR_32016R0679_official.xhtml#art_8","VALIDATED"
"D1_GDPR","32016R0679","ARTICLE","art_9","9","Processing of special categories of personal data","cpt_II","184","[ARTICLE 9]","[ARTICLE 10]","177436","181916","D1_GDPR_32016R0679_official.xhtml#art_9","VALIDATED"
"D1_GDPR","32016R0679","ARTICLE","art_10","10","Processing of personal data relating to criminal convictions and offences","cpt_II","185","[ARTICLE 10]","[ARTICLE 11]","181917","182469","D1_GDPR_32016R0679_official.xhtml#art_10","VALIDATED"
"D1_GDPR","32016R0679","ARTICLE","art_11","11","Processing which does not require identification","cpt_II","186","[ARTICLE 11]","[CHAPTER III]","182470","183334","D1_GDPR_32016R0679_official.xhtml#art_11","VALIDATED"
"D1_GDPR","32016R0679","CHAPTER","cpt_III","III","Rights of the data subject","","187","[CHAPTER III]","[SECTION 1]","183335","183390","D1_GDPR_32016R0679_official.xhtml#cpt_III","VALIDATED"
"D1_GDPR","32016R0679","SECTION","cpt_VII.sct_1","1","Cooperation","cpt_VII","188","[SECTION 1]","[SECTION 1]","183391","183390","D1_GDPR_32016R0679_official.xhtml#cpt_VII.sct_1","VALIDATED"
"D1_GDPR","32016R0679","SECTION","cpt_VI.sct_1","1","Independent status","cpt_VI","189","[SECTION 1]","[SECTION 1]","183391","183390","D1_GDPR_32016R0679_official.xhtml#cpt_VI.sct_1","VALIDATED"
"D1_GDPR","32016R0679","SECTION","cpt_IV.sct_1","1","General obligations","cpt_IV","190","[SECTION 1]","[SECTION 1]","183391","183390","D1_GDPR_32016R0679_official.xhtml#cpt_IV.sct_1","VALIDATED"
"D1_GDPR","32016R0679","SECTION","cpt_III.sct_1","1","Transparency and modalities","cpt_III","191","[SECTION 1]","[ARTICLE 12]","183391","183443","D1_GDPR_32016R0679_official.xhtml#cpt_III.sct_1","VALIDATED"
"D1_GDPR","32016R0679","ARTICLE","art_12","12","Transparent information, communication and modalities for the exercise of the rights of the data subject","cpt_III.sct_1","192","[ARTICLE 12]","[SECTION 2]","183444","187081","D1_GDPR_32016R0679_official.xhtml#art_12","VALIDATED"
"D1_GDPR","32016R0679","SECTION","cpt_VI.sct_2","2","Competence, tasks and powers","cpt_VI","193","[SECTION 2]","[SECTION 2]","187082","187081","D1_GDPR_32016R0679_official.xhtml#cpt_VI.sct_2","VALIDATED"
"D1_GDPR","32016R0679","SECTION","cpt_III.sct_2","2","Information and access to personal data","cpt_III","194","[SECTION 2]","[SECTION 2]","187082","187081","D1_GDPR_32016R0679_official.xhtml#cpt_III.sct_2","VALIDATED"
"D1_GDPR","32016R0679","SECTION","cpt_IV.sct_2","2","Security of personal data","cpt_IV","195","[SECTION 2]","[SECTION 2]","187082","187081","D1_GDPR_32016R0679_official.xhtml#cpt_IV.sct_2","VALIDATED"
"D1_GDPR","32016R0679","SECTION","cpt_VII.sct_2","2","Consistency","cpt_VII","196","[SECTION 2]","[ARTICLE 13]","187082","187146","D1_GDPR_32016R0679_official.xhtml#cpt_VII.sct_2","VALIDATED"
"D1_GDPR","32016R0679","ARTICLE","art_13","13","Information to be provided where personal data are collected from the data subject","cpt_III.sct_2","197","[ARTICLE 13]","[ARTICLE 14]","187147","190416","D1_GDPR_32016R0679_official.xhtml#art_13","VALIDATED"
"D1_GDPR","32016R0679","ARTICLE","art_14","14","Information to be provided where personal data have not been obtained from the data subject","cpt_III.sct_2","198","[ARTICLE 14]","[ARTICLE 15]","190417","195121","D1_GDPR_32016R0679_official.xhtml#art_14","VALIDATED"
"D1_GDPR","32016R0679","ARTICLE","art_15","15","Right of access by the data subject","cpt_III.sct_2","199","[ARTICLE 15]","[SECTION 3]","195122","197284","D1_GDPR_32016R0679_official.xhtml#art_15","VALIDATED"
"D1_GDPR","32016R0679","SECTION","cpt_IV.sct_3","3","Data protection impact assessment and prior consultation","cpt_IV","200","[SECTION 3]","[SECTION 3]","197285","197284","D1_GDPR_32016R0679_official.xhtml#cpt_IV.sct_3","VALIDATED"
"D1_GDPR","32016R0679","SECTION","cpt_VII.sct_3","3","European data protection board","cpt_VII","201","[SECTION 3]","[SECTION 3]","197285","197284","D1_GDPR_32016R0679_official.xhtml#cpt_VII.sct_3","VALIDATED"
"D1_GDPR","32016R0679","SECTION","cpt_III.sct_3","3","Rectification and erasure","cpt_III","202","[SECTION 3]","[ARTICLE 16]","197285","197335","D1_GDPR_32016R0679_official.xhtml#cpt_III.sct_3","VALIDATED"
"D1_GDPR","32016R0679","ARTICLE","art_16","16","Right to rectification","cpt_III.sct_3","203","[ARTICLE 16]","[ARTICLE 17]","197336","197736","D1_GDPR_32016R0679_official.xhtml#art_16","VALIDATED"
"D1_GDPR","32016R0679","ARTICLE","art_17","17","Right to erasure (‘right to be forgotten’)","cpt_III.sct_3","204","[ARTICLE 17]","[ARTICLE 18]","197737","200377","D1_GDPR_32016R0679_official.xhtml#art_17","VALIDATED"
"D1_GDPR","32016R0679","ARTICLE","art_18","18","Right to restriction of processing","cpt_III.sct_3","205","[ARTICLE 18]","[ARTICLE 19]","200378","201803","D1_GDPR_32016R0679_official.xhtml#art_18","VALIDATED"
"D1_GDPR","32016R0679","ARTICLE","art_19","19","Notification obligation regarding rectification or erasure of personal data or restriction of processing","cpt_III.sct_3","206","[ARTICLE 19]","[ARTICLE 20]","201804","202349","D1_GDPR_32016R0679_official.xhtml#art_19","VALIDATED"
"D1_GDPR","32016R0679","ARTICLE","art_20","20","Right to data portability","cpt_III.sct_3","207","[ARTICLE 20]","[SECTION 4]","202350","203607","D1_GDPR_32016R0679_official.xhtml#art_20","VALIDATED"
"D1_GDPR","32016R0679","SECTION","cpt_IV.sct_4","4","Data protection officer","cpt_IV","208","[SECTION 4]","[SECTION 4]","203608","203607","D1_GDPR_32016R0679_official.xhtml#cpt_IV.sct_4","VALIDATED"
"D1_GDPR","32016R0679","SECTION","cpt_III.sct_4","4","Right to object and automated individual decision-making","cpt_III","209","[SECTION 4]","[ARTICLE 21]","203608","203689","D1_GDPR_32016R0679_official.xhtml#cpt_III.sct_4","VALIDATED"
"D1_GDPR","32016R0679","ARTICLE","art_21","21","Right to object","cpt_III.sct_4","210","[ARTICLE 21]","[ARTICLE 22]","203690","205591","D1_GDPR_32016R0679_official.xhtml#art_21","VALIDATED"
"D1_GDPR","32016R0679","ARTICLE","art_22","22","Automated individual decision-making, including profiling","cpt_III.sct_4","211","[ARTICLE 22]","[SECTION 5]","205592","206967","D1_GDPR_32016R0679_official.xhtml#art_22","VALIDATED"
"D1_GDPR","32016R0679","SECTION","cpt_IV.sct_5","5","Codes of conduct and certification","cpt_IV","212","[SECTION 5]","[SECTION 5]","206968","206967","D1_GDPR_32016R0679_official.xhtml#cpt_IV.sct_5","VALIDATED"
"D1_GDPR","32016R0679","SECTION","cpt_III.sct_5","5","Restrictions","cpt_III","213","[SECTION 5]","[ARTICLE 23]","206968","207005","D1_GDPR_32016R0679_official.xhtml#cpt_III.sct_5","VALIDATED"
"D1_GDPR","32016R0679","ARTICLE","art_23","23","Restrictions","cpt_III.sct_5","214","[ARTICLE 23]","[CHAPTER IV]","207006","209374","D1_GDPR_32016R0679_official.xhtml#art_23","VALIDATED"
"D1_GDPR","32016R0679","CHAPTER","cpt_IV","IV","Controller and processor","","215","[CHAPTER IV]","[ARTICLE 24]","209375","209471","D1_GDPR_32016R0679_official.xhtml#cpt_IV","VALIDATED"
"D1_GDPR","32016R0679","ARTICLE","art_24","24","Responsibility of the controller","cpt_IV.sct_1","216","[ARTICLE 24]","[ARTICLE 25]","209472","210394","D1_GDPR_32016R0679_official.xhtml#art_24","VALIDATED"
"D1_GDPR","32016R0679","ARTICLE","art_25","25","Data protection by design and by default","cpt_IV.sct_1","217","[ARTICLE 25]","[ARTICLE 26]","210395","211927","D1_GDPR_32016R0679_official.xhtml#art_25","VALIDATED"
"D1_GDPR","32016R0679","ARTICLE","art_26","26","Joint controllers","cpt_IV.sct_1","218","[ARTICLE 26]","[ARTICLE 27]","211928","213094","D1_GDPR_32016R0679_official.xhtml#art_26","VALIDATED"
"D1_GDPR","32016R0679","ARTICLE","art_27","27","Representatives of controllers or processors not established in the Union","cpt_IV.sct_1","219","[ARTICLE 27]","[ARTICLE 28]","213095","214575","D1_GDPR_32016R0679_official.xhtml#art_27","VALIDATED"
"D1_GDPR","32016R0679","ARTICLE","art_28","28","Processor","cpt_IV.sct_1","220","[ARTICLE 28]","[ARTICLE 29]","214576","220130","D1_GDPR_32016R0679_official.xhtml#art_28","VALIDATED"
"D1_GDPR","32016R0679","ARTICLE","art_29","29","Processing under the authority of the controller or processor","cpt_IV.sct_1","221","[ARTICLE 29]","[ARTICLE 30]","220131","220476","D1_GDPR_32016R0679_official.xhtml#art_29","VALIDATED"
"D1_GDPR","32016R0679","ARTICLE","art_30","30","Records of processing activities","cpt_IV.sct_1","222","[ARTICLE 30]","[ARTICLE 31]","220477","223445","D1_GDPR_32016R0679_official.xhtml#art_30","VALIDATED"
"D1_GDPR","32016R0679","ARTICLE","art_31","31","Cooperation with the supervisory authority","cpt_IV.sct_1","223","[ARTICLE 31]","[ARTICLE 32]","223446","223739","D1_GDPR_32016R0679_official.xhtml#art_31","VALIDATED"
"D1_GDPR","32016R0679","ARTICLE","art_32","32","Security of processing","cpt_IV.sct_2","224","[ARTICLE 32]","[ARTICLE 33]","223740","225602","D1_GDPR_32016R0679_official.xhtml#art_32","VALIDATED"
"D1_GDPR","32016R0679","ARTICLE","art_33","33","Notification of a personal data breach to the supervisory authority","cpt_IV.sct_2","225","[ARTICLE 33]","[ARTICLE 34]","225603","227433","D1_GDPR_32016R0679_official.xhtml#art_33","VALIDATED"
"D1_GDPR","32016R0679","ARTICLE","art_34","34","Communication of a personal data breach to the data subject","cpt_IV.sct_2","226","[ARTICLE 34]","[ARTICLE 35]","227434","229253","D1_GDPR_32016R0679_official.xhtml#art_34","VALIDATED"
"D1_GDPR","32016R0679","ARTICLE","art_35","35","Data protection impact assessment","cpt_IV.sct_3","227","[ARTICLE 35]","[ARTICLE 36]","229254","233726","D1_GDPR_32016R0679_official.xhtml#art_35","VALIDATED"
"D1_GDPR","32016R0679","ARTICLE","art_36","36","Prior consultation","cpt_IV.sct_3","228","[ARTICLE 36]","[ARTICLE 37]","233727","236370","D1_GDPR_32016R0679_official.xhtml#art_36","VALIDATED"
"D1_GDPR","32016R0679","ARTICLE","art_37","37","Designation of the data protection officer","cpt_IV.sct_4","229","[ARTICLE 37]","[ARTICLE 38]","236371","238431","D1_GDPR_32016R0679_official.xhtml#art_37","VALIDATED"
"D1_GDPR","32016R0679","ARTICLE","art_38","38","Position of the data protection officer","cpt_IV.sct_4","230","[ARTICLE 38]","[ARTICLE 39]","238432","239890","D1_GDPR_32016R0679_official.xhtml#art_38","VALIDATED"
"D1_GDPR","32016R0679","ARTICLE","art_39","39","Tasks of the data protection officer","cpt_IV.sct_4","231","[ARTICLE 39]","[ARTICLE 40]","239891","241294","D1_GDPR_32016R0679_official.xhtml#art_39","VALIDATED"
"D1_GDPR","32016R0679","ARTICLE","art_40","40","Codes of conduct","cpt_IV.sct_5","232","[ARTICLE 40]","[ARTICLE 41]","241295","246406","D1_GDPR_32016R0679_official.xhtml#art_40","VALIDATED"
"D1_GDPR","32016R0679","ARTICLE","art_41","41","Monitoring of approved codes of conduct","cpt_IV.sct_5","233","[ARTICLE 41]","[ARTICLE 42]","246407","248840","D1_GDPR_32016R0679_official.xhtml#art_41","VALIDATED"
"D1_GDPR","32016R0679","ARTICLE","art_42","42","Certification","cpt_IV.sct_5","234","[ARTICLE 42]","[ARTICLE 43]","248841","251818","D1_GDPR_32016R0679_official.xhtml#art_42","VALIDATED"
"D1_GDPR","32016R0679","ARTICLE","art_43","43","Certification bodies","cpt_IV.sct_5","235","[ARTICLE 43]","[CHAPTER V]","251819","256403","D1_GDPR_32016R0679_official.xhtml#art_43","VALIDATED"
"D1_GDPR","32016R0679","CHAPTER","cpt_V","V","Transfers of personal data to third countries or international organisations","","236","[CHAPTER V]","[ARTICLE 44]","256404","256505","D1_GDPR_32016R0679_official.xhtml#cpt_V","VALIDATED"
"D1_GDPR","32016R0679","ARTICLE","art_44","44","General principle for transfers","cpt_V","237","[ARTICLE 44]","[ARTICLE 45]","256506","257233","D1_GDPR_32016R0679_official.xhtml#art_44","VALIDATED"
"D1_GDPR","32016R0679","ARTICLE","art_45","45","Transfers on the basis of an adequacy decision","cpt_V","238","[ARTICLE 45]","[ARTICLE 46]","257234","262337","D1_GDPR_32016R0679_official.xhtml#art_45","VALIDATED"
"D1_GDPR","32016R0679","ARTICLE","art_46","46","Transfers subject to appropriate safeguards","cpt_V","239","[ARTICLE 46]","[ARTICLE 47]","262338","265004","D1_GDPR_32016R0679_official.xhtml#art_46","VALIDATED"
"D1_GDPR","32016R0679","ARTICLE","art_47","47","Binding corporate rules","cpt_V","240","[ARTICLE 47]","[ARTICLE 48]","265005","269941","D1_GDPR_32016R0679_official.xhtml#art_47","VALIDATED"
"D1_GDPR","32016R0679","ARTICLE","art_48","48","Transfers or disclosures not authorised by Union law","cpt_V","241","[ARTICLE 48]","[ARTICLE 49]","269942","270486","D1_GDPR_32016R0679_official.xhtml#art_48","VALIDATED"
"D1_GDPR","32016R0679","ARTICLE","art_49","49","Derogations for specific situations","cpt_V","242","[ARTICLE 49]","[ARTICLE 50]","270487","274604","D1_GDPR_32016R0679_official.xhtml#art_49","VALIDATED"
"D1_GDPR","32016R0679","ARTICLE","art_50","50","International cooperation for the protection of personal data","cpt_V","243","[ARTICLE 50]","[CHAPTER VI]","274605","275650","D1_GDPR_32016R0679_official.xhtml#art_50","VALIDATED"
"D1_GDPR","32016R0679","CHAPTER","cpt_VI","VI","Independent supervisory authorities","","244","[CHAPTER VI]","[ARTICLE 51]","275651","275757","D1_GDPR_32016R0679_official.xhtml#cpt_VI","VALIDATED"
"D1_GDPR","32016R0679","ARTICLE","art_51","51","Supervisory authority","cpt_VI.sct_1","245","[ARTICLE 51]","[ARTICLE 52]","275758","276948","D1_GDPR_32016R0679_official.xhtml#art_51","VALIDATED"
"D1_GDPR","32016R0679","ARTICLE","art_52","52","Independence","cpt_VI.sct_1","246","[ARTICLE 52]","[ARTICLE 53]","276949","278460","D1_GDPR_32016R0679_official.xhtml#art_52","VALIDATED"
"D1_GDPR","32016R0679","ARTICLE","art_53","53","General conditions for the members of the supervisory authority","cpt_VI.sct_1","247","[ARTICLE 53]","[ARTICLE 54]","278461","279372","D1_GDPR_32016R0679_official.xhtml#art_53","VALIDATED"
"D1_GDPR","32016R0679","ARTICLE","art_54","54","Rules on the establishment of the supervisory authority","cpt_VI.sct_1","248","[ARTICLE 54]","[ARTICLE 55]","279373","281126","D1_GDPR_32016R0679_official.xhtml#art_54","VALIDATED"
"D1_GDPR","32016R0679","ARTICLE","art_55","55","Competence","cpt_VI.sct_2","249","[ARTICLE 55]","[ARTICLE 56]","281127","281764","D1_GDPR_32016R0679_official.xhtml#art_55","VALIDATED"
"D1_GDPR","32016R0679","ARTICLE","art_56","56","Competence of the lead supervisory authority","cpt_VI.sct_2","250","[ARTICLE 56]","[ARTICLE 57]","281765","283758","D1_GDPR_32016R0679_official.xhtml#art_56","VALIDATED"
"D1_GDPR","32016R0679","ARTICLE","art_57","57","Tasks","cpt_VI.sct_2","251","[ARTICLE 57]","[ARTICLE 58]","283759","288088","D1_GDPR_32016R0679_official.xhtml#art_57","VALIDATED"
"D1_GDPR","32016R0679","ARTICLE","art_58","58","Powers","cpt_VI.sct_2","252","[ARTICLE 58]","[ARTICLE 59]","288089","292727","D1_GDPR_32016R0679_official.xhtml#art_58","VALIDATED"
"D1_GDPR","32016R0679","ARTICLE","art_59","59","Activity reports","cpt_VI.sct_2","253","[ARTICLE 59]","[CHAPTER VII]","292728","293185","D1_GDPR_32016R0679_official.xhtml#art_59","VALIDATED"
"D1_GDPR","32016R0679","CHAPTER","cpt_VII","VII","Cooperation and consistency","","254","[CHAPTER VII]","[ARTICLE 60]","293186","293279","D1_GDPR_32016R0679_official.xhtml#cpt_VII","VALIDATED"
"D1_GDPR","32016R0679","ARTICLE","art_60","60","Cooperation between the lead supervisory authority and the other supervisory authorities concerned","cpt_VII.sct_1","255","[ARTICLE 60]","[ARTICLE 61]","293280","297941","D1_GDPR_32016R0679_official.xhtml#art_60","VALIDATED"
"D1_GDPR","32016R0679","ARTICLE","art_61","61","Mutual assistance","cpt_VII.sct_1","256","[ARTICLE 61]","[ARTICLE 62]","297942","301129","D1_GDPR_32016R0679_official.xhtml#art_61","VALIDATED"
"D1_GDPR","32016R0679","ARTICLE","art_62","62","Joint operations of supervisory authorities","cpt_VII.sct_1","257","[ARTICLE 62]","[ARTICLE 63]","301130","304485","D1_GDPR_32016R0679_official.xhtml#art_62","VALIDATED"
"D1_GDPR","32016R0679","ARTICLE","art_63","63","Consistency mechanism","cpt_VII.sct_2","258","[ARTICLE 63]","[ARTICLE 64]","304486","304793","D1_GDPR_32016R0679_official.xhtml#art_63","VALIDATED"
"D1_GDPR","32016R0679","ARTICLE","art_64","64","Opinion of the Board","cpt_VII.sct_2","259","[ARTICLE 64]","[ARTICLE 65]","304794","308526","D1_GDPR_32016R0679_official.xhtml#art_64","VALIDATED"
"D1_GDPR","32016R0679","ARTICLE","art_65","65","Dispute resolution by the Board","cpt_VII.sct_2","260","[ARTICLE 65]","[ARTICLE 66]","308527","312036","D1_GDPR_32016R0679_official.xhtml#art_65","VALIDATED"
"D1_GDPR","32016R0679","ARTICLE","art_66","66","Urgency procedure","cpt_VII.sct_2","261","[ARTICLE 66]","[ARTICLE 67]","312037","313686","D1_GDPR_32016R0679_official.xhtml#art_66","VALIDATED"
"D1_GDPR","32016R0679","ARTICLE","art_67","67","Exchange of information","cpt_VII.sct_2","262","[ARTICLE 67]","[ARTICLE 68]","313687","314209","D1_GDPR_32016R0679_official.xhtml#art_67","VALIDATED"
"D1_GDPR","32016R0679","ARTICLE","art_68","68","European Data Protection Board","cpt_VII.sct_3","263","[ARTICLE 68]","[ARTICLE 69]","314210","315416","D1_GDPR_32016R0679_official.xhtml#art_68","VALIDATED"
"D1_GDPR","32016R0679","ARTICLE","art_69","69","Independence","cpt_VII.sct_3","264","[ARTICLE 69]","[ARTICLE 70]","315417","315822","D1_GDPR_32016R0679_official.xhtml#art_69","VALIDATED"
"D1_GDPR","32016R0679","ARTICLE","art_70","70","Tasks of the Board","cpt_VII.sct_3","265","[ARTICLE 70]","[ARTICLE 71]","315823","322237","D1_GDPR_32016R0679_official.xhtml#art_70","VALIDATED"
"D1_GDPR","32016R0679","ARTICLE","art_71","71","Reports","cpt_VII.sct_3","266","[ARTICLE 71]","[ARTICLE 72]","322238","322823","D1_GDPR_32016R0679_official.xhtml#art_71","VALIDATED"
"D1_GDPR","32016R0679","ARTICLE","art_72","72","Procedure","cpt_VII.sct_3","267","[ARTICLE 72]","[ARTICLE 73]","322824","323122","D1_GDPR_32016R0679_official.xhtml#art_72","VALIDATED"
"D1_GDPR","32016R0679","ARTICLE","art_73","73","Chair","cpt_VII.sct_3","268","[ARTICLE 73]","[ARTICLE 74]","323123","323360","D1_GDPR_32016R0679_official.xhtml#art_73","VALIDATED"
"D1_GDPR","32016R0679","ARTICLE","art_74","74","Tasks of the Chair","cpt_VII.sct_3","269","[ARTICLE 74]","[ARTICLE 75]","323361","323934","D1_GDPR_32016R0679_official.xhtml#art_74","VALIDATED"
"D1_GDPR","32016R0679","ARTICLE","art_75","75","Secretariat","cpt_VII.sct_3","270","[ARTICLE 75]","[ARTICLE 76]","323935","325530","D1_GDPR_32016R0679_official.xhtml#art_75","VALIDATED"
"D1_GDPR","32016R0679","ARTICLE","art_76","76","Confidentiality","cpt_VII.sct_3","271","[ARTICLE 76]","[CHAPTER VIII]","325531","325913","D1_GDPR_32016R0679_official.xhtml#art_76","VALIDATED"
"D1_GDPR","32016R0679","CHAPTER","cpt_VIII","VIII","Remedies, liability and penalties","","272","[CHAPTER VIII]","[ARTICLE 77]","325914","325978","D1_GDPR_32016R0679_official.xhtml#cpt_VIII","VALIDATED"
"D1_GDPR","32016R0679","ARTICLE","art_77","77","Right to lodge a complaint with a supervisory authority","cpt_VIII","273","[ARTICLE 77]","[ARTICLE 78]","325979","326678","D1_GDPR_32016R0679_official.xhtml#art_77","VALIDATED"
"D1_GDPR","32016R0679","ARTICLE","art_78","78","Right to an effective judicial remedy against a supervisory authority","cpt_VIII","274","[ARTICLE 78]","[ARTICLE 79]","326679","327798","D1_GDPR_32016R0679_official.xhtml#art_78","VALIDATED"
"D1_GDPR","32016R0679","ARTICLE","art_79","79","Right to an effective judicial remedy against a controller or processor","cpt_VIII","275","[ARTICLE 79]","[ARTICLE 80]","327799","328755","D1_GDPR_32016R0679_official.xhtml#art_79","VALIDATED"
"D1_GDPR","32016R0679","ARTICLE","art_80","80","Representation of data subjects","cpt_VIII","276","[ARTICLE 80]","[ARTICLE 81]","328756","329935","D1_GDPR_32016R0679_official.xhtml#art_80","VALIDATED"
"D1_GDPR","32016R0679","ARTICLE","art_81","81","Suspension of proceedings","cpt_VIII","277","[ARTICLE 81]","[ARTICLE 82]","329936","330854","D1_GDPR_32016R0679_official.xhtml#art_81","VALIDATED"
"D1_GDPR","32016R0679","ARTICLE","art_82","82","Right to compensation and liability","cpt_VIII","278","[ARTICLE 82]","[ARTICLE 83]","330855","332621","D1_GDPR_32016R0679_official.xhtml#art_82","VALIDATED"
"D1_GDPR","32016R0679","ARTICLE","art_83","83","General conditions for imposing administrative fines","cpt_VIII","279","[ARTICLE 83]","[ARTICLE 84]","332622","338194","D1_GDPR_32016R0679_official.xhtml#art_83","VALIDATED"
"D1_GDPR","32016R0679","ARTICLE","art_84","84","Penalties","cpt_VIII","280","[ARTICLE 84]","[CHAPTER IX]","338195","338778","D1_GDPR_32016R0679_official.xhtml#art_84","VALIDATED"
"D1_GDPR","32016R0679","CHAPTER","cpt_IX","IX","Provisions relating to specific processing situations","","281","[CHAPTER IX]","[ARTICLE 85]","338779","338859","D1_GDPR_32016R0679_official.xhtml#cpt_IX","VALIDATED"
"D1_GDPR","32016R0679","ARTICLE","art_85","85","Processing and freedom of expression and information","cpt_IX","282","[ARTICLE 85]","[ARTICLE 86]","338860","340070","D1_GDPR_32016R0679_official.xhtml#art_85","VALIDATED"
"D1_GDPR","32016R0679","ARTICLE","art_86","86","Processing and public access to official documents","cpt_IX","283","[ARTICLE 86]","[ARTICLE 87]","340071","340585","D1_GDPR_32016R0679_official.xhtml#art_86","VALIDATED"
"D1_GDPR","32016R0679","ARTICLE","art_87","87","Processing of the national identification number","cpt_IX","284","[ARTICLE 87]","[ARTICLE 88]","340586","341045","D1_GDPR_32016R0679_official.xhtml#art_87","VALIDATED"
"D1_GDPR","32016R0679","ARTICLE","art_88","88","Processing in the context of employment","cpt_IX","285","[ARTICLE 88]","[ARTICLE 89]","341046","342464","D1_GDPR_32016R0679_official.xhtml#art_88","VALIDATED"
"D1_GDPR","32016R0679","ARTICLE","art_89","89","Safeguards and derogations relating to processing for archiving purposes in the public interest, scientific or historical research purposes or statistical purposes","cpt_IX","286","[ARTICLE 89]","[ARTICLE 90]","342465","344549","D1_GDPR_32016R0679_official.xhtml#art_89","VALIDATED"
"D1_GDPR","32016R0679","ARTICLE","art_90","90","Obligations of secrecy","cpt_IX","287","[ARTICLE 90]","[ARTICLE 91]","344550","345464","D1_GDPR_32016R0679_official.xhtml#art_90","VALIDATED"
"D1_GDPR","32016R0679","ARTICLE","art_91","91","Existing data protection rules of churches and religious associations","cpt_IX","288","[ARTICLE 91]","[CHAPTER X]","345465","346193","D1_GDPR_32016R0679_official.xhtml#art_91","VALIDATED"
"D1_GDPR","32016R0679","CHAPTER","cpt_X","X","Delegated acts and implementing acts","","289","[CHAPTER X]","[ARTICLE 92]","346194","346255","D1_GDPR_32016R0679_official.xhtml#cpt_X","VALIDATED"
"D1_GDPR","32016R0679","ARTICLE","art_92","92","Exercise of the delegation","cpt_X","290","[ARTICLE 92]","[ARTICLE 93]","346256","347736","D1_GDPR_32016R0679_official.xhtml#art_92","VALIDATED"
"D1_GDPR","32016R0679","ARTICLE","art_93","93","Committee procedure","cpt_X","291","[ARTICLE 93]","[CHAPTER XI]","347737","348165","D1_GDPR_32016R0679_official.xhtml#art_93","VALIDATED"
"D1_GDPR","32016R0679","CHAPTER","cpt_XI","XI","Final provisions","","292","[CHAPTER XI]","[ARTICLE 94]","348166","348209","D1_GDPR_32016R0679_official.xhtml#cpt_XI","VALIDATED"
"D1_GDPR","32016R0679","ARTICLE","art_94","94","Repeal of Directive 95/46/EC","cpt_XI","293","[ARTICLE 94]","[ARTICLE 95]","348210","348687","D1_GDPR_32016R0679_official.xhtml#art_94","VALIDATED"
"D1_GDPR","32016R0679","ARTICLE","art_95","95","Relationship with Directive 2002/58/EC","cpt_XI","294","[ARTICLE 95]","[ARTICLE 96]","348688","349131","D1_GDPR_32016R0679_official.xhtml#art_95","VALIDATED"
"D1_GDPR","32016R0679","ARTICLE","art_96","96","Relationship with previously concluded Agreements","cpt_XI","295","[ARTICLE 96]","[ARTICLE 97]","349132","349508","D1_GDPR_32016R0679_official.xhtml#art_96","VALIDATED"
"D1_GDPR","32016R0679","ARTICLE","art_97","97","Commission reports","cpt_XI","296","[ARTICLE 97]","[ARTICLE 98]","349509","350842","D1_GDPR_32016R0679_official.xhtml#art_97","VALIDATED"
"D1_GDPR","32016R0679","ARTICLE","art_98","98","Review of other Union legal acts on data protection","cpt_XI","297","[ARTICLE 98]","[ARTICLE 99]","350843","351377","D1_GDPR_32016R0679_official.xhtml#art_98","VALIDATED"
"D1_GDPR","32016R0679","ARTICLE","art_99","99","Entry into force and application","cpt_XI","298","[ARTICLE 99]","[DOCUMENT_END]","351378","356632","D1_GDPR_32016R0679_official.xhtml#art_99","VALIDATED"
"D2_DSA","32022R2065","RECITAL","rct_1","1","","pbl_1","1","[RECITAL 1]","[RECITAL 2]","857","1765","D2_DSA_32022R2065_official.xhtml#rct_1","VALIDATED"
"D2_DSA","32022R2065","RECITAL","rct_2","2","","pbl_1","2","[RECITAL 2]","[RECITAL 3]","1766","2970","D2_DSA_32022R2065_official.xhtml#rct_2","VALIDATED"
"D2_DSA","32022R2065","RECITAL","rct_3","3","","pbl_1","3","[RECITAL 3]","[RECITAL 4]","2971","3494","D2_DSA_32022R2065_official.xhtml#rct_3","VALIDATED"
"D2_DSA","32022R2065","RECITAL","rct_4","4","","pbl_1","4","[RECITAL 4]","[RECITAL 5]","3495","4254","D2_DSA_32022R2065_official.xhtml#rct_4","VALIDATED"
"D2_DSA","32022R2065","RECITAL","rct_5","5","","pbl_1","5","[RECITAL 5]","[RECITAL 6]","4255","5049","D2_DSA_32022R2065_official.xhtml#rct_5","VALIDATED"
"D2_DSA","32022R2065","RECITAL","rct_6","6","","pbl_1","6","[RECITAL 6]","[RECITAL 7]","5050","5724","D2_DSA_32022R2065_official.xhtml#rct_6","VALIDATED"
"D2_DSA","32022R2065","RECITAL","rct_7","7","","pbl_1","7","[RECITAL 7]","[RECITAL 8]","5725","6105","D2_DSA_32022R2065_official.xhtml#rct_7","VALIDATED"
"D2_DSA","32022R2065","RECITAL","rct_8","8","","pbl_1","8","[RECITAL 8]","[RECITAL 9]","6106","7643","D2_DSA_32022R2065_official.xhtml#rct_8","VALIDATED"
"D2_DSA","32022R2065","RECITAL","rct_9","9","","pbl_1","9","[RECITAL 9]","[RECITAL 10]","7644","8864","D2_DSA_32022R2065_official.xhtml#rct_9","VALIDATED"
"D2_DSA","32022R2065","RECITAL","rct_10","10","","pbl_1","10","[RECITAL 10]","[RECITAL 11]","8865","11479","D2_DSA_32022R2065_official.xhtml#rct_10","VALIDATED"
"D2_DSA","32022R2065","RECITAL","rct_11","11","","pbl_1","11","[RECITAL 11]","[RECITAL 12]","11480","11812","D2_DSA_32022R2065_official.xhtml#rct_11","VALIDATED"
"D2_DSA","32022R2065","RECITAL","rct_12","12","","pbl_1","12","[RECITAL 12]","[RECITAL 13]","11813","13510","D2_DSA_32022R2065_official.xhtml#rct_12","VALIDATED"
"D2_DSA","32022R2065","RECITAL","rct_13","13","","pbl_1","13","[RECITAL 13]","[RECITAL 14]","13511","16033","D2_DSA_32022R2065_official.xhtml#rct_13","VALIDATED"
"D2_DSA","32022R2065","RECITAL","rct_14","14","","pbl_1","14","[RECITAL 14]","[RECITAL 15]","16034","17749","D2_DSA_32022R2065_official.xhtml#rct_14","VALIDATED"
"D2_DSA","32022R2065","RECITAL","rct_15","15","","pbl_1","15","[RECITAL 15]","[RECITAL 16]","17750","18093","D2_DSA_32022R2065_official.xhtml#rct_15","VALIDATED"
"D2_DSA","32022R2065","RECITAL","rct_16","16","","pbl_1","16","[RECITAL 16]","[RECITAL 17]","18094","18765","D2_DSA_32022R2065_official.xhtml#rct_16","VALIDATED"
"D2_DSA","32022R2065","RECITAL","rct_17","17","","pbl_1","17","[RECITAL 17]","[RECITAL 18]","18766","19467","D2_DSA_32022R2065_official.xhtml#rct_17","VALIDATED"
"D2_DSA","32022R2065","RECITAL","rct_18","18","","pbl_1","18","[RECITAL 18]","[RECITAL 19]","19468","20188","D2_DSA_32022R2065_official.xhtml#rct_18","VALIDATED"
"D2_DSA","32022R2065","RECITAL","rct_19","19","","pbl_1","19","[RECITAL 19]","[RECITAL 20]","20189","20642","D2_DSA_32022R2065_official.xhtml#rct_19","VALIDATED"
"D2_DSA","32022R2065","RECITAL","rct_20","20","","pbl_1","20","[RECITAL 20]","[RECITAL 21]","20643","21465","D2_DSA_32022R2065_official.xhtml#rct_20","VALIDATED"
"D2_DSA","32022R2065","RECITAL","rct_21","21","","pbl_1","21","[RECITAL 21]","[RECITAL 22]","21466","22094","D2_DSA_32022R2065_official.xhtml#rct_21","VALIDATED"
"D2_DSA","32022R2065","RECITAL","rct_22","22","","pbl_1","22","[RECITAL 22]","[RECITAL 23]","22095","23658","D2_DSA_32022R2065_official.xhtml#rct_22","VALIDATED"
"D2_DSA","32022R2065","RECITAL","rct_23","23","","pbl_1","23","[RECITAL 23]","[RECITAL 24]","23659","24130","D2_DSA_32022R2065_official.xhtml#rct_23","VALIDATED"
"D2_DSA","32022R2065","RECITAL","rct_24","24","","pbl_1","24","[RECITAL 24]","[RECITAL 25]","24131","25703","D2_DSA_32022R2065_official.xhtml#rct_24","VALIDATED"
"D2_DSA","32022R2065","RECITAL","rct_25","25","","pbl_1","25","[RECITAL 25]","[RECITAL 26]","25704","26267","D2_DSA_32022R2065_official.xhtml#rct_25","VALIDATED"
"D2_DSA","32022R2065","RECITAL","rct_26","26","","pbl_1","26","[RECITAL 26]","[RECITAL 27]","26268","28298","D2_DSA_32022R2065_official.xhtml#rct_26","VALIDATED"
"D2_DSA","32022R2065","RECITAL","rct_27","27","","pbl_1","27","[RECITAL 27]","[RECITAL 28]","28299","29910","D2_DSA_32022R2065_official.xhtml#rct_27","VALIDATED"
"D2_DSA","32022R2065","RECITAL","rct_28","28","","pbl_1","28","[RECITAL 28]","[RECITAL 29]","29911","31436","D2_DSA_32022R2065_official.xhtml#rct_28","VALIDATED"
"D2_DSA","32022R2065","RECITAL","rct_29","29","","pbl_1","29","[RECITAL 29]","[RECITAL 30]","31437","32955","D2_DSA_32022R2065_official.xhtml#rct_29","VALIDATED"
"D2_DSA","32022R2065","RECITAL","rct_30","30","","pbl_1","30","[RECITAL 30]","[RECITAL 31]","32956","33719","D2_DSA_32022R2065_official.xhtml#rct_30","VALIDATED"
"D2_DSA","32022R2065","RECITAL","rct_31","31","","pbl_1","31","[RECITAL 31]","[RECITAL 32]","33720","35160","D2_DSA_32022R2065_official.xhtml#rct_31","VALIDATED"
"D2_DSA","32022R2065","RECITAL","rct_32","32","","pbl_1","32","[RECITAL 32]","[RECITAL 33]","35161","36369","D2_DSA_32022R2065_official.xhtml#rct_32","VALIDATED"
"D2_DSA","32022R2065","RECITAL","rct_33","33","","pbl_1","33","[RECITAL 33]","[RECITAL 34]","36370","36604","D2_DSA_32022R2065_official.xhtml#rct_33","VALIDATED"
"D2_DSA","32022R2065","RECITAL","rct_34","34","","pbl_1","34","[RECITAL 34]","[RECITAL 35]","36605","39984","D2_DSA_32022R2065_official.xhtml#rct_34","VALIDATED"
"D2_DSA","32022R2065","RECITAL","rct_35","35","","pbl_1","35","[RECITAL 35]","[RECITAL 36]","39985","41140","D2_DSA_32022R2065_official.xhtml#rct_35","VALIDATED"
"D2_DSA","32022R2065","RECITAL","rct_36","36","","pbl_1","36","[RECITAL 36]","[RECITAL 37]","41141","42242","D2_DSA_32022R2065_official.xhtml#rct_36","VALIDATED"
"D2_DSA","32022R2065","RECITAL","rct_37","37","","pbl_1","37","[RECITAL 37]","[RECITAL 38]","42243","43040","D2_DSA_32022R2065_official.xhtml#rct_37","VALIDATED"
"D2_DSA","32022R2065","RECITAL","rct_38","38","","pbl_1","38","[RECITAL 38]","[RECITAL 39]","43041","44080","D2_DSA_32022R2065_official.xhtml#rct_38","VALIDATED"
"D2_DSA","32022R2065","RECITAL","rct_39","39","","pbl_1","39","[RECITAL 39]","[RECITAL 40]","44081","45295","D2_DSA_32022R2065_official.xhtml#rct_39","VALIDATED"
"D2_DSA","32022R2065","RECITAL","rct_40","40","","pbl_1","40","[RECITAL 40]","[RECITAL 41]","45296","46199","D2_DSA_32022R2065_official.xhtml#rct_40","VALIDATED"
"D2_DSA","32022R2065","RECITAL","rct_41","41","","pbl_1","41","[RECITAL 41]","[RECITAL 42]","46200","47422","D2_DSA_32022R2065_official.xhtml#rct_41","VALIDATED"
"D2_DSA","32022R2065","RECITAL","rct_42","42","","pbl_1","42","[RECITAL 42]","[RECITAL 43]","47423","48934","D2_DSA_32022R2065_official.xhtml#rct_42","VALIDATED"
"D2_DSA","32022R2065","RECITAL","rct_43","43","","pbl_1","43","[RECITAL 43]","[RECITAL 44]","48935","49762","D2_DSA_32022R2065_official.xhtml#rct_43","VALIDATED"
"D2_DSA","32022R2065","RECITAL","rct_44","44","","pbl_1","44","[RECITAL 44]","[RECITAL 45]","49763","51184","D2_DSA_32022R2065_official.xhtml#rct_44","VALIDATED"
"D2_DSA","32022R2065","RECITAL","rct_45","45","","pbl_1","45","[RECITAL 45]","[RECITAL 46]","51185","52706","D2_DSA_32022R2065_official.xhtml#rct_45","VALIDATED"
"D2_DSA","32022R2065","RECITAL","rct_46","46","","pbl_1","46","[RECITAL 46]","[RECITAL 47]","52707","53024","D2_DSA_32022R2065_official.xhtml#rct_46","VALIDATED"
"D2_DSA","32022R2065","RECITAL","rct_47","47","","pbl_1","47","[RECITAL 47]","[RECITAL 48]","53025","53737","D2_DSA_32022R2065_official.xhtml#rct_47","VALIDATED"
"D2_DSA","32022R2065","RECITAL","rct_48","48","","pbl_1","48","[RECITAL 48]","[RECITAL 49]","53738","54496","D2_DSA_32022R2065_official.xhtml#rct_48","VALIDATED"
"D2_DSA","32022R2065","RECITAL","rct_49","49","","pbl_1","49","[RECITAL 49]","[RECITAL 50]","54497","55228","D2_DSA_32022R2065_official.xhtml#rct_49","VALIDATED"
"D2_DSA","32022R2065","RECITAL","rct_50","50","","pbl_1","50","[RECITAL 50]","[RECITAL 51]","55229","57128","D2_DSA_32022R2065_official.xhtml#rct_50","VALIDATED"
"D2_DSA","32022R2065","RECITAL","rct_51","51","","pbl_1","51","[RECITAL 51]","[RECITAL 52]","57129","58053","D2_DSA_32022R2065_official.xhtml#rct_51","VALIDATED"
"D2_DSA","32022R2065","RECITAL","rct_52","52","","pbl_1","52","[RECITAL 52]","[RECITAL 53]","58054","59739","D2_DSA_32022R2065_official.xhtml#rct_52","VALIDATED"
"D2_DSA","32022R2065","RECITAL","rct_53","53","","pbl_1","53","[RECITAL 53]","[RECITAL 54]","59740","61097","D2_DSA_32022R2065_official.xhtml#rct_53","VALIDATED"
"D2_DSA","32022R2065","RECITAL","rct_54","54","","pbl_1","54","[RECITAL 54]","[RECITAL 55]","61098","62522","D2_DSA_32022R2065_official.xhtml#rct_54","VALIDATED"
"D2_DSA","32022R2065","RECITAL","rct_55","55","","pbl_1","55","[RECITAL 55]","[RECITAL 56]","62523","63558","D2_DSA_32022R2065_official.xhtml#rct_55","VALIDATED"
"D2_DSA","32022R2065","RECITAL","rct_56","56","","pbl_1","56","[RECITAL 56]","[RECITAL 57]","63559","65452","D2_DSA_32022R2065_official.xhtml#rct_56","VALIDATED"
"D2_DSA","32022R2065","RECITAL","rct_57","57","","pbl_1","57","[RECITAL 57]","[RECITAL 58]","65453","66953","D2_DSA_32022R2065_official.xhtml#rct_57","VALIDATED"
"D2_DSA","32022R2065","RECITAL","rct_58","58","","pbl_1","58","[RECITAL 58]","[RECITAL 59]","66954","68477","D2_DSA_32022R2065_official.xhtml#rct_58","VALIDATED"
"D2_DSA","32022R2065","RECITAL","rct_59","59","","pbl_1","59","[RECITAL 59]","[RECITAL 60]","68478","70861","D2_DSA_32022R2065_official.xhtml#rct_59","VALIDATED"
"D2_DSA","32022R2065","RECITAL","rct_60","60","","pbl_1","60","[RECITAL 60]","[RECITAL 61]","70862","71453","D2_DSA_32022R2065_official.xhtml#rct_60","VALIDATED"
"D2_DSA","32022R2065","RECITAL","rct_61","61","","pbl_1","61","[RECITAL 61]","[RECITAL 62]","71454","73399","D2_DSA_32022R2065_official.xhtml#rct_61","VALIDATED"
"D2_DSA","32022R2065","RECITAL","rct_62","62","","pbl_1","62","[RECITAL 62]","[RECITAL 63]","73400","75646","D2_DSA_32022R2065_official.xhtml#rct_62","VALIDATED"
"D2_DSA","32022R2065","RECITAL","rct_63","63","","pbl_1","63","[RECITAL 63]","[RECITAL 64]","75647","76612","D2_DSA_32022R2065_official.xhtml#rct_63","VALIDATED"
"D2_DSA","32022R2065","RECITAL","rct_64","64","","pbl_1","64","[RECITAL 64]","[RECITAL 65]","76613","78294","D2_DSA_32022R2065_official.xhtml#rct_64","VALIDATED"
"D2_DSA","32022R2065","RECITAL","rct_65","65","","pbl_1","65","[RECITAL 65]","[RECITAL 66]","78295","79112","D2_DSA_32022R2065_official.xhtml#rct_65","VALIDATED"
"D2_DSA","32022R2065","RECITAL","rct_66","66","","pbl_1","66","[RECITAL 66]","[RECITAL 67]","79113","80038","D2_DSA_32022R2065_official.xhtml#rct_66","VALIDATED"
"D2_DSA","32022R2065","RECITAL","rct_67","67","","pbl_1","67","[RECITAL 67]","[RECITAL 68]","80039","82539","D2_DSA_32022R2065_official.xhtml#rct_67","VALIDATED"
"D2_DSA","32022R2065","RECITAL","rct_68","68","","pbl_1","68","[RECITAL 68]","[RECITAL 69]","82540","85434","D2_DSA_32022R2065_official.xhtml#rct_68","VALIDATED"
"D2_DSA","32022R2065","RECITAL","rct_69","69","","pbl_1","69","[RECITAL 69]","[RECITAL 70]","85435","86583","D2_DSA_32022R2065_official.xhtml#rct_69","VALIDATED"
"D2_DSA","32022R2065","RECITAL","rct_70","70","","pbl_1","70","[RECITAL 70]","[RECITAL 71]","86584","88192","D2_DSA_32022R2065_official.xhtml#rct_70","VALIDATED"
"D2_DSA","32022R2065","RECITAL","rct_71","71","","pbl_1","71","[RECITAL 71]","[RECITAL 72]","88193","90109","D2_DSA_32022R2065_official.xhtml#rct_71","VALIDATED"
"D2_DSA","32022R2065","RECITAL","rct_72","72","","pbl_1","72","[RECITAL 72]","[RECITAL 73]","90110","92649","D2_DSA_32022R2065_official.xhtml#rct_72","VALIDATED"
"D2_DSA","32022R2065","RECITAL","rct_73","73","","pbl_1","73","[RECITAL 73]","[RECITAL 74]","92650","93916","D2_DSA_32022R2065_official.xhtml#rct_73","VALIDATED"
"D2_DSA","32022R2065","RECITAL","rct_74","74","","pbl_1","74","[RECITAL 74]","[RECITAL 75]","93917","95919","D2_DSA_32022R2065_official.xhtml#rct_74","VALIDATED"
"D2_DSA","32022R2065","RECITAL","rct_75","75","","pbl_1","75","[RECITAL 75]","[RECITAL 76]","95920","96930","D2_DSA_32022R2065_official.xhtml#rct_75","VALIDATED"
"D2_DSA","32022R2065","RECITAL","rct_76","76","","pbl_1","76","[RECITAL 76]","[RECITAL 77]","96931","98027","D2_DSA_32022R2065_official.xhtml#rct_76","VALIDATED"
"D2_DSA","32022R2065","RECITAL","rct_77","77","","pbl_1","77","[RECITAL 77]","[RECITAL 78]","98028","100816","D2_DSA_32022R2065_official.xhtml#rct_77","VALIDATED"
"D2_DSA","32022R2065","RECITAL","rct_78","78","","pbl_1","78","[RECITAL 78]","[RECITAL 79]","100817","102002","D2_DSA_32022R2065_official.xhtml#rct_78","VALIDATED"
"D2_DSA","32022R2065","RECITAL","rct_79","79","","pbl_1","79","[RECITAL 79]","[RECITAL 80]","102003","103315","D2_DSA_32022R2065_official.xhtml#rct_79","VALIDATED"
"D2_DSA","32022R2065","RECITAL","rct_80","80","","pbl_1","80","[RECITAL 80]","[RECITAL 81]","103316","104659","D2_DSA_32022R2065_official.xhtml#rct_80","VALIDATED"
"D2_DSA","32022R2065","RECITAL","rct_81","81","","pbl_1","81","[RECITAL 81]","[RECITAL 82]","104660","105974","D2_DSA_32022R2065_official.xhtml#rct_81","VALIDATED"
"D2_DSA","32022R2065","RECITAL","rct_82","82","","pbl_1","82","[RECITAL 82]","[RECITAL 83]","105975","106167","D2_DSA_32022R2065_official.xhtml#rct_82","VALIDATED"
"D2_DSA","32022R2065","RECITAL","rct_83","83","","pbl_1","83","[RECITAL 83]","[RECITAL 84]","106168","106785","D2_DSA_32022R2065_official.xhtml#rct_83","VALIDATED"
"D2_DSA","32022R2065","RECITAL","rct_84","84","","pbl_1","84","[RECITAL 84]","[RECITAL 85]","106786","108865","D2_DSA_32022R2065_official.xhtml#rct_84","VALIDATED"
"D2_DSA","32022R2065","RECITAL","rct_85","85","","pbl_1","85","[RECITAL 85]","[RECITAL 86]","108866","109384","D2_DSA_32022R2065_official.xhtml#rct_85","VALIDATED"
"D2_DSA","32022R2065","RECITAL","rct_86","86","","pbl_1","86","[RECITAL 86]","[RECITAL 87]","109385","110209","D2_DSA_32022R2065_official.xhtml#rct_86","VALIDATED"
"D2_DSA","32022R2065","RECITAL","rct_87","87","","pbl_1","87","[RECITAL 87]","[RECITAL 88]","110210","112070","D2_DSA_32022R2065_official.xhtml#rct_87","VALIDATED"
"D2_DSA","32022R2065","RECITAL","rct_88","88","","pbl_1","88","[RECITAL 88]","[RECITAL 89]","112071","113562","D2_DSA_32022R2065_official.xhtml#rct_88","VALIDATED"
"D2_DSA","32022R2065","RECITAL","rct_89","89","","pbl_1","89","[RECITAL 89]","[RECITAL 90]","113563","114569","D2_DSA_32022R2065_official.xhtml#rct_89","VALIDATED"
"D2_DSA","32022R2065","RECITAL","rct_90","90","","pbl_1","90","[RECITAL 90]","[RECITAL 91]","114570","115621","D2_DSA_32022R2065_official.xhtml#rct_90","VALIDATED"
"D2_DSA","32022R2065","RECITAL","rct_91","91","","pbl_1","91","[RECITAL 91]","[RECITAL 92]","115622","117661","D2_DSA_32022R2065_official.xhtml#rct_91","VALIDATED"
"D2_DSA","32022R2065","RECITAL","rct_92","92","","pbl_1","92","[RECITAL 92]","[RECITAL 93]","117662","119769","D2_DSA_32022R2065_official.xhtml#rct_92","VALIDATED"
"D2_DSA","32022R2065","RECITAL","rct_93","93","","pbl_1","93","[RECITAL 93]","[RECITAL 94]","119770","121989","D2_DSA_32022R2065_official.xhtml#rct_93","VALIDATED"
"D2_DSA","32022R2065","RECITAL","rct_94","94","","pbl_1","94","[RECITAL 94]","[RECITAL 95]","121990","123180","D2_DSA_32022R2065_official.xhtml#rct_94","VALIDATED"
"D2_DSA","32022R2065","RECITAL","rct_95","95","","pbl_1","95","[RECITAL 95]","[RECITAL 96]","123181","124623","D2_DSA_32022R2065_official.xhtml#rct_95","VALIDATED"
"D2_DSA","32022R2065","RECITAL","rct_96","96","","pbl_1","96","[RECITAL 96]","[RECITAL 97]","124624","126129","D2_DSA_32022R2065_official.xhtml#rct_96","VALIDATED"
"D2_DSA","32022R2065","RECITAL","rct_97","97","","pbl_1","97","[RECITAL 97]","[RECITAL 98]","126130","127788","D2_DSA_32022R2065_official.xhtml#rct_97","VALIDATED"
"D2_DSA","32022R2065","RECITAL","rct_98","98","","pbl_1","98","[RECITAL 98]","[RECITAL 99]","127789","129083","D2_DSA_32022R2065_official.xhtml#rct_98","VALIDATED"
"D2_DSA","32022R2065","RECITAL","rct_99","99","","pbl_1","99","[RECITAL 99]","[RECITAL 100]","129084","130357","D2_DSA_32022R2065_official.xhtml#rct_99","VALIDATED"
"D2_DSA","32022R2065","RECITAL","rct_100","100","","pbl_1","100","[RECITAL 100]","[RECITAL 101]","130358","130761","D2_DSA_32022R2065_official.xhtml#rct_100","VALIDATED"
"D2_DSA","32022R2065","RECITAL","rct_101","101","","pbl_1","101","[RECITAL 101]","[RECITAL 102]","130762","133673","D2_DSA_32022R2065_official.xhtml#rct_101","VALIDATED"
"D2_DSA","32022R2065","RECITAL","rct_102","102","","pbl_1","102","[RECITAL 102]","[RECITAL 103]","133674","134901","D2_DSA_32022R2065_official.xhtml#rct_102","VALIDATED"
"D2_DSA","32022R2065","RECITAL","rct_103","103","","pbl_1","103","[RECITAL 103]","[RECITAL 104]","134902","136275","D2_DSA_32022R2065_official.xhtml#rct_103","VALIDATED"
"D2_DSA","32022R2065","RECITAL","rct_104","104","","pbl_1","104","[RECITAL 104]","[RECITAL 105]","136276","137829","D2_DSA_32022R2065_official.xhtml#rct_104","VALIDATED"
"D2_DSA","32022R2065","RECITAL","rct_105","105","","pbl_1","105","[RECITAL 105]","[RECITAL 106]","137830","138399","D2_DSA_32022R2065_official.xhtml#rct_105","VALIDATED"
"D2_DSA","32022R2065","RECITAL","rct_106","106","","pbl_1","106","[RECITAL 106]","[RECITAL 107]","138400","138973","D2_DSA_32022R2065_official.xhtml#rct_106","VALIDATED"
"D2_DSA","32022R2065","RECITAL","rct_107","107","","pbl_1","107","[RECITAL 107]","[RECITAL 108]","138974","140618","D2_DSA_32022R2065_official.xhtml#rct_107","VALIDATED"
"D2_DSA","32022R2065","RECITAL","rct_108","108","","pbl_1","108","[RECITAL 108]","[RECITAL 109]","140619","141882","D2_DSA_32022R2065_official.xhtml#rct_108","VALIDATED"
"D2_DSA","32022R2065","RECITAL","rct_109","109","","pbl_1","109","[RECITAL 109]","[RECITAL 110]","141883","143519","D2_DSA_32022R2065_official.xhtml#rct_109","VALIDATED"
"D2_DSA","32022R2065","RECITAL","rct_110","110","","pbl_1","110","[RECITAL 110]","[RECITAL 111]","143520","145511","D2_DSA_32022R2065_official.xhtml#rct_110","VALIDATED"
"D2_DSA","32022R2065","RECITAL","rct_111","111","","pbl_1","111","[RECITAL 111]","[RECITAL 112]","145512","147421","D2_DSA_32022R2065_official.xhtml#rct_111","VALIDATED"
"D2_DSA","32022R2065","RECITAL","rct_112","112","","pbl_1","112","[RECITAL 112]","[RECITAL 113]","147422","148672","D2_DSA_32022R2065_official.xhtml#rct_112","VALIDATED"
"D2_DSA","32022R2065","RECITAL","rct_113","113","","pbl_1","113","[RECITAL 113]","[RECITAL 114]","148673","149635","D2_DSA_32022R2065_official.xhtml#rct_113","VALIDATED"
"D2_DSA","32022R2065","RECITAL","rct_114","114","","pbl_1","114","[RECITAL 114]","[RECITAL 115]","149636","150820","D2_DSA_32022R2065_official.xhtml#rct_114","VALIDATED"
"D2_DSA","32022R2065","RECITAL","rct_115","115","","pbl_1","115","[RECITAL 115]","[RECITAL 116]","150821","151182","D2_DSA_32022R2065_official.xhtml#rct_115","VALIDATED"
"D2_DSA","32022R2065","RECITAL","rct_116","116","","pbl_1","116","[RECITAL 116]","[RECITAL 117]","151183","152699","D2_DSA_32022R2065_official.xhtml#rct_116","VALIDATED"
"D2_DSA","32022R2065","RECITAL","rct_117","117","","pbl_1","117","[RECITAL 117]","[RECITAL 118]","152700","154181","D2_DSA_32022R2065_official.xhtml#rct_117","VALIDATED"
"D2_DSA","32022R2065","RECITAL","rct_118","118","","pbl_1","118","[RECITAL 118]","[RECITAL 119]","154182","155231","D2_DSA_32022R2065_official.xhtml#rct_118","VALIDATED"
"D2_DSA","32022R2065","RECITAL","rct_119","119","","pbl_1","119","[RECITAL 119]","[RECITAL 120]","155232","156244","D2_DSA_32022R2065_official.xhtml#rct_119","VALIDATED"
"D2_DSA","32022R2065","RECITAL","rct_120","120","","pbl_1","120","[RECITAL 120]","[RECITAL 121]","156245","156699","D2_DSA_32022R2065_official.xhtml#rct_120","VALIDATED"
"D2_DSA","32022R2065","RECITAL","rct_121","121","","pbl_1","121","[RECITAL 121]","[RECITAL 122]","156700","157334","D2_DSA_32022R2065_official.xhtml#rct_121","VALIDATED"
"D2_DSA","32022R2065","RECITAL","rct_122","122","","pbl_1","122","[RECITAL 122]","[RECITAL 123]","157335","158320","D2_DSA_32022R2065_official.xhtml#rct_122","VALIDATED"
"D2_DSA","32022R2065","RECITAL","rct_123","123","","pbl_1","123","[RECITAL 123]","[RECITAL 124]","158321","160023","D2_DSA_32022R2065_official.xhtml#rct_123","VALIDATED"
"D2_DSA","32022R2065","RECITAL","rct_124","124","","pbl_1","124","[RECITAL 124]","[RECITAL 125]","160024","161037","D2_DSA_32022R2065_official.xhtml#rct_124","VALIDATED"
"D2_DSA","32022R2065","RECITAL","rct_125","125","","pbl_1","125","[RECITAL 125]","[RECITAL 126]","161038","162642","D2_DSA_32022R2065_official.xhtml#rct_125","VALIDATED"
"D2_DSA","32022R2065","RECITAL","rct_126","126","","pbl_1","126","[RECITAL 126]","[RECITAL 127]","162643","163487","D2_DSA_32022R2065_official.xhtml#rct_126","VALIDATED"
"D2_DSA","32022R2065","RECITAL","rct_127","127","","pbl_1","127","[RECITAL 127]","[RECITAL 128]","163488","165114","D2_DSA_32022R2065_official.xhtml#rct_127","VALIDATED"
"D2_DSA","32022R2065","RECITAL","rct_128","128","","pbl_1","128","[RECITAL 128]","[RECITAL 129]","165115","166262","D2_DSA_32022R2065_official.xhtml#rct_128","VALIDATED"
"D2_DSA","32022R2065","RECITAL","rct_129","129","","pbl_1","129","[RECITAL 129]","[RECITAL 130]","166263","167317","D2_DSA_32022R2065_official.xhtml#rct_129","VALIDATED"
"D2_DSA","32022R2065","RECITAL","rct_130","130","","pbl_1","130","[RECITAL 130]","[RECITAL 131]","167318","169510","D2_DSA_32022R2065_official.xhtml#rct_130","VALIDATED"
"D2_DSA","32022R2065","RECITAL","rct_131","131","","pbl_1","131","[RECITAL 131]","[RECITAL 132]","169511","170339","D2_DSA_32022R2065_official.xhtml#rct_131","VALIDATED"
"D2_DSA","32022R2065","RECITAL","rct_132","132","","pbl_1","132","[RECITAL 132]","[RECITAL 133]","170340","171175","D2_DSA_32022R2065_official.xhtml#rct_132","VALIDATED"
"D2_DSA","32022R2065","RECITAL","rct_133","133","","pbl_1","133","[RECITAL 133]","[RECITAL 134]","171176","171593","D2_DSA_32022R2065_official.xhtml#rct_133","VALIDATED"
"D2_DSA","32022R2065","RECITAL","rct_134","134","","pbl_1","134","[RECITAL 134]","[RECITAL 135]","171594","172448","D2_DSA_32022R2065_official.xhtml#rct_134","VALIDATED"
"D2_DSA","32022R2065","RECITAL","rct_135","135","","pbl_1","135","[RECITAL 135]","[RECITAL 136]","172449","172824","D2_DSA_32022R2065_official.xhtml#rct_135","VALIDATED"
"D2_DSA","32022R2065","RECITAL","rct_136","136","","pbl_1","136","[RECITAL 136]","[RECITAL 137]","172825","173192","D2_DSA_32022R2065_official.xhtml#rct_136","VALIDATED"
"D2_DSA","32022R2065","RECITAL","rct_137","137","","pbl_1","137","[RECITAL 137]","[RECITAL 138]","173193","175072","D2_DSA_32022R2065_official.xhtml#rct_137","VALIDATED"
"D2_DSA","32022R2065","RECITAL","rct_138","138","","pbl_1","138","[RECITAL 138]","[RECITAL 139]","175073","176220","D2_DSA_32022R2065_official.xhtml#rct_138","VALIDATED"
"D2_DSA","32022R2065","RECITAL","rct_139","139","","pbl_1","139","[RECITAL 139]","[RECITAL 140]","176221","178414","D2_DSA_32022R2065_official.xhtml#rct_139","VALIDATED"
"D2_DSA","32022R2065","RECITAL","rct_140","140","","pbl_1","140","[RECITAL 140]","[RECITAL 141]","178415","179111","D2_DSA_32022R2065_official.xhtml#rct_140","VALIDATED"
"D2_DSA","32022R2065","RECITAL","rct_141","141","","pbl_1","141","[RECITAL 141]","[RECITAL 142]","179112","181249","D2_DSA_32022R2065_official.xhtml#rct_141","VALIDATED"
"D2_DSA","32022R2065","RECITAL","rct_142","142","","pbl_1","142","[RECITAL 142]","[RECITAL 143]","181250","182288","D2_DSA_32022R2065_official.xhtml#rct_142","VALIDATED"
"D2_DSA","32022R2065","RECITAL","rct_143","143","","pbl_1","143","[RECITAL 143]","[RECITAL 144]","182289","182816","D2_DSA_32022R2065_official.xhtml#rct_143","VALIDATED"
"D2_DSA","32022R2065","RECITAL","rct_144","144","","pbl_1","144","[RECITAL 144]","[RECITAL 145]","182817","184112","D2_DSA_32022R2065_official.xhtml#rct_144","VALIDATED"
"D2_DSA","32022R2065","RECITAL","rct_145","145","","pbl_1","145","[RECITAL 145]","[RECITAL 146]","184113","186059","D2_DSA_32022R2065_official.xhtml#rct_145","VALIDATED"
"D2_DSA","32022R2065","RECITAL","rct_146","146","","pbl_1","146","[RECITAL 146]","[RECITAL 147]","186060","186899","D2_DSA_32022R2065_official.xhtml#rct_146","VALIDATED"
"D2_DSA","32022R2065","RECITAL","rct_147","147","","pbl_1","147","[RECITAL 147]","[RECITAL 148]","186900","187278","D2_DSA_32022R2065_official.xhtml#rct_147","VALIDATED"
"D2_DSA","32022R2065","RECITAL","rct_148","148","","pbl_1","148","[RECITAL 148]","[RECITAL 149]","187279","188270","D2_DSA_32022R2065_official.xhtml#rct_148","VALIDATED"
"D2_DSA","32022R2065","RECITAL","rct_149","149","","pbl_1","149","[RECITAL 149]","[RECITAL 150]","188271","189331","D2_DSA_32022R2065_official.xhtml#rct_149","VALIDATED"
"D2_DSA","32022R2065","RECITAL","rct_150","150","","pbl_1","150","[RECITAL 150]","[RECITAL 151]","189332","190613","D2_DSA_32022R2065_official.xhtml#rct_150","VALIDATED"
"D2_DSA","32022R2065","RECITAL","rct_151","151","","pbl_1","151","[RECITAL 151]","[RECITAL 152]","190614","191630","D2_DSA_32022R2065_official.xhtml#rct_151","VALIDATED"
"D2_DSA","32022R2065","RECITAL","rct_152","152","","pbl_1","152","[RECITAL 152]","[RECITAL 153]","191631","192787","D2_DSA_32022R2065_official.xhtml#rct_152","VALIDATED"
"D2_DSA","32022R2065","RECITAL","rct_153","153","","pbl_1","153","[RECITAL 153]","[RECITAL 154]","192788","193435","D2_DSA_32022R2065_official.xhtml#rct_153","VALIDATED"
"D2_DSA","32022R2065","RECITAL","rct_154","154","","pbl_1","154","[RECITAL 154]","[RECITAL 155]","193436","193812","D2_DSA_32022R2065_official.xhtml#rct_154","VALIDATED"
"D2_DSA","32022R2065","RECITAL","rct_155","155","","pbl_1","155","[RECITAL 155]","[RECITAL 156]","193813","194637","D2_DSA_32022R2065_official.xhtml#rct_155","VALIDATED"
"D2_DSA","32022R2065","RECITAL","rct_156","156","","pbl_1","156","[RECITAL 156]","[CHAPTER I]","194638","194939","D2_DSA_32022R2065_official.xhtml#rct_156","VALIDATED"
"D2_DSA","32022R2065","CHAPTER","cpt_I","I","GENERAL PROVISIONS","","157","[CHAPTER I]","[ARTICLE 1]","194940","194983","D2_DSA_32022R2065_official.xhtml#cpt_I","VALIDATED"
"D2_DSA","32022R2065","ARTICLE","art_1","1","Subject matter","cpt_I","158","[ARTICLE 1]","[ARTICLE 2]","194984","195931","D2_DSA_32022R2065_official.xhtml#art_1","VALIDATED"
"D2_DSA","32022R2065","ARTICLE","art_2","2","Scope","cpt_I","159","[ARTICLE 2]","[ARTICLE 3]","195932","197824","D2_DSA_32022R2065_official.xhtml#art_2","VALIDATED"
"D2_DSA","32022R2065","ARTICLE","art_3","3","Definitions","cpt_I","160","[ARTICLE 3]","[CHAPTER II]","197825","204669","D2_DSA_32022R2065_official.xhtml#art_3","VALIDATED"
"D2_DSA","32022R2065","CHAPTER","cpt_II","II","LIABILITY OF PROVIDERS OF INTERMEDIARY SERVICES","","161","[CHAPTER II]","[ARTICLE 4]","204670","204744","D2_DSA_32022R2065_official.xhtml#cpt_II","VALIDATED"
"D2_DSA","32022R2065","ARTICLE","art_4","4","‘Mere conduit’","cpt_II","162","[ARTICLE 4]","[ARTICLE 5]","204745","205937","D2_DSA_32022R2065_official.xhtml#art_4","VALIDATED"
"D2_DSA","32022R2065","ARTICLE","art_5","5","‘Caching’","cpt_II","163","[ARTICLE 5]","[ARTICLE 6]","205938","207408","D2_DSA_32022R2065_official.xhtml#art_5","VALIDATED"
"D2_DSA","32022R2065","ARTICLE","art_6","6","Hosting","cpt_II","164","[ARTICLE 6]","[ARTICLE 7]","207409","208988","D2_DSA_32022R2065_official.xhtml#art_6","VALIDATED"
"D2_DSA","32022R2065","ARTICLE","art_7","7","Voluntary own-initiative investigations and legal compliance","cpt_II","165","[ARTICLE 7]","[ARTICLE 8]","208989","209615","D2_DSA_32022R2065_official.xhtml#art_7","VALIDATED"
"D2_DSA","32022R2065","ARTICLE","art_8","8","No general monitoring or active fact-finding obligations","cpt_II","166","[ARTICLE 8]","[ARTICLE 9]","209616","209916","D2_DSA_32022R2065_official.xhtml#art_8","VALIDATED"
"D2_DSA","32022R2065","ARTICLE","art_9","9","Orders to act against illegal content","cpt_II","167","[ARTICLE 9]","[ARTICLE 10]","209917","213789","D2_DSA_32022R2065_official.xhtml#art_9","VALIDATED"
"D2_DSA","32022R2065","ARTICLE","art_10","10","Orders to provide information","cpt_II","168","[ARTICLE 10]","[CHAPTER III]","213790","217789","D2_DSA_32022R2065_official.xhtml#art_10","VALIDATED"
"D2_DSA","32022R2065","CHAPTER","cpt_III","III","DUE DILIGENCE OBLIGATIONS FOR A TRANSPARENT AND SAFE ONLINE ENVIRONMENT","","169","[CHAPTER III]","[SECTION 1]","217790","217890","D2_DSA_32022R2065_official.xhtml#cpt_III","VALIDATED"
"D2_DSA","32022R2065","SECTION","cpt_IV.sct_1","1","Competent authorities and national Digital Services Coordinators","cpt_IV","170","[SECTION 1]","[SECTION 1]","217891","217890","D2_DSA_32022R2065_official.xhtml#cpt_IV.sct_1","VALIDATED"
"D2_DSA","32022R2065","SECTION","cpt_III.sct_1","1","Provisions applicable to all providers of intermediary services","cpt_III","171","[SECTION 1]","[ARTICLE 11]","217891","217979","D2_DSA_32022R2065_official.xhtml#cpt_III.sct_1","VALIDATED"
"D2_DSA","32022R2065","ARTICLE","art_11","11","Points of contact for Member States’ authorities, the Commission and the Board","cpt_III.sct_1","172","[ARTICLE 11]","[ARTICLE 12]","217980","219117","D2_DSA_32022R2065_official.xhtml#art_11","VALIDATED"
"D2_DSA","32022R2065","ARTICLE","art_12","12","Points of contact for recipients of the service","cpt_III.sct_1","173","[ARTICLE 12]","[ARTICLE 13]","219118","219882","D2_DSA_32022R2065_official.xhtml#art_12","VALIDATED"
"D2_DSA","32022R2065","ARTICLE","art_13","13","Legal representatives","cpt_III.sct_1","174","[ARTICLE 13]","[ARTICLE 14]","219883","221642","D2_DSA_32022R2065_official.xhtml#art_13","VALIDATED"
"D2_DSA","32022R2065","ARTICLE","art_14","14","Terms and conditions","cpt_III.sct_1","175","[ARTICLE 14]","[ARTICLE 15]","221643","223771","D2_DSA_32022R2065_official.xhtml#art_14","VALIDATED"
"D2_DSA","32022R2065","ARTICLE","art_15","15","Transparency reporting obligations for providers of intermediary services","cpt_III.sct_1","176","[ARTICLE 15]","[SECTION 2]","223772","227266","D2_DSA_32022R2065_official.xhtml#art_15","VALIDATED"
"D2_DSA","32022R2065","SECTION","cpt_IV.sct_2","2","Competences, coordinated investigation and consistency mechanisms","cpt_IV","177","[SECTION 2]","[SECTION 2]","227267","227266","D2_DSA_32022R2065_official.xhtml#cpt_IV.sct_2","VALIDATED"
"D2_DSA","32022R2065","SECTION","cpt_III.sct_2","2","Additional provisions applicable to providers of hosting services, including online platforms","cpt_III","178","[SECTION 2]","[ARTICLE 16]","227267","227385","D2_DSA_32022R2065_official.xhtml#cpt_III.sct_2","VALIDATED"
"D2_DSA","32022R2065","ARTICLE","art_16","16","Notice and action mechanisms","cpt_III.sct_2","179","[ARTICLE 16]","[ARTICLE 17]","227386","230259","D2_DSA_32022R2065_official.xhtml#art_16","VALIDATED"
"D2_DSA","32022R2065","ARTICLE","art_17","17","Statement of reasons","cpt_III.sct_2","180","[ARTICLE 17]","[ARTICLE 18]","230260","233704","D2_DSA_32022R2065_official.xhtml#art_17","VALIDATED"
"D2_DSA","32022R2065","ARTICLE","art_18","18","Notification of suspicions of criminal offences","cpt_III.sct_2","181","[ARTICLE 18]","[SECTION 3]","233705","234855","D2_DSA_32022R2065_official.xhtml#art_18","VALIDATED"
"D2_DSA","32022R2065","SECTION","cpt_IV.sct_3","3","European Board for Digital Services","cpt_IV","182","[SECTION 3]","[SECTION 3]","234856","234855","D2_DSA_32022R2065_official.xhtml#cpt_IV.sct_3","VALIDATED"
"D2_DSA","32022R2065","SECTION","cpt_III.sct_3","3","Additional provisions applicable to providers of online platforms","cpt_III","183","[SECTION 3]","[ARTICLE 19]","234856","234946","D2_DSA_32022R2065_official.xhtml#cpt_III.sct_3","VALIDATED"
"D2_DSA","32022R2065","ARTICLE","art_19","19","Exclusion for micro and small enterprises","cpt_III.sct_3","184","[ARTICLE 19]","[ARTICLE 20]","234947","235871","D2_DSA_32022R2065_official.xhtml#art_19","VALIDATED"
"D2_DSA","32022R2065","ARTICLE","art_20","20","Internal complaint-handling system","cpt_III.sct_3","185","[ARTICLE 20]","[ARTICLE 21]","235872","238674","D2_DSA_32022R2065_official.xhtml#art_20","VALIDATED"
"D2_DSA","32022R2065","ARTICLE","art_21","21","Out-of-court dispute settlement","cpt_III.sct_3","186","[ARTICLE 21]","[ARTICLE 22]","238675","247223","D2_DSA_32022R2065_official.xhtml#art_21","VALIDATED"
"D2_DSA","32022R2065","ARTICLE","art_22","22","Trusted flaggers","cpt_III.sct_3","187","[ARTICLE 22]","[ARTICLE 23]","247224","251248","D2_DSA_32022R2065_official.xhtml#art_22","VALIDATED"
"D2_DSA","32022R2065","ARTICLE","art_23","23","Measures and protection against misuse","cpt_III.sct_3","188","[ARTICLE 23]","[ARTICLE 24]","251249","253358","D2_DSA_32022R2065_official.xhtml#art_23","VALIDATED"
"D2_DSA","32022R2065","ARTICLE","art_24","24","Transparency reporting obligations for providers of online platforms","cpt_III.sct_3","189","[ARTICLE 24]","[ARTICLE 25]","253359","256375","D2_DSA_32022R2065_official.xhtml#art_24","VALIDATED"
"D2_DSA","32022R2065","ARTICLE","art_25","25","Online interface design and organisation","cpt_III.sct_3","190","[ARTICLE 25]","[ARTICLE 26]","256376","257363","D2_DSA_32022R2065_official.xhtml#art_25","VALIDATED"
"D2_DSA","32022R2065","ARTICLE","art_26","26","Advertising on online platforms","cpt_III.sct_3","191","[ARTICLE 26]","[ARTICLE 27]","257364","259261","D2_DSA_32022R2065_official.xhtml#art_26","VALIDATED"
"D2_DSA","32022R2065","ARTICLE","art_27","27","Recommender system transparency","cpt_III.sct_3","192","[ARTICLE 27]","[ARTICLE 28]","259262","260495","D2_DSA_32022R2065_official.xhtml#art_27","VALIDATED"
"D2_DSA","32022R2065","ARTICLE","art_28","28","Online protection of minors","cpt_III.sct_3","193","[ARTICLE 28]","[SECTION 4]","260496","261415","D2_DSA_32022R2065_official.xhtml#art_28","VALIDATED"
"D2_DSA","32022R2065","SECTION","cpt_IV.sct_4","4","Supervision, investigation, enforcement and monitoring in respect of providers of very large online platforms and of very large online search engines","cpt_IV","194","[SECTION 4]","[SECTION 4]","261416","261415","D2_DSA_32022R2065_official.xhtml#cpt_IV.sct_4","VALIDATED"
"D2_DSA","32022R2065","SECTION","cpt_III.sct_4","4","Additional provisions applicable to providers of online platforms allowing consumers to conclude distance contracts with traders","cpt_III","195","[SECTION 4]","[ARTICLE 29]","261416","261569","D2_DSA_32022R2065_official.xhtml#cpt_III.sct_4","VALIDATED"
"D2_DSA","32022R2065","ARTICLE","art_29","29","Exclusion for micro and small enterprises","cpt_III.sct_4","196","[ARTICLE 29]","[ARTICLE 30]","261570","262591","D2_DSA_32022R2065_official.xhtml#art_29","VALIDATED"
"D2_DSA","32022R2065","ARTICLE","art_30","30","Traceability of traders","cpt_III.sct_4","197","[ARTICLE 30]","[ARTICLE 31]","262592","267401","D2_DSA_32022R2065_official.xhtml#art_30","VALIDATED"
"D2_DSA","32022R2065","ARTICLE","art_31","31","Compliance by design","cpt_III.sct_4","198","[ARTICLE 31]","[ARTICLE 32]","267402","269419","D2_DSA_32022R2065_official.xhtml#art_31","VALIDATED"
"D2_DSA","32022R2065","ARTICLE","art_32","32","Right to information","cpt_III.sct_4","199","[ARTICLE 32]","[SECTION 5]","269420","270673","D2_DSA_32022R2065_official.xhtml#art_32","VALIDATED"
"D2_DSA","32022R2065","SECTION","cpt_IV.sct_5","5","Common provisions on enforcement","cpt_IV","200","[SECTION 5]","[SECTION 5]","270674","270673","D2_DSA_32022R2065_official.xhtml#cpt_IV.sct_5","VALIDATED"
"D2_DSA","32022R2065","SECTION","cpt_III.sct_5","5","Additional obligations for providers of very large online platforms and of very large online search engines to manage systemic risks","cpt_III","201","[SECTION 5]","[ARTICLE 33]","270674","270831","D2_DSA_32022R2065_official.xhtml#cpt_III.sct_5","VALIDATED"
"D2_DSA","32022R2065","ARTICLE","art_33","33","Very large online platforms and very large online search engines","cpt_III.sct_5","202","[ARTICLE 33]","[ARTICLE 34]","270832","275601","D2_DSA_32022R2065_official.xhtml#art_33","VALIDATED"
"D2_DSA","32022R2065","ARTICLE","art_34","34","Risk assessment","cpt_III.sct_5","203","[ARTICLE 34]","[ARTICLE 35]","275602","278955","D2_DSA_32022R2065_official.xhtml#art_34","VALIDATED"
"D2_DSA","32022R2065","ARTICLE","art_35","35","Mitigation of risks","cpt_III.sct_5","204","[ARTICLE 35]","[ARTICLE 36]","278956","282832","D2_DSA_32022R2065_official.xhtml#art_35","VALIDATED"
"D2_DSA","32022R2065","ARTICLE","art_36","36","Crisis response mechanism","cpt_III.sct_5","205","[ARTICLE 36]","[ARTICLE 37]","282833","288871","D2_DSA_32022R2065_official.xhtml#art_36","VALIDATED"
"D2_DSA","32022R2065","ARTICLE","art_37","37","Independent audit","cpt_III.sct_5","206","[ARTICLE 37]","[ARTICLE 38]","288872","294685","D2_DSA_32022R2065_official.xhtml#art_37","VALIDATED"
"D2_DSA","32022R2065","ARTICLE","art_38","38","Recommender systems","cpt_III.sct_5","207","[ARTICLE 38]","[ARTICLE 39]","294686","295067","D2_DSA_32022R2065_official.xhtml#art_38","VALIDATED"
"D2_DSA","32022R2065","ARTICLE","art_39","39","Additional online advertising transparency","cpt_III.sct_5","208","[ARTICLE 39]","[ARTICLE 40]","295068","297897","D2_DSA_32022R2065_official.xhtml#art_39","VALIDATED"
"D2_DSA","32022R2065","ARTICLE","art_40","40","Data access and scrutiny","cpt_III.sct_5","209","[ARTICLE 40]","[ARTICLE 41]","297898","306955","D2_DSA_32022R2065_official.xhtml#art_40","VALIDATED"
"D2_DSA","32022R2065","ARTICLE","art_41","41","Compliance function","cpt_III.sct_5","210","[ARTICLE 41]","[ARTICLE 42]","306956","311469","D2_DSA_32022R2065_official.xhtml#art_41","VALIDATED"
"D2_DSA","32022R2065","ARTICLE","art_42","42","Transparency reporting obligations","cpt_III.sct_5","211","[ARTICLE 42]","[ARTICLE 43]","311470","314625","D2_DSA_32022R2065_official.xhtml#art_42","VALIDATED"
"D2_DSA","32022R2065","ARTICLE","art_43","43","Supervisory fee","cpt_III.sct_5","212","[ARTICLE 43]","[SECTION 6]","314626","318031","D2_DSA_32022R2065_official.xhtml#art_43","VALIDATED"
"D2_DSA","32022R2065","SECTION","cpt_IV.sct_6","6","Delegated and implementing acts","cpt_IV","213","[SECTION 6]","[SECTION 6]","318032","318031","D2_DSA_32022R2065_official.xhtml#cpt_IV.sct_6","VALIDATED"
"D2_DSA","32022R2065","SECTION","cpt_III.sct_6","6","Other provisions concerning due diligence obligations","cpt_III","214","[SECTION 6]","[ARTICLE 44]","318032","318110","D2_DSA_32022R2065_official.xhtml#cpt_III.sct_6","VALIDATED"
"D2_DSA","32022R2065","ARTICLE","art_44","44","Standards","cpt_III.sct_6","215","[ARTICLE 44]","[ARTICLE 45]","318111","320026","D2_DSA_32022R2065_official.xhtml#art_44","VALIDATED"
"D2_DSA","32022R2065","ARTICLE","art_45","45","Codes of conduct","cpt_III.sct_6","216","[ARTICLE 45]","[ARTICLE 46]","320027","322707","D2_DSA_32022R2065_official.xhtml#art_45","VALIDATED"
"D2_DSA","32022R2065","ARTICLE","art_46","46","Codes of conduct for online advertising","cpt_III.sct_6","217","[ARTICLE 46]","[ARTICLE 47]","322708","324530","D2_DSA_32022R2065_official.xhtml#art_46","VALIDATED"
"D2_DSA","32022R2065","ARTICLE","art_47","47","Codes of conduct for accessibility","cpt_III.sct_6","218","[ARTICLE 47]","[ARTICLE 48]","324531","326139","D2_DSA_32022R2065_official.xhtml#art_47","VALIDATED"
"D2_DSA","32022R2065","ARTICLE","art_48","48","Crisis protocols","cpt_III.sct_6","219","[ARTICLE 48]","[CHAPTER IV]","326140","329434","D2_DSA_32022R2065_official.xhtml#art_48","VALIDATED"
"D2_DSA","32022R2065","CHAPTER","cpt_IV","IV","IMPLEMENTATION, COOPERATION, PENALTIES AND ENFORCEMENT","","220","[CHAPTER IV]","[ARTICLE 49]","329435","329606","D2_DSA_32022R2065_official.xhtml#cpt_IV","VALIDATED"
"D2_DSA","32022R2065","ARTICLE","art_49","49","Competent authorities and Digital Services Coordinators","cpt_IV.sct_1","221","[ARTICLE 49]","[ARTICLE 50]","329607","331966","D2_DSA_32022R2065_official.xhtml#art_49","VALIDATED"
"D2_DSA","32022R2065","ARTICLE","art_50","50","Requirements for Digital Services Coordinators","cpt_IV.sct_1","222","[ARTICLE 50]","[ARTICLE 51]","331967","333740","D2_DSA_32022R2065_official.xhtml#art_50","VALIDATED"
"D2_DSA","32022R2065","ARTICLE","art_51","51","Powers of Digital Services Coordinators","cpt_IV.sct_1","223","[ARTICLE 51]","[ARTICLE 52]","333741","342255","D2_DSA_32022R2065_official.xhtml#art_51","VALIDATED"
"D2_DSA","32022R2065","ARTICLE","art_52","52","Penalties","cpt_IV.sct_1","224","[ARTICLE 52]","[ARTICLE 53]","342256","343793","D2_DSA_32022R2065_official.xhtml#art_52","VALIDATED"
"D2_DSA","32022R2065","ARTICLE","art_53","53","Right to lodge a complaint","cpt_IV.sct_1","225","[ARTICLE 53]","[ARTICLE 54]","343794","344823","D2_DSA_32022R2065_official.xhtml#art_53","VALIDATED"
"D2_DSA","32022R2065","ARTICLE","art_54","54","Compensation","cpt_IV.sct_1","226","[ARTICLE 54]","[ARTICLE 55]","344824","345145","D2_DSA_32022R2065_official.xhtml#art_54","VALIDATED"
"D2_DSA","32022R2065","ARTICLE","art_55","55","Activity reports","cpt_IV.sct_1","227","[ARTICLE 55]","[ARTICLE 56]","345146","346615","D2_DSA_32022R2065_official.xhtml#art_55","VALIDATED"
"D2_DSA","32022R2065","ARTICLE","art_56","56","Competences","cpt_IV.sct_2","228","[ARTICLE 56]","[ARTICLE 57]","346616","349119","D2_DSA_32022R2065_official.xhtml#art_56","VALIDATED"
"D2_DSA","32022R2065","ARTICLE","art_57","57","Mutual assistance","cpt_IV.sct_2","229","[ARTICLE 57]","[ARTICLE 58]","349120","351234","D2_DSA_32022R2065_official.xhtml#art_57","VALIDATED"
"D2_DSA","32022R2065","ARTICLE","art_58","58","Cross-border cooperation among Digital Services Coordinators","cpt_IV.sct_2","230","[ARTICLE 58]","[ARTICLE 59]","351235","354537","D2_DSA_32022R2065_official.xhtml#art_58","VALIDATED"
"D2_DSA","32022R2065","ARTICLE","art_59","59","Referral to the Commission","cpt_IV.sct_2","231","[ARTICLE 59]","[ARTICLE 60]","354538","356370","D2_DSA_32022R2065_official.xhtml#art_59","VALIDATED"
"D2_DSA","32022R2065","ARTICLE","art_60","60","Joint investigations","cpt_IV.sct_2","232","[ARTICLE 60]","[ARTICLE 61]","356371","359177","D2_DSA_32022R2065_official.xhtml#art_60","VALIDATED"
"D2_DSA","32022R2065","ARTICLE","art_61","61","European Board for Digital Services","cpt_IV.sct_3","233","[ARTICLE 61]","[ARTICLE 62]","359178","360155","D2_DSA_32022R2065_official.xhtml#art_61","VALIDATED"
"D2_DSA","32022R2065","ARTICLE","art_62","62","Structure of the Board","cpt_IV.sct_3","234","[ARTICLE 62]","[ARTICLE 63]","360156","362226","D2_DSA_32022R2065_official.xhtml#art_62","VALIDATED"
"D2_DSA","32022R2065","ARTICLE","art_63","63","Tasks of the Board","cpt_IV.sct_3","235","[ARTICLE 63]","[ARTICLE 64]","362227","364066","D2_DSA_32022R2065_official.xhtml#art_63","VALIDATED"
"D2_DSA","32022R2065","ARTICLE","art_64","64","Development of expertise and capabilities","cpt_IV.sct_4","236","[ARTICLE 64]","[ARTICLE 65]","364067","365145","D2_DSA_32022R2065_official.xhtml#art_64","VALIDATED"
"D2_DSA","32022R2065","ARTICLE","art_65","65","Enforcement of obligations of providers of very large online platforms and of very large online search engines","cpt_IV.sct_4","237","[ARTICLE 65]","[ARTICLE 66]","365146","367046","D2_DSA_32022R2065_official.xhtml#art_65","VALIDATED"
"D2_DSA","32022R2065","ARTICLE","art_66","66","Initiation of proceedings by the Commission and cooperation in investigation","cpt_IV.sct_4","238","[ARTICLE 66]","[ARTICLE 67]","367047","369612","D2_DSA_32022R2065_official.xhtml#art_66","VALIDATED"
"D2_DSA","32022R2065","ARTICLE","art_67","67","Requests for information","cpt_IV.sct_4","239","[ARTICLE 67]","[ARTICLE 68]","369613","372594","D2_DSA_32022R2065_official.xhtml#art_67","VALIDATED"
"D2_DSA","32022R2065","ARTICLE","art_68","68","Power to take interviews and statements","cpt_IV.sct_4","240","[ARTICLE 68]","[ARTICLE 69]","372595","373473","D2_DSA_32022R2065_official.xhtml#art_68","VALIDATED"
"D2_DSA","32022R2065","ARTICLE","art_69","69","Power to conduct inspections","cpt_IV.sct_4","241","[ARTICLE 69]","[ARTICLE 70]","373474","380451","D2_DSA_32022R2065_official.xhtml#art_69","VALIDATED"
"D2_DSA","32022R2065","ARTICLE","art_70","70","Interim measures","cpt_IV.sct_4","242","[ARTICLE 70]","[ARTICLE 71]","380452","381075","D2_DSA_32022R2065_official.xhtml#art_70","VALIDATED"
"D2_DSA","32022R2065","ARTICLE","art_71","71","Commitments","cpt_IV.sct_4","243","[ARTICLE 71]","[ARTICLE 72]","381076","382494","D2_DSA_32022R2065_official.xhtml#art_71","VALIDATED"
"D2_DSA","32022R2065","ARTICLE","art_72","72","Monitoring actions","cpt_IV.sct_4","244","[ARTICLE 72]","[ARTICLE 73]","382495","383653","D2_DSA_32022R2065_official.xhtml#art_72","VALIDATED"
"D2_DSA","32022R2065","ARTICLE","art_73","73","Non-compliance","cpt_IV.sct_4","245","[ARTICLE 73]","[ARTICLE 74]","383654","385463","D2_DSA_32022R2065_official.xhtml#art_73","VALIDATED"
"D2_DSA","32022R2065","ARTICLE","art_74","74","Fines","cpt_IV.sct_4","246","[ARTICLE 74]","[ARTICLE 75]","385464","387618","D2_DSA_32022R2065_official.xhtml#art_74","VALIDATED"
"D2_DSA","32022R2065","ARTICLE","art_75","75","Enhanced supervision of remedies to address infringements of obligations laid down in Section 5 of Chapter III","cpt_IV.sct_4","247","[ARTICLE 75]","[ARTICLE 76]","387619","391115","D2_DSA_32022R2065_official.xhtml#art_75","VALIDATED"
"D2_DSA","32022R2065","ARTICLE","art_76","76","Periodic penalty payments","cpt_IV.sct_4","248","[ARTICLE 76]","[ARTICLE 77]","391116","392526","D2_DSA_32022R2065_official.xhtml#art_76","VALIDATED"
"D2_DSA","32022R2065","ARTICLE","art_77","77","Limitation period for the imposition of penalties","cpt_IV.sct_4","249","[ARTICLE 77]","[ARTICLE 78]","392527","394146","D2_DSA_32022R2065_official.xhtml#art_77","VALIDATED"
"D2_DSA","32022R2065","ARTICLE","art_78","78","Limitation period for the enforcement of penalties","cpt_IV.sct_4","250","[ARTICLE 78]","[ARTICLE 79]","394147","395170","D2_DSA_32022R2065_official.xhtml#art_78","VALIDATED"
"D2_DSA","32022R2065","ARTICLE","art_79","79","Right to be heard and access to the file","cpt_IV.sct_4","251","[ARTICLE 79]","[ARTICLE 80]","395171","397360","D2_DSA_32022R2065_official.xhtml#art_79","VALIDATED"
"D2_DSA","32022R2065","ARTICLE","art_80","80","Publication of decisions","cpt_IV.sct_4","252","[ARTICLE 80]","[ARTICLE 81]","397361","397959","D2_DSA_32022R2065_official.xhtml#art_80","VALIDATED"
"D2_DSA","32022R2065","ARTICLE","art_81","81","Review by the Court of Justice of the European Union","cpt_IV.sct_4","253","[ARTICLE 81]","[ARTICLE 82]","397960","398319","D2_DSA_32022R2065_official.xhtml#art_81","VALIDATED"
"D2_DSA","32022R2065","ARTICLE","art_82","82","Requests for access restrictions and cooperation with national courts","cpt_IV.sct_4","254","[ARTICLE 82]","[ARTICLE 83]","398320","400299","D2_DSA_32022R2065_official.xhtml#art_82","VALIDATED"
"D2_DSA","32022R2065","ARTICLE","art_83","83","Implementing acts relating to Commission intervention","cpt_IV.sct_4","255","[ARTICLE 83]","[ARTICLE 84]","400300","401144","D2_DSA_32022R2065_official.xhtml#art_83","VALIDATED"
"D2_DSA","32022R2065","ARTICLE","art_84","84","Professional secrecy","cpt_IV.sct_5","256","[ARTICLE 84]","[ARTICLE 85]","401145","401714","D2_DSA_32022R2065_official.xhtml#art_84","VALIDATED"
"D2_DSA","32022R2065","ARTICLE","art_85","85","Information sharing system","cpt_IV.sct_5","257","[ARTICLE 85]","[ARTICLE 86]","401715","402610","D2_DSA_32022R2065_official.xhtml#art_85","VALIDATED"
"D2_DSA","32022R2065","ARTICLE","art_86","86","Representation","cpt_IV.sct_5","258","[ARTICLE 86]","[ARTICLE 87]","402611","403706","D2_DSA_32022R2065_official.xhtml#art_86","VALIDATED"
"D2_DSA","32022R2065","ARTICLE","art_87","87","Exercise of the delegation","cpt_IV.sct_6","259","[ARTICLE 87]","[ARTICLE 88]","403707","405761","D2_DSA_32022R2065_official.xhtml#art_87","VALIDATED"
"D2_DSA","32022R2065","ARTICLE","art_88","88","Committee procedure","cpt_IV.sct_6","260","[ARTICLE 88]","[CHAPTER V]","405762","406084","D2_DSA_32022R2065_official.xhtml#art_88","VALIDATED"
"D2_DSA","32022R2065","CHAPTER","cpt_V","V","FINAL PROVISIONS","","261","[CHAPTER V]","[ARTICLE 89]","406085","406126","D2_DSA_32022R2065_official.xhtml#cpt_V","VALIDATED"
"D2_DSA","32022R2065","ARTICLE","art_89","89","Amendments to Directive 2000/31/EC","cpt_V","262","[ARTICLE 89]","[ARTICLE 90]","406127","406400","D2_DSA_32022R2065_official.xhtml#art_89","VALIDATED"
"D2_DSA","32022R2065","ARTICLE","art_90","90","Amendment to Directive (EU) 2020/1828","cpt_V","263","[ARTICLE 90]","[ARTICLE 91]","406401","406764","D2_DSA_32022R2065_official.xhtml#art_90","VALIDATED"
"D2_DSA","32022R2065","ARTICLE","art_91","91","Review","cpt_V","264","[ARTICLE 91]","[ARTICLE 92]","406765","409757","D2_DSA_32022R2065_official.xhtml#art_91","VALIDATED"
"D2_DSA","32022R2065","ARTICLE","art_92","92","Anticipated application to providers of very large online platforms and of very large online search engines","cpt_V","265","[ARTICLE 92]","[ARTICLE 93]","409758","410187","D2_DSA_32022R2065_official.xhtml#art_92","VALIDATED"
"D2_DSA","32022R2065","ARTICLE","art_93","93","Entry into force and application","cpt_V","266","[ARTICLE 93]","[DOCUMENT_END]","410188","420358","D2_DSA_32022R2065_official.xhtml#art_93","VALIDATED"
"D3_AI_ACT","32024R1689","RECITAL","rct_1","1","","pbl_1","1","[RECITAL 1]","[RECITAL 2]","1114","2113","D3_AI_ACT_32024R1689_official.xhtml#rct_1","VALIDATED"
"D3_AI_ACT","32024R1689","RECITAL","rct_2","2","","pbl_1","2","[RECITAL 2]","[RECITAL 3]","2114","2461","D3_AI_ACT_32024R1689_official.xhtml#rct_2","VALIDATED"
"D3_AI_ACT","32024R1689","RECITAL","rct_3","3","","pbl_1","3","[RECITAL 3]","[RECITAL 4]","2462","4305","D3_AI_ACT_32024R1689_official.xhtml#rct_3","VALIDATED"
"D3_AI_ACT","32024R1689","RECITAL","rct_4","4","","pbl_1","4","[RECITAL 4]","[RECITAL 5]","4306","5164","D3_AI_ACT_32024R1689_official.xhtml#rct_4","VALIDATED"
"D3_AI_ACT","32024R1689","RECITAL","rct_5","5","","pbl_1","5","[RECITAL 5]","[RECITAL 6]","5165","5531","D3_AI_ACT_32024R1689_official.xhtml#rct_5","VALIDATED"
"D3_AI_ACT","32024R1689","RECITAL","rct_6","6","","pbl_1","6","[RECITAL 6]","[RECITAL 7]","5532","6050","D3_AI_ACT_32024R1689_official.xhtml#rct_6","VALIDATED"
"D3_AI_ACT","32024R1689","RECITAL","rct_7","7","","pbl_1","7","[RECITAL 7]","[RECITAL 8]","6051","6623","D3_AI_ACT_32024R1689_official.xhtml#rct_7","VALIDATED"
"D3_AI_ACT","32024R1689","RECITAL","rct_8","8","","pbl_1","8","[RECITAL 8]","[RECITAL 9]","6624","8144","D3_AI_ACT_32024R1689_official.xhtml#rct_8","VALIDATED"
"D3_AI_ACT","32024R1689","RECITAL","rct_9","9","","pbl_1","9","[RECITAL 9]","[RECITAL 10]","8145","11220","D3_AI_ACT_32024R1689_official.xhtml#rct_9","VALIDATED"
"D3_AI_ACT","32024R1689","RECITAL","rct_10","10","","pbl_1","10","[RECITAL 10]","[RECITAL 11]","11221","13098","D3_AI_ACT_32024R1689_official.xhtml#rct_10","VALIDATED"
"D3_AI_ACT","32024R1689","RECITAL","rct_11","11","","pbl_1","11","[RECITAL 11]","[RECITAL 12]","13099","13335","D3_AI_ACT_32024R1689_official.xhtml#rct_11","VALIDATED"
"D3_AI_ACT","32024R1689","RECITAL","rct_12","12","","pbl_1","12","[RECITAL 12]","[RECITAL 13]","13336","15997","D3_AI_ACT_32024R1689_official.xhtml#rct_12","VALIDATED"
"D3_AI_ACT","32024R1689","RECITAL","rct_13","13","","pbl_1","13","[RECITAL 13]","[RECITAL 14]","15998","16412","D3_AI_ACT_32024R1689_official.xhtml#rct_13","VALIDATED"
"D3_AI_ACT","32024R1689","RECITAL","rct_14","14","","pbl_1","14","[RECITAL 14]","[RECITAL 15]","16413","16878","D3_AI_ACT_32024R1689_official.xhtml#rct_14","VALIDATED"
"D3_AI_ACT","32024R1689","RECITAL","rct_15","15","","pbl_1","15","[RECITAL 15]","[RECITAL 16]","16879","17815","D3_AI_ACT_32024R1689_official.xhtml#rct_15","VALIDATED"
"D3_AI_ACT","32024R1689","RECITAL","rct_16","16","","pbl_1","16","[RECITAL 16]","[RECITAL 17]","17816","19302","D3_AI_ACT_32024R1689_official.xhtml#rct_16","VALIDATED"
"D3_AI_ACT","32024R1689","RECITAL","rct_17","17","","pbl_1","17","[RECITAL 17]","[RECITAL 18]","19303","21606","D3_AI_ACT_32024R1689_official.xhtml#rct_17","VALIDATED"
"D3_AI_ACT","32024R1689","RECITAL","rct_18","18","","pbl_1","18","[RECITAL 18]","[RECITAL 19]","21607","22613","D3_AI_ACT_32024R1689_official.xhtml#rct_18","VALIDATED"
"D3_AI_ACT","32024R1689","RECITAL","rct_19","19","","pbl_1","19","[RECITAL 19]","[RECITAL 20]","22614","25079","D3_AI_ACT_32024R1689_official.xhtml#rct_19","VALIDATED"
"D3_AI_ACT","32024R1689","RECITAL","rct_20","20","","pbl_1","20","[RECITAL 20]","[RECITAL 21]","25080","26784","D3_AI_ACT_32024R1689_official.xhtml#rct_20","VALIDATED"
"D3_AI_ACT","32024R1689","RECITAL","rct_21","21","","pbl_1","21","[RECITAL 21]","[RECITAL 22]","26785","27189","D3_AI_ACT_32024R1689_official.xhtml#rct_21","VALIDATED"
"D3_AI_ACT","32024R1689","RECITAL","rct_22","22","","pbl_1","22","[RECITAL 22]","[RECITAL 23]","27190","30083","D3_AI_ACT_32024R1689_official.xhtml#rct_22","VALIDATED"
"D3_AI_ACT","32024R1689","RECITAL","rct_23","23","","pbl_1","23","[RECITAL 23]","[RECITAL 24]","30084","30245","D3_AI_ACT_32024R1689_official.xhtml#rct_23","VALIDATED"
"D3_AI_ACT","32024R1689","RECITAL","rct_24","24","","pbl_1","24","[RECITAL 24]","[RECITAL 25]","30246","33034","D3_AI_ACT_32024R1689_official.xhtml#rct_24","VALIDATED"
"D3_AI_ACT","32024R1689","RECITAL","rct_25","25","","pbl_1","25","[RECITAL 25]","[RECITAL 26]","33035","34717","D3_AI_ACT_32024R1689_official.xhtml#rct_25","VALIDATED"
"D3_AI_ACT","32024R1689","RECITAL","rct_26","26","","pbl_1","26","[RECITAL 26]","[RECITAL 27]","34718","35250","D3_AI_ACT_32024R1689_official.xhtml#rct_26","VALIDATED"
"D3_AI_ACT","32024R1689","RECITAL","rct_27","27","","pbl_1","27","[RECITAL 27]","[RECITAL 28]","35251","38321","D3_AI_ACT_32024R1689_official.xhtml#rct_27","VALIDATED"
"D3_AI_ACT","32024R1689","RECITAL","rct_28","28","","pbl_1","28","[RECITAL 28]","[RECITAL 29]","38322","38854","D3_AI_ACT_32024R1689_official.xhtml#rct_28","VALIDATED"
"D3_AI_ACT","32024R1689","RECITAL","rct_29","29","","pbl_1","29","[RECITAL 29]","[RECITAL 30]","38855","42581","D3_AI_ACT_32024R1689_official.xhtml#rct_29","VALIDATED"
"D3_AI_ACT","32024R1689","RECITAL","rct_30","30","","pbl_1","30","[RECITAL 30]","[RECITAL 31]","42582","43224","D3_AI_ACT_32024R1689_official.xhtml#rct_30","VALIDATED"
"D3_AI_ACT","32024R1689","RECITAL","rct_31","31","","pbl_1","31","[RECITAL 31]","[RECITAL 32]","43225","44449","D3_AI_ACT_32024R1689_official.xhtml#rct_31","VALIDATED"
"D3_AI_ACT","32024R1689","RECITAL","rct_32","32","","pbl_1","32","[RECITAL 32]","[RECITAL 33]","44450","45536","D3_AI_ACT_32024R1689_official.xhtml#rct_32","VALIDATED"
"D3_AI_ACT","32024R1689","RECITAL","rct_33","33","","pbl_1","33","[RECITAL 33]","[RECITAL 34]","45537","48701","D3_AI_ACT_32024R1689_official.xhtml#rct_33","VALIDATED"
"D3_AI_ACT","32024R1689","RECITAL","rct_34","34","","pbl_1","34","[RECITAL 34]","[RECITAL 35]","48702","50114","D3_AI_ACT_32024R1689_official.xhtml#rct_34","VALIDATED"
"D3_AI_ACT","32024R1689","RECITAL","rct_35","35","","pbl_1","35","[RECITAL 35]","[RECITAL 36]","50115","52072","D3_AI_ACT_32024R1689_official.xhtml#rct_35","VALIDATED"
"D3_AI_ACT","32024R1689","RECITAL","rct_36","36","","pbl_1","36","[RECITAL 36]","[RECITAL 37]","52073","52595","D3_AI_ACT_32024R1689_official.xhtml#rct_36","VALIDATED"
"D3_AI_ACT","32024R1689","RECITAL","rct_37","37","","pbl_1","37","[RECITAL 37]","[RECITAL 38]","52596","53331","D3_AI_ACT_32024R1689_official.xhtml#rct_37","VALIDATED"
"D3_AI_ACT","32024R1689","RECITAL","rct_38","38","","pbl_1","38","[RECITAL 38]","[RECITAL 39]","53332","55002","D3_AI_ACT_32024R1689_official.xhtml#rct_38","VALIDATED"
"D3_AI_ACT","32024R1689","RECITAL","rct_39","39","","pbl_1","39","[RECITAL 39]","[RECITAL 40]","55003","55903","D3_AI_ACT_32024R1689_official.xhtml#rct_39","VALIDATED"
"D3_AI_ACT","32024R1689","RECITAL","rct_40","40","","pbl_1","40","[RECITAL 40]","[RECITAL 41]","55904","57044","D3_AI_ACT_32024R1689_official.xhtml#rct_40","VALIDATED"
"D3_AI_ACT","32024R1689","RECITAL","rct_41","41","","pbl_1","41","[RECITAL 41]","[RECITAL 42]","57045","57917","D3_AI_ACT_32024R1689_official.xhtml#rct_41","VALIDATED"
"D3_AI_ACT","32024R1689","RECITAL","rct_42","42","","pbl_1","42","[RECITAL 42]","[RECITAL 43]","57918","59283","D3_AI_ACT_32024R1689_official.xhtml#rct_42","VALIDATED"
"D3_AI_ACT","32024R1689","RECITAL","rct_43","43","","pbl_1","43","[RECITAL 43]","[RECITAL 44]","59284","59715","D3_AI_ACT_32024R1689_official.xhtml#rct_43","VALIDATED"
"D3_AI_ACT","32024R1689","RECITAL","rct_44","44","","pbl_1","44","[RECITAL 44]","[RECITAL 45]","59716","60959","D3_AI_ACT_32024R1689_official.xhtml#rct_44","VALIDATED"
"D3_AI_ACT","32024R1689","RECITAL","rct_45","45","","pbl_1","45","[RECITAL 45]","[RECITAL 46]","60960","61168","D3_AI_ACT_32024R1689_official.xhtml#rct_45","VALIDATED"
"D3_AI_ACT","32024R1689","RECITAL","rct_46","46","","pbl_1","46","[RECITAL 46]","[RECITAL 47]","61169","62948","D3_AI_ACT_32024R1689_official.xhtml#rct_46","VALIDATED"
"D3_AI_ACT","32024R1689","RECITAL","rct_47","47","","pbl_1","47","[RECITAL 47]","[RECITAL 48]","62949","63934","D3_AI_ACT_32024R1689_official.xhtml#rct_47","VALIDATED"
"D3_AI_ACT","32024R1689","RECITAL","rct_48","48","","pbl_1","48","[RECITAL 48]","[RECITAL 49]","63935","65382","D3_AI_ACT_32024R1689_official.xhtml#rct_48","VALIDATED"
"D3_AI_ACT","32024R1689","RECITAL","rct_49","49","","pbl_1","49","[RECITAL 49]","[RECITAL 50]","65383","66650","D3_AI_ACT_32024R1689_official.xhtml#rct_49","VALIDATED"
"D3_AI_ACT","32024R1689","RECITAL","rct_50","50","","pbl_1","50","[RECITAL 50]","[RECITAL 51]","66651","67469","D3_AI_ACT_32024R1689_official.xhtml#rct_50","VALIDATED"
"D3_AI_ACT","32024R1689","RECITAL","rct_51","51","","pbl_1","51","[RECITAL 51]","[RECITAL 52]","67470","68004","D3_AI_ACT_32024R1689_official.xhtml#rct_51","VALIDATED"
"D3_AI_ACT","32024R1689","RECITAL","rct_52","52","","pbl_1","52","[RECITAL 52]","[RECITAL 53]","68005","68900","D3_AI_ACT_32024R1689_official.xhtml#rct_52","VALIDATED"
"D3_AI_ACT","32024R1689","RECITAL","rct_53","53","","pbl_1","53","[RECITAL 53]","[RECITAL 54]","68901","73365","D3_AI_ACT_32024R1689_official.xhtml#rct_53","VALIDATED"
"D3_AI_ACT","32024R1689","RECITAL","rct_54","54","","pbl_1","54","[RECITAL 54]","[RECITAL 55]","73366","75001","D3_AI_ACT_32024R1689_official.xhtml#rct_54","VALIDATED"
"D3_AI_ACT","32024R1689","RECITAL","rct_55","55","","pbl_1","55","[RECITAL 55]","[RECITAL 56]","75002","76349","D3_AI_ACT_32024R1689_official.xhtml#rct_55","VALIDATED"
"D3_AI_ACT","32024R1689","RECITAL","rct_56","56","","pbl_1","56","[RECITAL 56]","[RECITAL 57]","76350","77819","D3_AI_ACT_32024R1689_official.xhtml#rct_56","VALIDATED"
"D3_AI_ACT","32024R1689","RECITAL","rct_57","57","","pbl_1","57","[RECITAL 57]","[RECITAL 58]","77820","79168","D3_AI_ACT_32024R1689_official.xhtml#rct_57","VALIDATED"
"D3_AI_ACT","32024R1689","RECITAL","rct_58","58","","pbl_1","58","[RECITAL 58]","[RECITAL 59]","79169","82431","D3_AI_ACT_32024R1689_official.xhtml#rct_58","VALIDATED"
"D3_AI_ACT","32024R1689","RECITAL","rct_59","59","","pbl_1","59","[RECITAL 59]","[RECITAL 60]","82432","85628","D3_AI_ACT_32024R1689_official.xhtml#rct_59","VALIDATED"
"D3_AI_ACT","32024R1689","RECITAL","rct_60","60","","pbl_1","60","[RECITAL 60]","[RECITAL 61]","85629","88185","D3_AI_ACT_32024R1689_official.xhtml#rct_60","VALIDATED"
"D3_AI_ACT","32024R1689","RECITAL","rct_61","61","","pbl_1","61","[RECITAL 61]","[RECITAL 62]","88186","89601","D3_AI_ACT_32024R1689_official.xhtml#rct_61","VALIDATED"
"D3_AI_ACT","32024R1689","RECITAL","rct_62","62","","pbl_1","62","[RECITAL 62]","[RECITAL 63]","89602","90379","D3_AI_ACT_32024R1689_official.xhtml#rct_62","VALIDATED"
"D3_AI_ACT","32024R1689","RECITAL","rct_63","63","","pbl_1","63","[RECITAL 63]","[RECITAL 64]","90380","91227","D3_AI_ACT_32024R1689_official.xhtml#rct_63","VALIDATED"
"D3_AI_ACT","32024R1689","RECITAL","rct_64","64","","pbl_1","64","[RECITAL 64]","[RECITAL 65]","91228","94004","D3_AI_ACT_32024R1689_official.xhtml#rct_64","VALIDATED"
"D3_AI_ACT","32024R1689","RECITAL","rct_65","65","","pbl_1","65","[RECITAL 65]","[RECITAL 66]","94005","96486","D3_AI_ACT_32024R1689_official.xhtml#rct_65","VALIDATED"
"D3_AI_ACT","32024R1689","RECITAL","rct_66","66","","pbl_1","66","[RECITAL 66]","[RECITAL 67]","96487","97036","D3_AI_ACT_32024R1689_official.xhtml#rct_66","VALIDATED"
"D3_AI_ACT","32024R1689","RECITAL","rct_67","67","","pbl_1","67","[RECITAL 67]","[RECITAL 68]","97037","99858","D3_AI_ACT_32024R1689_official.xhtml#rct_67","VALIDATED"
"D3_AI_ACT","32024R1689","RECITAL","rct_68","68","","pbl_1","68","[RECITAL 68]","[RECITAL 69]","99859","101074","D3_AI_ACT_32024R1689_official.xhtml#rct_68","VALIDATED"
"D3_AI_ACT","32024R1689","RECITAL","rct_69","69","","pbl_1","69","[RECITAL 69]","[RECITAL 70]","101075","101829","D3_AI_ACT_32024R1689_official.xhtml#rct_69","VALIDATED"
"D3_AI_ACT","32024R1689","RECITAL","rct_70","70","","pbl_1","70","[RECITAL 70]","[RECITAL 71]","101830","102679","D3_AI_ACT_32024R1689_official.xhtml#rct_70","VALIDATED"
"D3_AI_ACT","32024R1689","RECITAL","rct_71","71","","pbl_1","71","[RECITAL 71]","[RECITAL 72]","102680","103805","D3_AI_ACT_32024R1689_official.xhtml#rct_71","VALIDATED"
"D3_AI_ACT","32024R1689","RECITAL","rct_72","72","","pbl_1","72","[RECITAL 72]","[RECITAL 73]","103806","106113","D3_AI_ACT_32024R1689_official.xhtml#rct_72","VALIDATED"
"D3_AI_ACT","32024R1689","RECITAL","rct_73","73","","pbl_1","73","[RECITAL 73]","[RECITAL 74]","106114","108187","D3_AI_ACT_32024R1689_official.xhtml#rct_73","VALIDATED"
"D3_AI_ACT","32024R1689","RECITAL","rct_74","74","","pbl_1","74","[RECITAL 74]","[RECITAL 75]","108188","109551","D3_AI_ACT_32024R1689_official.xhtml#rct_74","VALIDATED"
"D3_AI_ACT","32024R1689","RECITAL","rct_75","75","","pbl_1","75","[RECITAL 75]","[RECITAL 76]","109552","110585","D3_AI_ACT_32024R1689_official.xhtml#rct_75","VALIDATED"
"D3_AI_ACT","32024R1689","RECITAL","rct_76","76","","pbl_1","76","[RECITAL 76]","[RECITAL 77]","110586","111384","D3_AI_ACT_32024R1689_official.xhtml#rct_76","VALIDATED"
"D3_AI_ACT","32024R1689","RECITAL","rct_77","77","","pbl_1","77","[RECITAL 77]","[RECITAL 78]","111385","112984","D3_AI_ACT_32024R1689_official.xhtml#rct_77","VALIDATED"
"D3_AI_ACT","32024R1689","RECITAL","rct_78","78","","pbl_1","78","[RECITAL 78]","[RECITAL 79]","112985","114878","D3_AI_ACT_32024R1689_official.xhtml#rct_78","VALIDATED"
"D3_AI_ACT","32024R1689","RECITAL","rct_79","79","","pbl_1","79","[RECITAL 79]","[RECITAL 80]","114879","115191","D3_AI_ACT_32024R1689_official.xhtml#rct_79","VALIDATED"
"D3_AI_ACT","32024R1689","RECITAL","rct_80","80","","pbl_1","80","[RECITAL 80]","[RECITAL 81]","115192","116398","D3_AI_ACT_32024R1689_official.xhtml#rct_80","VALIDATED"
"D3_AI_ACT","32024R1689","RECITAL","rct_81","81","","pbl_1","81","[RECITAL 81]","[RECITAL 82]","116399","117556","D3_AI_ACT_32024R1689_official.xhtml#rct_81","VALIDATED"
"D3_AI_ACT","32024R1689","RECITAL","rct_82","82","","pbl_1","82","[RECITAL 82]","[RECITAL 83]","117557","118419","D3_AI_ACT_32024R1689_official.xhtml#rct_82","VALIDATED"
"D3_AI_ACT","32024R1689","RECITAL","rct_83","83","","pbl_1","83","[RECITAL 83]","[RECITAL 84]","118420","119132","D3_AI_ACT_32024R1689_official.xhtml#rct_83","VALIDATED"
"D3_AI_ACT","32024R1689","RECITAL","rct_84","84","","pbl_1","84","[RECITAL 84]","[RECITAL 85]","119133","120768","D3_AI_ACT_32024R1689_official.xhtml#rct_84","VALIDATED"
"D3_AI_ACT","32024R1689","RECITAL","rct_85","85","","pbl_1","85","[RECITAL 85]","[RECITAL 86]","120769","121487","D3_AI_ACT_32024R1689_official.xhtml#rct_85","VALIDATED"
"D3_AI_ACT","32024R1689","RECITAL","rct_86","86","","pbl_1","86","[RECITAL 86]","[RECITAL 87]","121488","122200","D3_AI_ACT_32024R1689_official.xhtml#rct_86","VALIDATED"
"D3_AI_ACT","32024R1689","RECITAL","rct_87","87","","pbl_1","87","[RECITAL 87]","[RECITAL 88]","122201","122754","D3_AI_ACT_32024R1689_official.xhtml#rct_87","VALIDATED"
"D3_AI_ACT","32024R1689","RECITAL","rct_88","88","","pbl_1","88","[RECITAL 88]","[RECITAL 89]","122755","123685","D3_AI_ACT_32024R1689_official.xhtml#rct_88","VALIDATED"
"D3_AI_ACT","32024R1689","RECITAL","rct_89","89","","pbl_1","89","[RECITAL 89]","[RECITAL 90]","123686","124486","D3_AI_ACT_32024R1689_official.xhtml#rct_89","VALIDATED"
"D3_AI_ACT","32024R1689","RECITAL","rct_90","90","","pbl_1","90","[RECITAL 90]","[RECITAL 91]","124487","124983","D3_AI_ACT_32024R1689_official.xhtml#rct_90","VALIDATED"
"D3_AI_ACT","32024R1689","RECITAL","rct_91","91","","pbl_1","91","[RECITAL 91]","[RECITAL 92]","124984","126063","D3_AI_ACT_32024R1689_official.xhtml#rct_91","VALIDATED"
"D3_AI_ACT","32024R1689","RECITAL","rct_92","92","","pbl_1","92","[RECITAL 92]","[RECITAL 93]","126064","126960","D3_AI_ACT_32024R1689_official.xhtml#rct_92","VALIDATED"
"D3_AI_ACT","32024R1689","RECITAL","rct_93","93","","pbl_1","93","[RECITAL 93]","[RECITAL 94]","126961","128357","D3_AI_ACT_32024R1689_official.xhtml#rct_93","VALIDATED"
"D3_AI_ACT","32024R1689","RECITAL","rct_94","94","","pbl_1","94","[RECITAL 94]","[RECITAL 95]","128358","128982","D3_AI_ACT_32024R1689_official.xhtml#rct_94","VALIDATED"
"D3_AI_ACT","32024R1689","RECITAL","rct_95","95","","pbl_1","95","[RECITAL 95]","[RECITAL 96]","128983","129944","D3_AI_ACT_32024R1689_official.xhtml#rct_95","VALIDATED"
"D3_AI_ACT","32024R1689","RECITAL","rct_96","96","","pbl_1","96","[RECITAL 96]","[RECITAL 97]","129945","133124","D3_AI_ACT_32024R1689_official.xhtml#rct_96","VALIDATED"
"D3_AI_ACT","32024R1689","RECITAL","rct_97","97","","pbl_1","97","[RECITAL 97]","[RECITAL 98]","133125","135630","D3_AI_ACT_32024R1689_official.xhtml#rct_97","VALIDATED"
"D3_AI_ACT","32024R1689","RECITAL","rct_98","98","","pbl_1","98","[RECITAL 98]","[RECITAL 99]","135631","135984","D3_AI_ACT_32024R1689_official.xhtml#rct_98","VALIDATED"
"D3_AI_ACT","32024R1689","RECITAL","rct_99","99","","pbl_1","99","[RECITAL 99]","[RECITAL 100]","135985","136261","D3_AI_ACT_32024R1689_official.xhtml#rct_99","VALIDATED"
"D3_AI_ACT","32024R1689","RECITAL","rct_100","100","","pbl_1","100","[RECITAL 100]","[RECITAL 101]","136262","136622","D3_AI_ACT_32024R1689_official.xhtml#rct_100","VALIDATED"
"D3_AI_ACT","32024R1689","RECITAL","rct_101","101","","pbl_1","101","[RECITAL 101]","[RECITAL 102]","136623","137794","D3_AI_ACT_32024R1689_official.xhtml#rct_101","VALIDATED"
"D3_AI_ACT","32024R1689","RECITAL","rct_102","102","","pbl_1","102","[RECITAL 102]","[RECITAL 103]","137795","138770","D3_AI_ACT_32024R1689_official.xhtml#rct_102","VALIDATED"
"D3_AI_ACT","32024R1689","RECITAL","rct_103","103","","pbl_1","103","[RECITAL 103]","[RECITAL 104]","138771","139739","D3_AI_ACT_32024R1689_official.xhtml#rct_103","VALIDATED"
"D3_AI_ACT","32024R1689","RECITAL","rct_104","104","","pbl_1","104","[RECITAL 104]","[RECITAL 105]","139740","141149","D3_AI_ACT_32024R1689_official.xhtml#rct_104","VALIDATED"
"D3_AI_ACT","32024R1689","RECITAL","rct_105","105","","pbl_1","105","[RECITAL 105]","[RECITAL 106]","141150","142563","D3_AI_ACT_32024R1689_official.xhtml#rct_105","VALIDATED"
"D3_AI_ACT","32024R1689","RECITAL","rct_106","106","","pbl_1","106","[RECITAL 106]","[RECITAL 107]","142564","143512","D3_AI_ACT_32024R1689_official.xhtml#rct_106","VALIDATED"
"D3_AI_ACT","32024R1689","RECITAL","rct_107","107","","pbl_1","107","[RECITAL 107]","[RECITAL 108]","143513","144620","D3_AI_ACT_32024R1689_official.xhtml#rct_107","VALIDATED"
"D3_AI_ACT","32024R1689","RECITAL","rct_108","108","","pbl_1","108","[RECITAL 108]","[RECITAL 109]","144621","145158","D3_AI_ACT_32024R1689_official.xhtml#rct_108","VALIDATED"
"D3_AI_ACT","32024R1689","RECITAL","rct_109","109","","pbl_1","109","[RECITAL 109]","[RECITAL 110]","145159","146243","D3_AI_ACT_32024R1689_official.xhtml#rct_109","VALIDATED"
"D3_AI_ACT","32024R1689","RECITAL","rct_110","110","","pbl_1","110","[RECITAL 110]","[RECITAL 111]","146244","148288","D3_AI_ACT_32024R1689_official.xhtml#rct_110","VALIDATED"
"D3_AI_ACT","32024R1689","RECITAL","rct_111","111","","pbl_1","111","[RECITAL 111]","[RECITAL 112]","148289","151485","D3_AI_ACT_32024R1689_official.xhtml#rct_111","VALIDATED"
"D3_AI_ACT","32024R1689","RECITAL","rct_112","112","","pbl_1","112","[RECITAL 112]","[RECITAL 113]","151486","153156","D3_AI_ACT_32024R1689_official.xhtml#rct_112","VALIDATED"
"D3_AI_ACT","32024R1689","RECITAL","rct_113","113","","pbl_1","113","[RECITAL 113]","[RECITAL 114]","153157","153781","D3_AI_ACT_32024R1689_official.xhtml#rct_113","VALIDATED"
"D3_AI_ACT","32024R1689","RECITAL","rct_114","114","","pbl_1","114","[RECITAL 114]","[RECITAL 115]","153782","154918","D3_AI_ACT_32024R1689_official.xhtml#rct_114","VALIDATED"
"D3_AI_ACT","32024R1689","RECITAL","rct_115","115","","pbl_1","115","[RECITAL 115]","[RECITAL 116]","154919","156254","D3_AI_ACT_32024R1689_official.xhtml#rct_115","VALIDATED"
"D3_AI_ACT","32024R1689","RECITAL","rct_116","116","","pbl_1","116","[RECITAL 116]","[RECITAL 117]","156255","157315","D3_AI_ACT_32024R1689_official.xhtml#rct_116","VALIDATED"
"D3_AI_ACT","32024R1689","RECITAL","rct_117","117","","pbl_1","117","[RECITAL 117]","[RECITAL 118]","157316","158431","D3_AI_ACT_32024R1689_official.xhtml#rct_117","VALIDATED"
"D3_AI_ACT","32024R1689","RECITAL","rct_118","118","","pbl_1","118","[RECITAL 118]","[RECITAL 119]","158432","159752","D3_AI_ACT_32024R1689_official.xhtml#rct_118","VALIDATED"
"D3_AI_ACT","32024R1689","RECITAL","rct_119","119","","pbl_1","119","[RECITAL 119]","[RECITAL 120]","159753","160561","D3_AI_ACT_32024R1689_official.xhtml#rct_119","VALIDATED"
"D3_AI_ACT","32024R1689","RECITAL","rct_120","120","","pbl_1","120","[RECITAL 120]","[RECITAL 121]","160562","161339","D3_AI_ACT_32024R1689_official.xhtml#rct_120","VALIDATED"
"D3_AI_ACT","32024R1689","RECITAL","rct_121","121","","pbl_1","121","[RECITAL 121]","[RECITAL 122]","161340","163623","D3_AI_ACT_32024R1689_official.xhtml#rct_121","VALIDATED"
"D3_AI_ACT","32024R1689","RECITAL","rct_122","122","","pbl_1","122","[RECITAL 122]","[RECITAL 123]","163624","164824","D3_AI_ACT_32024R1689_official.xhtml#rct_122","VALIDATED"
"D3_AI_ACT","32024R1689","RECITAL","rct_123","123","","pbl_1","123","[RECITAL 123]","[RECITAL 124]","164825","165044","D3_AI_ACT_32024R1689_official.xhtml#rct_123","VALIDATED"
"D3_AI_ACT","32024R1689","RECITAL","rct_124","124","","pbl_1","124","[RECITAL 124]","[RECITAL 125]","165045","165695","D3_AI_ACT_32024R1689_official.xhtml#rct_124","VALIDATED"
"D3_AI_ACT","32024R1689","RECITAL","rct_125","125","","pbl_1","125","[RECITAL 125]","[RECITAL 126]","165696","166557","D3_AI_ACT_32024R1689_official.xhtml#rct_125","VALIDATED"
"D3_AI_ACT","32024R1689","RECITAL","rct_126","126","","pbl_1","126","[RECITAL 126]","[RECITAL 127]","166558","167195","D3_AI_ACT_32024R1689_official.xhtml#rct_126","VALIDATED"
"D3_AI_ACT","32024R1689","RECITAL","rct_127","127","","pbl_1","127","[RECITAL 127]","[RECITAL 128]","167196","167929","D3_AI_ACT_32024R1689_official.xhtml#rct_127","VALIDATED"
"D3_AI_ACT","32024R1689","RECITAL","rct_128","128","","pbl_1","128","[RECITAL 128]","[RECITAL 129]","167930","168825","D3_AI_ACT_32024R1689_official.xhtml#rct_128","VALIDATED"
"D3_AI_ACT","32024R1689","RECITAL","rct_129","129","","pbl_1","129","[RECITAL 129]","[RECITAL 130]","168826","169451","D3_AI_ACT_32024R1689_official.xhtml#rct_129","VALIDATED"
"D3_AI_ACT","32024R1689","RECITAL","rct_130","130","","pbl_1","130","[RECITAL 130]","[RECITAL 131]","169452","170391","D3_AI_ACT_32024R1689_official.xhtml#rct_130","VALIDATED"
"D3_AI_ACT","32024R1689","RECITAL","rct_131","131","","pbl_1","131","[RECITAL 131]","[RECITAL 132]","170392","173156","D3_AI_ACT_32024R1689_official.xhtml#rct_131","VALIDATED"
"D3_AI_ACT","32024R1689","RECITAL","rct_132","132","","pbl_1","132","[RECITAL 132]","[RECITAL 133]","173157","174691","D3_AI_ACT_32024R1689_official.xhtml#rct_132","VALIDATED"
"D3_AI_ACT","32024R1689","RECITAL","rct_133","133","","pbl_1","133","[RECITAL 133]","[RECITAL 134]","174692","176741","D3_AI_ACT_32024R1689_official.xhtml#rct_133","VALIDATED"
"D3_AI_ACT","32024R1689","RECITAL","rct_134","134","","pbl_1","134","[RECITAL 134]","[RECITAL 135]","176742","178506","D3_AI_ACT_32024R1689_official.xhtml#rct_134","VALIDATED"
"D3_AI_ACT","32024R1689","RECITAL","rct_135","135","","pbl_1","135","[RECITAL 135]","[RECITAL 136]","178507","179191","D3_AI_ACT_32024R1689_official.xhtml#rct_135","VALIDATED"
"D3_AI_ACT","32024R1689","RECITAL","rct_136","136","","pbl_1","136","[RECITAL 136]","[RECITAL 137]","179192","180464","D3_AI_ACT_32024R1689_official.xhtml#rct_136","VALIDATED"
"D3_AI_ACT","32024R1689","RECITAL","rct_137","137","","pbl_1","137","[RECITAL 137]","[RECITAL 138]","180465","180860","D3_AI_ACT_32024R1689_official.xhtml#rct_137","VALIDATED"
"D3_AI_ACT","32024R1689","RECITAL","rct_138","138","","pbl_1","138","[RECITAL 138]","[RECITAL 139]","180861","182163","D3_AI_ACT_32024R1689_official.xhtml#rct_138","VALIDATED"
"D3_AI_ACT","32024R1689","RECITAL","rct_139","139","","pbl_1","139","[RECITAL 139]","[RECITAL 140]","182164","185469","D3_AI_ACT_32024R1689_official.xhtml#rct_139","VALIDATED"
"D3_AI_ACT","32024R1689","RECITAL","rct_140","140","","pbl_1","140","[RECITAL 140]","[RECITAL 141]","185470","186785","D3_AI_ACT_32024R1689_official.xhtml#rct_140","VALIDATED"
"D3_AI_ACT","32024R1689","RECITAL","rct_141","141","","pbl_1","141","[RECITAL 141]","[RECITAL 142]","186786","189566","D3_AI_ACT_32024R1689_official.xhtml#rct_141","VALIDATED"
"D3_AI_ACT","32024R1689","RECITAL","rct_142","142","","pbl_1","142","[RECITAL 142]","[RECITAL 143]","189567","190437","D3_AI_ACT_32024R1689_official.xhtml#rct_142","VALIDATED"
"D3_AI_ACT","32024R1689","RECITAL","rct_143","143","","pbl_1","143","[RECITAL 143]","[RECITAL 144]","190438","193739","D3_AI_ACT_32024R1689_official.xhtml#rct_143","VALIDATED"
"D3_AI_ACT","32024R1689","RECITAL","rct_144","144","","pbl_1","144","[RECITAL 144]","[RECITAL 145]","193740","194106","D3_AI_ACT_32024R1689_official.xhtml#rct_144","VALIDATED"
"D3_AI_ACT","32024R1689","RECITAL","rct_145","145","","pbl_1","145","[RECITAL 145]","[RECITAL 146]","194107","194916","D3_AI_ACT_32024R1689_official.xhtml#rct_145","VALIDATED"
"D3_AI_ACT","32024R1689","RECITAL","rct_146","146","","pbl_1","146","[RECITAL 146]","[RECITAL 147]","194917","195591","D3_AI_ACT_32024R1689_official.xhtml#rct_146","VALIDATED"
"D3_AI_ACT","32024R1689","RECITAL","rct_147","147","","pbl_1","147","[RECITAL 147]","[RECITAL 148]","195592","196185","D3_AI_ACT_32024R1689_official.xhtml#rct_147","VALIDATED"
"D3_AI_ACT","32024R1689","RECITAL","rct_148","148","","pbl_1","148","[RECITAL 148]","[RECITAL 149]","196186","197729","D3_AI_ACT_32024R1689_official.xhtml#rct_148","VALIDATED"
"D3_AI_ACT","32024R1689","RECITAL","rct_149","149","","pbl_1","149","[RECITAL 149]","[RECITAL 150]","197730","199960","D3_AI_ACT_32024R1689_official.xhtml#rct_149","VALIDATED"
"D3_AI_ACT","32024R1689","RECITAL","rct_150","150","","pbl_1","150","[RECITAL 150]","[RECITAL 151]","199961","200775","D3_AI_ACT_32024R1689_official.xhtml#rct_150","VALIDATED"
"D3_AI_ACT","32024R1689","RECITAL","rct_151","151","","pbl_1","151","[RECITAL 151]","[RECITAL 152]","200776","201602","D3_AI_ACT_32024R1689_official.xhtml#rct_151","VALIDATED"
"D3_AI_ACT","32024R1689","RECITAL","rct_152","152","","pbl_1","152","[RECITAL 152]","[RECITAL 153]","201603","201838","D3_AI_ACT_32024R1689_official.xhtml#rct_152","VALIDATED"
"D3_AI_ACT","32024R1689","RECITAL","rct_153","153","","pbl_1","153","[RECITAL 153]","[RECITAL 154]","201839","202736","D3_AI_ACT_32024R1689_official.xhtml#rct_153","VALIDATED"
"D3_AI_ACT","32024R1689","RECITAL","rct_154","154","","pbl_1","154","[RECITAL 154]","[RECITAL 155]","202737","203181","D3_AI_ACT_32024R1689_official.xhtml#rct_154","VALIDATED"
"D3_AI_ACT","32024R1689","RECITAL","rct_155","155","","pbl_1","155","[RECITAL 155]","[RECITAL 156]","203182","204496","D3_AI_ACT_32024R1689_official.xhtml#rct_155","VALIDATED"
"D3_AI_ACT","32024R1689","RECITAL","rct_156","156","","pbl_1","156","[RECITAL 156]","[RECITAL 157]","204497","205873","D3_AI_ACT_32024R1689_official.xhtml#rct_156","VALIDATED"
"D3_AI_ACT","32024R1689","RECITAL","rct_157","157","","pbl_1","157","[RECITAL 157]","[RECITAL 158]","205874","206899","D3_AI_ACT_32024R1689_official.xhtml#rct_157","VALIDATED"
"D3_AI_ACT","32024R1689","RECITAL","rct_158","158","","pbl_1","158","[RECITAL 158]","[RECITAL 159]","206900","210216","D3_AI_ACT_32024R1689_official.xhtml#rct_158","VALIDATED"
"D3_AI_ACT","32024R1689","RECITAL","rct_159","159","","pbl_1","159","[RECITAL 159]","[RECITAL 160]","210217","211245","D3_AI_ACT_32024R1689_official.xhtml#rct_159","VALIDATED"
"D3_AI_ACT","32024R1689","RECITAL","rct_160","160","","pbl_1","160","[RECITAL 160]","[RECITAL 161]","211246","211988","D3_AI_ACT_32024R1689_official.xhtml#rct_160","VALIDATED"
"D3_AI_ACT","32024R1689","RECITAL","rct_161","161","","pbl_1","161","[RECITAL 161]","[RECITAL 162]","211989","213455","D3_AI_ACT_32024R1689_official.xhtml#rct_161","VALIDATED"
"D3_AI_ACT","32024R1689","RECITAL","rct_162","162","","pbl_1","162","[RECITAL 162]","[RECITAL 163]","213456","214394","D3_AI_ACT_32024R1689_official.xhtml#rct_162","VALIDATED"
"D3_AI_ACT","32024R1689","RECITAL","rct_163","163","","pbl_1","163","[RECITAL 163]","[RECITAL 164]","214395","215317","D3_AI_ACT_32024R1689_official.xhtml#rct_163","VALIDATED"
"D3_AI_ACT","32024R1689","RECITAL","rct_164","164","","pbl_1","164","[RECITAL 164]","[RECITAL 165]","215318","216651","D3_AI_ACT_32024R1689_official.xhtml#rct_164","VALIDATED"
"D3_AI_ACT","32024R1689","RECITAL","rct_165","165","","pbl_1","165","[RECITAL 165]","[RECITAL 166]","216652","218845","D3_AI_ACT_32024R1689_official.xhtml#rct_165","VALIDATED"
"D3_AI_ACT","32024R1689","RECITAL","rct_166","166","","pbl_1","166","[RECITAL 166]","[RECITAL 167]","218846","219276","D3_AI_ACT_32024R1689_official.xhtml#rct_166","VALIDATED"
"D3_AI_ACT","32024R1689","RECITAL","rct_167","167","","pbl_1","167","[RECITAL 167]","[RECITAL 168]","219277","219979","D3_AI_ACT_32024R1689_official.xhtml#rct_167","VALIDATED"
"D3_AI_ACT","32024R1689","RECITAL","rct_168","168","","pbl_1","168","[RECITAL 168]","[RECITAL 169]","219980","221127","D3_AI_ACT_32024R1689_official.xhtml#rct_168","VALIDATED"
"D3_AI_ACT","32024R1689","RECITAL","rct_169","169","","pbl_1","169","[RECITAL 169]","[RECITAL 170]","221128","221891","D3_AI_ACT_32024R1689_official.xhtml#rct_169","VALIDATED"
"D3_AI_ACT","32024R1689","RECITAL","rct_170","170","","pbl_1","170","[RECITAL 170]","[RECITAL 171]","221892","222312","D3_AI_ACT_32024R1689_official.xhtml#rct_170","VALIDATED"
"D3_AI_ACT","32024R1689","RECITAL","rct_171","171","","pbl_1","171","[RECITAL 171]","[RECITAL 172]","222313","223116","D3_AI_ACT_32024R1689_official.xhtml#rct_171","VALIDATED"
"D3_AI_ACT","32024R1689","RECITAL","rct_172","172","","pbl_1","172","[RECITAL 172]","[RECITAL 173]","223117","223465","D3_AI_ACT_32024R1689_official.xhtml#rct_172","VALIDATED"
"D3_AI_ACT","32024R1689","RECITAL","rct_173","173","","pbl_1","173","[RECITAL 173]","[RECITAL 174]","223466","225211","D3_AI_ACT_32024R1689_official.xhtml#rct_173","VALIDATED"
"D3_AI_ACT","32024R1689","RECITAL","rct_174","174","","pbl_1","174","[RECITAL 174]","[RECITAL 175]","225212","226645","D3_AI_ACT_32024R1689_official.xhtml#rct_174","VALIDATED"
"D3_AI_ACT","32024R1689","RECITAL","rct_175","175","","pbl_1","175","[RECITAL 175]","[RECITAL 176]","226646","226940","D3_AI_ACT_32024R1689_official.xhtml#rct_175","VALIDATED"
"D3_AI_ACT","32024R1689","RECITAL","rct_176","176","","pbl_1","176","[RECITAL 176]","[RECITAL 177]","226941","227802","D3_AI_ACT_32024R1689_official.xhtml#rct_176","VALIDATED"
"D3_AI_ACT","32024R1689","RECITAL","rct_177","177","","pbl_1","177","[RECITAL 177]","[RECITAL 178]","227803","228991","D3_AI_ACT_32024R1689_official.xhtml#rct_177","VALIDATED"
"D3_AI_ACT","32024R1689","RECITAL","rct_178","178","","pbl_1","178","[RECITAL 178]","[RECITAL 179]","228992","229194","D3_AI_ACT_32024R1689_official.xhtml#rct_178","VALIDATED"
"D3_AI_ACT","32024R1689","RECITAL","rct_179","179","","pbl_1","179","[RECITAL 179]","[RECITAL 180]","229195","230736","D3_AI_ACT_32024R1689_official.xhtml#rct_179","VALIDATED"
"D3_AI_ACT","32024R1689","RECITAL","rct_180","180","","pbl_1","180","[RECITAL 180]","[CHAPTER I]","230737","231035","D3_AI_ACT_32024R1689_official.xhtml#rct_180","VALIDATED"
"D3_AI_ACT","32024R1689","CHAPTER","cpt_I","I","GENERAL PROVISIONS","","181","[CHAPTER I]","[ARTICLE 1]","231036","231079","D3_AI_ACT_32024R1689_official.xhtml#cpt_I","VALIDATED"
"D3_AI_ACT","32024R1689","ARTICLE","art_1","1","Subject matter`","cpt_I","182","[ARTICLE 1]","[ARTICLE 2]","231080","232162","D3_AI_ACT_32024R1689_official.xhtml#art_1","VALIDATED"
"D3_AI_ACT","32024R1689","ARTICLE","art_2","2","Scope","cpt_I","183","[ARTICLE 2]","[ARTICLE 3]","232163","236960","D3_AI_ACT_32024R1689_official.xhtml#art_2","VALIDATED"
"D3_AI_ACT","32024R1689","ARTICLE","art_3","3","Definitions","cpt_I","184","[ARTICLE 3]","[ARTICLE 4]","236961","254236","D3_AI_ACT_32024R1689_official.xhtml#art_3","VALIDATED"
"D3_AI_ACT","32024R1689","ARTICLE","art_4","4","AI literacy","cpt_I","185","[ARTICLE 4]","[CHAPTER II]","254237","254718","D3_AI_ACT_32024R1689_official.xhtml#art_4","VALIDATED"
"D3_AI_ACT","32024R1689","CHAPTER","cpt_II","II","PROHIBITED AI PRACTICES","","186","[CHAPTER II]","[ARTICLE 5]","254719","254769","D3_AI_ACT_32024R1689_official.xhtml#cpt_II","VALIDATED"
"D3_AI_ACT","32024R1689","ARTICLE","art_5","5","Prohibited AI practices","cpt_II","187","[ARTICLE 5]","[CHAPTER III]","254770","265940","D3_AI_ACT_32024R1689_official.xhtml#art_5","VALIDATED"
"D3_AI_ACT","32024R1689","CHAPTER","cpt_III","III","HIGH-RISK AI SYSTEMS","","188","[CHAPTER III]","[SECTION 1]","265941","265990","D3_AI_ACT_32024R1689_official.xhtml#cpt_III","VALIDATED"
"D3_AI_ACT","32024R1689","SECTION","cpt_III.sct_1","1","Classification of AI systems as high-risk","cpt_III","189","[SECTION 1]","[SECTION 1]","265991","265990","D3_AI_ACT_32024R1689_official.xhtml#cpt_III.sct_1","VALIDATED"
"D3_AI_ACT","32024R1689","SECTION","cpt_V.sct_1","1","Classification rules","cpt_V","190","[SECTION 1]","[SECTION 1]","265991","265990","D3_AI_ACT_32024R1689_official.xhtml#cpt_V.sct_1","VALIDATED"
"D3_AI_ACT","32024R1689","SECTION","cpt_IX.sct_1","1","Post-market monitoring","cpt_IX","191","[SECTION 1]","[SECTION 1]","265991","265990","D3_AI_ACT_32024R1689_official.xhtml#cpt_IX.sct_1","VALIDATED"
"D3_AI_ACT","32024R1689","SECTION","cpt_VII.sct_1","1","Governance at Union level","cpt_VII","192","[SECTION 1]","[ARTICLE 6]","265991","266057","D3_AI_ACT_32024R1689_official.xhtml#cpt_VII.sct_1","VALIDATED"
"D3_AI_ACT","32024R1689","ARTICLE","art_6","6","Classification rules for high-risk AI systems","cpt_III.sct_1","193","[ARTICLE 6]","[ARTICLE 7]","266058","270136","D3_AI_ACT_32024R1689_official.xhtml#art_6","VALIDATED"
"D3_AI_ACT","32024R1689","ARTICLE","art_7","7","Amendments to Annex III","cpt_III.sct_1","194","[ARTICLE 7]","[SECTION 2]","270137","273750","D3_AI_ACT_32024R1689_official.xhtml#art_7","VALIDATED"
"D3_AI_ACT","32024R1689","SECTION","cpt_IX.sct_2","2","Sharing of information on serious incidents","cpt_IX","195","[SECTION 2]","[SECTION 2]","273751","273750","D3_AI_ACT_32024R1689_official.xhtml#cpt_IX.sct_2","VALIDATED"
"D3_AI_ACT","32024R1689","SECTION","cpt_VII.sct_2","2","National competent authorities","cpt_VII","196","[SECTION 2]","[SECTION 2]","273751","273750","D3_AI_ACT_32024R1689_official.xhtml#cpt_VII.sct_2","VALIDATED"
"D3_AI_ACT","32024R1689","SECTION","cpt_III.sct_2","2","Requirements for high-risk AI systems","cpt_III","197","[SECTION 2]","[SECTION 2]","273751","273750","D3_AI_ACT_32024R1689_official.xhtml#cpt_III.sct_2","VALIDATED"
"D3_AI_ACT","32024R1689","SECTION","cpt_V.sct_2","2","Obligations for providers of general-purpose AI models","cpt_V","198","[SECTION 2]","[ARTICLE 8]","273751","273813","D3_AI_ACT_32024R1689_official.xhtml#cpt_V.sct_2","VALIDATED"
"D3_AI_ACT","32024R1689","ARTICLE","art_8","8","Compliance with the requirements","cpt_III.sct_2","199","[ARTICLE 8]","[ARTICLE 9]","273814","275112","D3_AI_ACT_32024R1689_official.xhtml#art_8","VALIDATED"
"D3_AI_ACT","32024R1689","ARTICLE","art_9","9","Risk management system","cpt_III.sct_2","200","[ARTICLE 9]","[ARTICLE 10]","275113","279313","D3_AI_ACT_32024R1689_official.xhtml#art_9","VALIDATED"
"D3_AI_ACT","32024R1689","ARTICLE","art_10","10","Data and data governance","cpt_III.sct_2","201","[ARTICLE 10]","[ARTICLE 11]","279314","283845","D3_AI_ACT_32024R1689_official.xhtml#art_10","VALIDATED"
"D3_AI_ACT","32024R1689","ARTICLE","art_11","11","Technical documentation","cpt_III.sct_2","202","[ARTICLE 11]","[ARTICLE 12]","283846","285691","D3_AI_ACT_32024R1689_official.xhtml#art_11","VALIDATED"
"D3_AI_ACT","32024R1689","ARTICLE","art_12","12","Record-keeping","cpt_III.sct_2","203","[ARTICLE 12]","[ARTICLE 13]","285692","286916","D3_AI_ACT_32024R1689_official.xhtml#art_12","VALIDATED"
"D3_AI_ACT","32024R1689","ARTICLE","art_13","13","Transparency and provision of information to deployers","cpt_III.sct_2","204","[ARTICLE 13]","[ARTICLE 14]","286917","290085","D3_AI_ACT_32024R1689_official.xhtml#art_13","VALIDATED"
"D3_AI_ACT","32024R1689","ARTICLE","art_14","14","Human oversight","cpt_III.sct_2","205","[ARTICLE 14]","[ARTICLE 15]","290086","293270","D3_AI_ACT_32024R1689_official.xhtml#art_14","VALIDATED"
"D3_AI_ACT","32024R1689","ARTICLE","art_15","15","Accuracy, robustness and cybersecurity","cpt_III.sct_2","206","[ARTICLE 15]","[SECTION 3]","293271","295704","D3_AI_ACT_32024R1689_official.xhtml#art_15","VALIDATED"
"D3_AI_ACT","32024R1689","SECTION","cpt_V.sct_3","3","Obligations of providers of general-purpose AI models with systemic risk","cpt_V","207","[SECTION 3]","[SECTION 3]","295705","295704","D3_AI_ACT_32024R1689_official.xhtml#cpt_V.sct_3","VALIDATED"
"D3_AI_ACT","32024R1689","SECTION","cpt_IX.sct_3","3","Enforcement","cpt_IX","208","[SECTION 3]","[SECTION 3]","295705","295704","D3_AI_ACT_32024R1689_official.xhtml#cpt_IX.sct_3","VALIDATED"
"D3_AI_ACT","32024R1689","SECTION","cpt_III.sct_3","3","Obligations of providers and deployers of high-risk AI systems and other parties","cpt_III","209","[SECTION 3]","[ARTICLE 16]","295705","295810","D3_AI_ACT_32024R1689_official.xhtml#cpt_III.sct_3","VALIDATED"
"D3_AI_ACT","32024R1689","ARTICLE","art_16","16","Obligations of providers of high-risk AI systems","cpt_III.sct_3","210","[ARTICLE 16]","[ARTICLE 17]","295811","297503","D3_AI_ACT_32024R1689_official.xhtml#art_16","VALIDATED"
"D3_AI_ACT","32024R1689","ARTICLE","art_17","17","Quality management system","cpt_III.sct_3","211","[ARTICLE 17]","[ARTICLE 18]","297504","301197","D3_AI_ACT_32024R1689_official.xhtml#art_17","VALIDATED"
"D3_AI_ACT","32024R1689","ARTICLE","art_18","18","Documentation keeping","cpt_III.sct_3","212","[ARTICLE 18]","[ARTICLE 19]","301198","302509","D3_AI_ACT_32024R1689_official.xhtml#art_18","VALIDATED"
"D3_AI_ACT","32024R1689","ARTICLE","art_19","19","Automatically generated logs","cpt_III.sct_3","213","[ARTICLE 19]","[ARTICLE 20]","302510","303389","D3_AI_ACT_32024R1689_official.xhtml#art_19","VALIDATED"
"D3_AI_ACT","32024R1689","ARTICLE","art_20","20","Corrective actions and duty of information","cpt_III.sct_3","214","[ARTICLE 20]","[ARTICLE 21]","303390","304547","D3_AI_ACT_32024R1689_official.xhtml#art_20","VALIDATED"
"D3_AI_ACT","32024R1689","ARTICLE","art_21","21","Cooperation with competent authorities","cpt_III.sct_3","215","[ARTICLE 21]","[ARTICLE 22]","304548","305502","D3_AI_ACT_32024R1689_official.xhtml#art_21","VALIDATED"
"D3_AI_ACT","32024R1689","ARTICLE","art_22","22","Authorised representatives of providers of high-risk AI systems","cpt_III.sct_3","216","[ARTICLE 22]","[ARTICLE 23]","305503","308637","D3_AI_ACT_32024R1689_official.xhtml#art_22","VALIDATED"
"D3_AI_ACT","32024R1689","ARTICLE","art_23","23","Obligations of importers","cpt_III.sct_3","217","[ARTICLE 23]","[ARTICLE 24]","308638","311290","D3_AI_ACT_32024R1689_official.xhtml#art_23","VALIDATED"
"D3_AI_ACT","32024R1689","ARTICLE","art_24","24","Obligations of distributors","cpt_III.sct_3","218","[ARTICLE 24]","[ARTICLE 25]","311291","313967","D3_AI_ACT_32024R1689_official.xhtml#art_24","VALIDATED"
"D3_AI_ACT","32024R1689","ARTICLE","art_25","25","Responsibilities along the AI value chain","cpt_III.sct_3","219","[ARTICLE 25]","[ARTICLE 26]","313968","317976","D3_AI_ACT_32024R1689_official.xhtml#art_25","VALIDATED"
"D3_AI_ACT","32024R1689","ARTICLE","art_26","26","Obligations of deployers of high-risk AI systems","cpt_III.sct_3","220","[ARTICLE 26]","[ARTICLE 27]","317977","325495","D3_AI_ACT_32024R1689_official.xhtml#art_26","VALIDATED"
"D3_AI_ACT","32024R1689","ARTICLE","art_27","27","Fundamental rights impact assessment for high-risk AI systems","cpt_III.sct_3","221","[ARTICLE 27]","[SECTION 4]","325496","328439","D3_AI_ACT_32024R1689_official.xhtml#art_27","VALIDATED"
"D3_AI_ACT","32024R1689","SECTION","cpt_IX.sct_4","4","Remedies","cpt_IX","222","[SECTION 4]","[SECTION 4]","328440","328439","D3_AI_ACT_32024R1689_official.xhtml#cpt_IX.sct_4","VALIDATED"
"D3_AI_ACT","32024R1689","SECTION","cpt_V.sct_4","4","Codes of practice","cpt_V","223","[SECTION 4]","[SECTION 4]","328440","328439","D3_AI_ACT_32024R1689_official.xhtml#cpt_V.sct_4","VALIDATED"
"D3_AI_ACT","32024R1689","SECTION","cpt_III.sct_4","4","Notifying authorities and notified bodies","cpt_III","224","[SECTION 4]","[ARTICLE 28]","328440","328506","D3_AI_ACT_32024R1689_official.xhtml#cpt_III.sct_4","VALIDATED"
"D3_AI_ACT","32024R1689","ARTICLE","art_28","28","Notifying authorities","cpt_III.sct_4","225","[ARTICLE 28]","[ARTICLE 29]","328507","330264","D3_AI_ACT_32024R1689_official.xhtml#art_28","VALIDATED"
"D3_AI_ACT","32024R1689","ARTICLE","art_29","29","Application of a conformity assessment body for notification","cpt_III.sct_4","226","[ARTICLE 29]","[ARTICLE 30]","330265","331946","D3_AI_ACT_32024R1689_official.xhtml#art_29","VALIDATED"
"D3_AI_ACT","32024R1689","ARTICLE","art_30","30","Notification procedure","cpt_III.sct_4","227","[ARTICLE 30]","[ARTICLE 31]","331947","333853","D3_AI_ACT_32024R1689_official.xhtml#art_30","VALIDATED"
"D3_AI_ACT","32024R1689","ARTICLE","art_31","31","Requirements relating to notified bodies","cpt_III.sct_4","228","[ARTICLE 31]","[ARTICLE 32]","333854","338178","D3_AI_ACT_32024R1689_official.xhtml#art_31","VALIDATED"
"D3_AI_ACT","32024R1689","ARTICLE","art_32","32","Presumption of conformity with requirements relating to notified bodies","cpt_III.sct_4","229","[ARTICLE 32]","[ARTICLE 33]","338179","338665","D3_AI_ACT_32024R1689_official.xhtml#art_32","VALIDATED"
"D3_AI_ACT","32024R1689","ARTICLE","art_33","33","Subsidiaries of notified bodies and subcontracting","cpt_III.sct_4","230","[ARTICLE 33]","[ARTICLE 34]","338666","339630","D3_AI_ACT_32024R1689_official.xhtml#art_33","VALIDATED"
"D3_AI_ACT","32024R1689","ARTICLE","art_34","34","Operational obligations of notified bodies","cpt_III.sct_4","231","[ARTICLE 34]","[ARTICLE 35]","339631","340820","D3_AI_ACT_32024R1689_official.xhtml#art_34","VALIDATED"
"D3_AI_ACT","32024R1689","ARTICLE","art_35","35","Identification numbers and lists of notified bodies","cpt_III.sct_4","232","[ARTICLE 35]","[ARTICLE 36]","340821","341305","D3_AI_ACT_32024R1689_official.xhtml#art_35","VALIDATED"
"D3_AI_ACT","32024R1689","ARTICLE","art_36","36","Changes to notifications","cpt_III.sct_4","233","[ARTICLE 36]","[ARTICLE 37]","341306","347861","D3_AI_ACT_32024R1689_official.xhtml#art_36","VALIDATED"
"D3_AI_ACT","32024R1689","ARTICLE","art_37","37","Challenge to the competence of notified bodies","cpt_III.sct_4","234","[ARTICLE 37]","[ARTICLE 38]","347862","349187","D3_AI_ACT_32024R1689_official.xhtml#art_37","VALIDATED"
"D3_AI_ACT","32024R1689","ARTICLE","art_38","38","Coordination of notified bodies","cpt_III.sct_4","235","[ARTICLE 38]","[ARTICLE 39]","349188","349849","D3_AI_ACT_32024R1689_official.xhtml#art_38","VALIDATED"
"D3_AI_ACT","32024R1689","ARTICLE","art_39","39","Conformity assessment bodies of third countries","cpt_III.sct_4","236","[ARTICLE 39]","[SECTION 5]","349850","350250","D3_AI_ACT_32024R1689_official.xhtml#art_39","VALIDATED"
"D3_AI_ACT","32024R1689","SECTION","cpt_III.sct_5","5","Standards, conformity assessment, certificates, registration","cpt_III","237","[SECTION 5]","[SECTION 5]","350251","350250","D3_AI_ACT_32024R1689_official.xhtml#cpt_III.sct_5","VALIDATED"
"D3_AI_ACT","32024R1689","SECTION","cpt_IX.sct_5","5","Supervision, investigation, enforcement and monitoring in respect of providers of general-purpose AI models","cpt_IX","238","[SECTION 5]","[ARTICLE 40]","350251","350336","D3_AI_ACT_32024R1689_official.xhtml#cpt_IX.sct_5","VALIDATED"
"D3_AI_ACT","32024R1689","ARTICLE","art_40","40","Harmonised standards and standardisation deliverables","cpt_III.sct_5","239","[ARTICLE 40]","[ARTICLE 41]","350337","353193","D3_AI_ACT_32024R1689_official.xhtml#art_40","VALIDATED"
"D3_AI_ACT","32024R1689","ARTICLE","art_41","41","Common specifications","cpt_III.sct_5","240","[ARTICLE 41]","[ARTICLE 42]","353194","357105","D3_AI_ACT_32024R1689_official.xhtml#art_41","VALIDATED"
"D3_AI_ACT","32024R1689","ARTICLE","art_42","42","Presumption of conformity with certain requirements","cpt_III.sct_5","241","[ARTICLE 42]","[ARTICLE 43]","357106","357947","D3_AI_ACT_32024R1689_official.xhtml#art_42","VALIDATED"
"D3_AI_ACT","32024R1689","ARTICLE","art_43","43","Conformity assessment","cpt_III.sct_5","242","[ARTICLE 43]","[ARTICLE 44]","357948","362923","D3_AI_ACT_32024R1689_official.xhtml#art_43","VALIDATED"
"D3_AI_ACT","32024R1689","ARTICLE","art_44","44","Certificates","cpt_III.sct_5","243","[ARTICLE 44]","[ARTICLE 45]","362924","364396","D3_AI_ACT_32024R1689_official.xhtml#art_44","VALIDATED"
"D3_AI_ACT","32024R1689","ARTICLE","art_45","45","Information obligations of notified bodies","cpt_III.sct_5","244","[ARTICLE 45]","[ARTICLE 46]","364397","366222","D3_AI_ACT_32024R1689_official.xhtml#art_45","VALIDATED"
"D3_AI_ACT","32024R1689","ARTICLE","art_46","46","Derogation from conformity assessment procedure","cpt_III.sct_5","245","[ARTICLE 46]","[ARTICLE 47]","366223","369684","D3_AI_ACT_32024R1689_official.xhtml#art_46","VALIDATED"
"D3_AI_ACT","32024R1689","ARTICLE","art_47","47","EU declaration of conformity","cpt_III.sct_5","246","[ARTICLE 47]","[ARTICLE 48]","369685","371617","D3_AI_ACT_32024R1689_official.xhtml#art_47","VALIDATED"
"D3_AI_ACT","32024R1689","ARTICLE","art_48","48","CE marking","cpt_III.sct_5","247","[ARTICLE 48]","[ARTICLE 49]","371618","373045","D3_AI_ACT_32024R1689_official.xhtml#art_48","VALIDATED"
"D3_AI_ACT","32024R1689","ARTICLE","art_49","49","Registration","cpt_III.sct_5","248","[ARTICLE 49]","[CHAPTER IV]","373046","375063","D3_AI_ACT_32024R1689_official.xhtml#art_49","VALIDATED"
"D3_AI_ACT","32024R1689","CHAPTER","cpt_IV","IV","TRANSPARENCY OBLIGATIONS FOR PROVIDERS AND DEPLOYERS OF CERTAIN AI SYSTEMS","","249","[CHAPTER IV]","[ARTICLE 50]","375064","375165","D3_AI_ACT_32024R1689_official.xhtml#cpt_IV","VALIDATED"
"D3_AI_ACT","32024R1689","ARTICLE","art_50","50","Transparency obligations for providers and deployers of certain AI systems","cpt_IV","250","[ARTICLE 50]","[CHAPTER V]","375166","379844","D3_AI_ACT_32024R1689_official.xhtml#art_50","VALIDATED"
"D3_AI_ACT","32024R1689","CHAPTER","cpt_V","V","GENERAL-PURPOSE AI MODELS","","251","[CHAPTER V]","[ARTICLE 51]","379845","379941","D3_AI_ACT_32024R1689_official.xhtml#cpt_V","VALIDATED"
"D3_AI_ACT","32024R1689","ARTICLE","art_51","51","Classification of general-purpose AI models as general-purpose AI models with systemic risk","cpt_V.sct_1","252","[ARTICLE 51]","[ARTICLE 52]","379942","381219","D3_AI_ACT_32024R1689_official.xhtml#art_51","VALIDATED"
"D3_AI_ACT","32024R1689","ARTICLE","art_52","52","Procedure","cpt_V.sct_1","253","[ARTICLE 52]","[ARTICLE 53]","381220","384304","D3_AI_ACT_32024R1689_official.xhtml#art_52","VALIDATED"
"D3_AI_ACT","32024R1689","ARTICLE","art_53","53","Obligations for providers of general-purpose AI models","cpt_V.sct_2","254","[ARTICLE 53]","[ARTICLE 54]","384305","387870","D3_AI_ACT_32024R1689_official.xhtml#art_53","VALIDATED"
"D3_AI_ACT","32024R1689","ARTICLE","art_54","54","Authorised representatives of providers of general-purpose AI models","cpt_V.sct_2","255","[ARTICLE 54]","[ARTICLE 55]","387871","390778","D3_AI_ACT_32024R1689_official.xhtml#art_54","VALIDATED"
"D3_AI_ACT","32024R1689","ARTICLE","art_55","55","Obligations of providers of general-purpose AI models with systemic risk","cpt_V.sct_3","256","[ARTICLE 55]","[ARTICLE 56]","390779","392748","D3_AI_ACT_32024R1689_official.xhtml#art_55","VALIDATED"
"D3_AI_ACT","32024R1689","ARTICLE","art_56","56","Codes of practice","cpt_V.sct_4","257","[ARTICLE 56]","[CHAPTER VI]","392749","397100","D3_AI_ACT_32024R1689_official.xhtml#art_56","VALIDATED"
"D3_AI_ACT","32024R1689","CHAPTER","cpt_VI","VI","MEASURES IN SUPPORT OF INNOVATION","","258","[CHAPTER VI]","[ARTICLE 57]","397101","397161","D3_AI_ACT_32024R1689_official.xhtml#cpt_VI","VALIDATED"
"D3_AI_ACT","32024R1689","ARTICLE","art_57","57","AI regulatory sandboxes","cpt_VI","259","[ARTICLE 57]","[ARTICLE 58]","397162","406351","D3_AI_ACT_32024R1689_official.xhtml#art_57","VALIDATED"
"D3_AI_ACT","32024R1689","ARTICLE","art_58","58","Detailed arrangements for, and functioning of, AI regulatory sandboxes","cpt_VI","260","[ARTICLE 58]","[ARTICLE 59]","406352","411127","D3_AI_ACT_32024R1689_official.xhtml#art_58","VALIDATED"
"D3_AI_ACT","32024R1689","ARTICLE","art_59","59","Further processing of personal data for developing certain AI systems in the public interest in the AI regulatory sandbox","cpt_VI","261","[ARTICLE 59]","[ARTICLE 60]","411128","415551","D3_AI_ACT_32024R1689_official.xhtml#art_59","VALIDATED"
"D3_AI_ACT","32024R1689","ARTICLE","art_60","60","Testing of high-risk AI systems in real world conditions outside AI regulatory sandboxes","cpt_VI","262","[ARTICLE 60]","[ARTICLE 61]","415552","423401","D3_AI_ACT_32024R1689_official.xhtml#art_60","VALIDATED"
"D3_AI_ACT","32024R1689","ARTICLE","art_61","61","Informed consent to participate in testing in real world conditions outside AI regulatory sandboxes","cpt_VI","263","[ARTICLE 61]","[ARTICLE 62]","423402","424966","D3_AI_ACT_32024R1689_official.xhtml#art_61","VALIDATED"
"D3_AI_ACT","32024R1689","ARTICLE","art_62","62","Measures for providers and deployers, in particular SMEs, including start-ups","cpt_VI","264","[ARTICLE 62]","[ARTICLE 63]","424967","427130","D3_AI_ACT_32024R1689_official.xhtml#art_62","VALIDATED"
"D3_AI_ACT","32024R1689","ARTICLE","art_63","63","Derogations for specific operators","cpt_VI","265","[ARTICLE 63]","[CHAPTER VII]","427131","428085","D3_AI_ACT_32024R1689_official.xhtml#art_63","VALIDATED"
"D3_AI_ACT","32024R1689","CHAPTER","cpt_VII","VII","GOVERNANCE","","266","[CHAPTER VII]","[ARTICLE 64]","428086","428176","D3_AI_ACT_32024R1689_official.xhtml#cpt_VII","VALIDATED"
"D3_AI_ACT","32024R1689","ARTICLE","art_64","64","AI Office","cpt_VII.sct_1","267","[ARTICLE 64]","[ARTICLE 65]","428177","428427","D3_AI_ACT_32024R1689_official.xhtml#art_64","VALIDATED"
"D3_AI_ACT","32024R1689","ARTICLE","art_65","65","Establishment and structure of the European Artificial Intelligence Board","cpt_VII.sct_1","268","[ARTICLE 65]","[ARTICLE 66]","428428","431410","D3_AI_ACT_32024R1689_official.xhtml#art_65","VALIDATED"
"D3_AI_ACT","32024R1689","ARTICLE","art_66","66","Tasks of the Board","cpt_VII.sct_1","269","[ARTICLE 66]","[ARTICLE 67]","431411","436009","D3_AI_ACT_32024R1689_official.xhtml#art_66","VALIDATED"
"D3_AI_ACT","32024R1689","ARTICLE","art_67","67","Advisory forum","cpt_VII.sct_1","270","[ARTICLE 67]","[ARTICLE 68]","436010","438009","D3_AI_ACT_32024R1689_official.xhtml#art_67","VALIDATED"
"D3_AI_ACT","32024R1689","ARTICLE","art_68","68","Scientific panel of independent experts","cpt_VII.sct_1","271","[ARTICLE 68]","[ARTICLE 69]","438010","441180","D3_AI_ACT_32024R1689_official.xhtml#art_68","VALIDATED"
"D3_AI_ACT","32024R1689","ARTICLE","art_69","69","Access to the pool of experts by the Member States","cpt_VII.sct_1","272","[ARTICLE 69]","[ARTICLE 70]","441181","442213","D3_AI_ACT_32024R1689_official.xhtml#art_69","VALIDATED"
"D3_AI_ACT","32024R1689","ARTICLE","art_70","70","Designation of national competent authorities and single points of contact","cpt_VII.sct_2","273","[ARTICLE 70]","[CHAPTER VIII]","442214","445864","D3_AI_ACT_32024R1689_official.xhtml#art_70","VALIDATED"
"D3_AI_ACT","32024R1689","CHAPTER","cpt_VIII","VIII","EU DATABASE FOR HIGH-RISK AI SYSTEMS","","274","[CHAPTER VIII]","[ARTICLE 71]","445865","445932","D3_AI_ACT_32024R1689_official.xhtml#cpt_VIII","VALIDATED"
"D3_AI_ACT","32024R1689","ARTICLE","art_71","71","EU database for high-risk AI systems listed in Annex III","cpt_VIII","275","[ARTICLE 71]","[CHAPTER IX]","445933","448256","D3_AI_ACT_32024R1689_official.xhtml#art_71","VALIDATED"
"D3_AI_ACT","32024R1689","CHAPTER","cpt_IX","IX","POST-MARKET MONITORING, INFORMATION SHARING AND MARKET SURVEILLANCE","","276","[CHAPTER IX]","[ARTICLE 72]","448257","448399","D3_AI_ACT_32024R1689_official.xhtml#cpt_IX","VALIDATED"
"D3_AI_ACT","32024R1689","ARTICLE","art_72","72","Post-market monitoring by providers and post-market monitoring plan for high-risk AI systems","cpt_IX.sct_1","277","[ARTICLE 72]","[ARTICLE 73]","448400","450808","D3_AI_ACT_32024R1689_official.xhtml#art_72","VALIDATED"
"D3_AI_ACT","32024R1689","ARTICLE","art_73","73","Reporting of serious incidents","cpt_IX.sct_2","278","[ARTICLE 73]","[ARTICLE 74]","450809","454931","D3_AI_ACT_32024R1689_official.xhtml#art_73","VALIDATED"
"D3_AI_ACT","32024R1689","ARTICLE","art_74","74","Market surveillance and control of AI systems in the Union market","cpt_IX.sct_3","279","[ARTICLE 74]","[ARTICLE 75]","454932","462026","D3_AI_ACT_32024R1689_official.xhtml#art_74","VALIDATED"
"D3_AI_ACT","32024R1689","ARTICLE","art_75","75","Mutual assistance, market surveillance and control of general-purpose AI systems","cpt_IX.sct_3","280","[ARTICLE 75]","[ARTICLE 76]","462027","463928","D3_AI_ACT_32024R1689_official.xhtml#art_75","VALIDATED"
"D3_AI_ACT","32024R1689","ARTICLE","art_76","76","Supervision of testing in real world conditions by market surveillance authorities","cpt_IX.sct_3","281","[ARTICLE 76]","[ARTICLE 77]","463929","465871","D3_AI_ACT_32024R1689_official.xhtml#art_76","VALIDATED"
"D3_AI_ACT","32024R1689","ARTICLE","art_77","77","Powers of authorities protecting fundamental rights","cpt_IX.sct_3","282","[ARTICLE 77]","[ARTICLE 78]","465872","467702","D3_AI_ACT_32024R1689_official.xhtml#art_77","VALIDATED"
"D3_AI_ACT","32024R1689","ARTICLE","art_78","78","Confidentiality","cpt_IX.sct_3","283","[ARTICLE 78]","[ARTICLE 79]","467703","471418","D3_AI_ACT_32024R1689_official.xhtml#art_78","VALIDATED"
"D3_AI_ACT","32024R1689","ARTICLE","art_79","79","Procedure at national level for dealing with AI systems presenting a risk","cpt_IX.sct_3","284","[ARTICLE 79]","[ARTICLE 80]","471419","476761","D3_AI_ACT_32024R1689_official.xhtml#art_79","VALIDATED"
"D3_AI_ACT","32024R1689","ARTICLE","art_80","80","Procedure for dealing with AI systems classified by the provider as non-high-risk in application of Annex III","cpt_IX.sct_3","285","[ARTICLE 80]","[ARTICLE 81]","476762","479521","D3_AI_ACT_32024R1689_official.xhtml#art_80","VALIDATED"
"D3_AI_ACT","32024R1689","ARTICLE","art_81","81","Union safeguard procedure","cpt_IX.sct_3","286","[ARTICLE 81]","[ARTICLE 82]","479522","481557","D3_AI_ACT_32024R1689_official.xhtml#art_81","VALIDATED"
"D3_AI_ACT","32024R1689","ARTICLE","art_82","82","Compliant AI systems which present a risk","cpt_IX.sct_3","287","[ARTICLE 82]","[ARTICLE 83]","481558","483494","D3_AI_ACT_32024R1689_official.xhtml#art_82","VALIDATED"
"D3_AI_ACT","32024R1689","ARTICLE","art_83","83","Formal non-compliance","cpt_IX.sct_3","288","[ARTICLE 83]","[ARTICLE 84]","483495","484612","D3_AI_ACT_32024R1689_official.xhtml#art_83","VALIDATED"
"D3_AI_ACT","32024R1689","ARTICLE","art_84","84","Union AI testing support structures","cpt_IX.sct_3","289","[ARTICLE 84]","[ARTICLE 85]","484613","485133","D3_AI_ACT_32024R1689_official.xhtml#art_84","VALIDATED"
"D3_AI_ACT","32024R1689","ARTICLE","art_85","85","Right to lodge a complaint with a market surveillance authority","cpt_IX.sct_4","290","[ARTICLE 85]","[ARTICLE 86]","485134","485759","D3_AI_ACT_32024R1689_official.xhtml#art_85","VALIDATED"
"D3_AI_ACT","32024R1689","ARTICLE","art_86","86","Right to explanation of individual decision-making","cpt_IX.sct_4","291","[ARTICLE 86]","[ARTICLE 87]","485760","486760","D3_AI_ACT_32024R1689_official.xhtml#art_86","VALIDATED"
"D3_AI_ACT","32024R1689","ARTICLE","art_87","87","Reporting of infringements and protection of reporting persons","cpt_IX.sct_4","292","[ARTICLE 87]","[ARTICLE 88]","486761","487134","D3_AI_ACT_32024R1689_official.xhtml#art_87","VALIDATED"
"D3_AI_ACT","32024R1689","ARTICLE","art_88","88","Enforcement of the obligations of providers of general-purpose AI models","cpt_IX.sct_5","293","[ARTICLE 88]","[ARTICLE 89]","487135","487878","D3_AI_ACT_32024R1689_official.xhtml#art_88","VALIDATED"
"D3_AI_ACT","32024R1689","ARTICLE","art_89","89","Monitoring actions","cpt_IX.sct_5","294","[ARTICLE 89]","[ARTICLE 90]","487879","488883","D3_AI_ACT_32024R1689_official.xhtml#art_89","VALIDATED"
"D3_AI_ACT","32024R1689","ARTICLE","art_90","90","Alerts of systemic risks by the scientific panel","cpt_IX.sct_5","295","[ARTICLE 90]","[ARTICLE 91]","488884","489939","D3_AI_ACT_32024R1689_official.xhtml#art_90","VALIDATED"
"D3_AI_ACT","32024R1689","ARTICLE","art_91","91","Power to request documentation and information","cpt_IX.sct_5","296","[ARTICLE 91]","[ARTICLE 92]","489940","491676","D3_AI_ACT_32024R1689_official.xhtml#art_91","VALIDATED"
"D3_AI_ACT","32024R1689","ARTICLE","art_92","92","Power to conduct evaluations","cpt_IX.sct_5","297","[ARTICLE 92]","[ARTICLE 93]","491677","494045","D3_AI_ACT_32024R1689_official.xhtml#art_92","VALIDATED"
"D3_AI_ACT","32024R1689","ARTICLE","art_93","93","Power to request measures","cpt_IX.sct_5","298","[ARTICLE 93]","[ARTICLE 94]","494046","495021","D3_AI_ACT_32024R1689_official.xhtml#art_93","VALIDATED"
"D3_AI_ACT","32024R1689","ARTICLE","art_94","94","Procedural rights of economic operators of the general-purpose AI model","cpt_IX.sct_5","299","[ARTICLE 94]","[CHAPTER X]","495022","495326","D3_AI_ACT_32024R1689_official.xhtml#art_94","VALIDATED"
"D3_AI_ACT","32024R1689","CHAPTER","cpt_X","X","CODES OF CONDUCT AND GUIDELINES","","300","[CHAPTER X]","[ARTICLE 95]","495327","495383","D3_AI_ACT_32024R1689_official.xhtml#cpt_X","VALIDATED"
"D3_AI_ACT","32024R1689","ARTICLE","art_95","95","Codes of conduct for voluntary application of specific requirements","cpt_X","301","[ARTICLE 95]","[ARTICLE 96]","495384","497735","D3_AI_ACT_32024R1689_official.xhtml#art_95","VALIDATED"
"D3_AI_ACT","32024R1689","ARTICLE","art_96","96","Guidelines from the Commission on the implementation of this Regulation","cpt_X","302","[ARTICLE 96]","[CHAPTER XI]","497736","499367","D3_AI_ACT_32024R1689_official.xhtml#art_96","VALIDATED"
"D3_AI_ACT","32024R1689","CHAPTER","cpt_XI","XI","DELEGATION OF POWER AND COMMITTEE PROCEDURE","","303","[CHAPTER XI]","[ARTICLE 97]","499368","499438","D3_AI_ACT_32024R1689_official.xhtml#cpt_XI","VALIDATED"
"D3_AI_ACT","32024R1689","ARTICLE","art_97","97","Exercise of the delegation","cpt_XI","304","[ARTICLE 97]","[ARTICLE 98]","499439","501863","D3_AI_ACT_32024R1689_official.xhtml#art_97","VALIDATED"
"D3_AI_ACT","32024R1689","ARTICLE","art_98","98","Committee procedure","cpt_XI","305","[ARTICLE 98]","[CHAPTER XII]","501864","502151","D3_AI_ACT_32024R1689_official.xhtml#art_98","VALIDATED"
"D3_AI_ACT","32024R1689","CHAPTER","cpt_XII","XII","PENALTIES","","306","[CHAPTER XII]","[ARTICLE 99]","502152","502190","D3_AI_ACT_32024R1689_official.xhtml#cpt_XII","VALIDATED"
"D3_AI_ACT","32024R1689","ARTICLE","art_99","99","Penalties","cpt_XII","307","[ARTICLE 99]","[ARTICLE 100]","502191","507644","D3_AI_ACT_32024R1689_official.xhtml#art_99","VALIDATED"
"D3_AI_ACT","32024R1689","ARTICLE","art_100","100","Administrative fines on Union institutions, bodies, offices and agencies","cpt_XII","308","[ARTICLE 100]","[ARTICLE 101]","507645","511173","D3_AI_ACT_32024R1689_official.xhtml#art_100","VALIDATED"
"D3_AI_ACT","32024R1689","ARTICLE","art_101","101","Fines for providers of general-purpose AI models","cpt_XII","309","[ARTICLE 101]","[CHAPTER XIII]","511174","513336","D3_AI_ACT_32024R1689_official.xhtml#art_101","VALIDATED"
"D3_AI_ACT","32024R1689","CHAPTER","cpt_XIII","XIII","FINAL PROVISIONS","","310","[CHAPTER XIII]","[ARTICLE 102]","513337","513384","D3_AI_ACT_32024R1689_official.xhtml#cpt_XIII","VALIDATED"
"D3_AI_ACT","32024R1689","ARTICLE","art_102","102","Amendment to Regulation (EC) No 300/2008","cpt_XIII","311","[ARTICLE 102]","[ARTICLE 103]","513385","513910","D3_AI_ACT_32024R1689_official.xhtml#art_102","VALIDATED"
"D3_AI_ACT","32024R1689","ARTICLE","art_103","103","Amendment to Regulation (EU) No 167/2013","cpt_XIII","312","[ARTICLE 103]","[ARTICLE 104]","513911","514403","D3_AI_ACT_32024R1689_official.xhtml#art_103","VALIDATED"
"D3_AI_ACT","32024R1689","ARTICLE","art_104","104","Amendment to Regulation (EU) No 168/2013","cpt_XIII","313","[ARTICLE 104]","[ARTICLE 105]","514404","514896","D3_AI_ACT_32024R1689_official.xhtml#art_104","VALIDATED"
"D3_AI_ACT","32024R1689","ARTICLE","art_105","105","Amendment to Directive 2014/90/EU","cpt_XIII","314","[ARTICLE 105]","[ARTICLE 106]","514897","515472","D3_AI_ACT_32024R1689_official.xhtml#art_105","VALIDATED"
"D3_AI_ACT","32024R1689","ARTICLE","art_106","106","Amendment to Directive (EU) 2016/797","cpt_XIII","315","[ARTICLE 106]","[ARTICLE 107]","515473","515990","D3_AI_ACT_32024R1689_official.xhtml#art_106","VALIDATED"
"D3_AI_ACT","32024R1689","ARTICLE","art_107","107","Amendment to Regulation (EU) 2018/858","cpt_XIII","316","[ARTICLE 107]","[ARTICLE 108]","515991","516461","D3_AI_ACT_32024R1689_official.xhtml#art_107","VALIDATED"
"D3_AI_ACT","32024R1689","ARTICLE","art_108","108","Amendments to Regulation (EU) 2018/1139","cpt_XIII","317","[ARTICLE 108]","[ARTICLE 109]","516462","519129","D3_AI_ACT_32024R1689_official.xhtml#art_108","VALIDATED"
"D3_AI_ACT","32024R1689","ARTICLE","art_109","109","Amendment to Regulation (EU) 2019/2144","cpt_XIII","318","[ARTICLE 109]","[ARTICLE 110]","519130","519612","D3_AI_ACT_32024R1689_official.xhtml#art_109","VALIDATED"
"D3_AI_ACT","32024R1689","ARTICLE","art_110","110","Amendment to Directive (EU) 2020/1828","cpt_XIII","319","[ARTICLE 110]","[ARTICLE 111]","519613","520252","D3_AI_ACT_32024R1689_official.xhtml#art_110","VALIDATED"
"D3_AI_ACT","32024R1689","ARTICLE","art_111","111","AI systems already placed on the market or put into service and general-purpose AI models already placed on the marked","cpt_XIII","320","[ARTICLE 111]","[ARTICLE 112]","520253","521883","D3_AI_ACT_32024R1689_official.xhtml#art_111","VALIDATED"
"D3_AI_ACT","32024R1689","ARTICLE","art_112","112","Evaluation and review","cpt_XIII","321","[ARTICLE 112]","[ARTICLE 113]","521884","527562","D3_AI_ACT_32024R1689_official.xhtml#art_112","VALIDATED"
"D3_AI_ACT","32024R1689","ARTICLE","art_113","113","Entry into force and application","cpt_XIII","322","[ARTICLE 113]","[ANNEX I]","527563","542502","D3_AI_ACT_32024R1689_official.xhtml#art_113","VALIDATED"
"D3_AI_ACT","32024R1689","ANNEX","anx_I","I","List of Union harmonisation legislation","","323","[ANNEX I]","[ANNEX II]","542503","548438","D3_AI_ACT_32024R1689_official.xhtml#anx_I","VALIDATED"
"D3_AI_ACT","32024R1689","ANNEX","anx_II","II","List of criminal offences referred to in Article 5(1), first subparagraph, point (h)(iii)","","324","[ANNEX II]","[ANNEX III]","548439","549364","D3_AI_ACT_32024R1689_official.xhtml#anx_II","VALIDATED"
"D3_AI_ACT","32024R1689","ANNEX","anx_III","III","High-risk AI systems referred to in Article 6(2)","","325","[ANNEX III]","[ANNEX IV]","549365","556796","D3_AI_ACT_32024R1689_official.xhtml#anx_III","VALIDATED"
"D3_AI_ACT","32024R1689","ANNEX","anx_IV","IV","Technical documentation referred to in Article 11(1)","","326","[ANNEX IV]","[ANNEX V]","556797","562634","D3_AI_ACT_32024R1689_official.xhtml#anx_IV","VALIDATED"
"D3_AI_ACT","32024R1689","ANNEX","anx_V","V","EU declaration of conformity","","327","[ANNEX V]","[ANNEX VI]","562635","564087","D3_AI_ACT_32024R1689_official.xhtml#anx_V","VALIDATED"
"D3_AI_ACT","32024R1689","ANNEX","anx_VI","VI","Conformity assessment procedure based on internal control","","328","[ANNEX VI]","[ANNEX VII]","564088","564838","D3_AI_ACT_32024R1689_official.xhtml#anx_VI","VALIDATED"
"D3_AI_ACT","32024R1689","ANNEX","anx_VII","VII","Conformity based on an assessment of the quality management system and an assessment of the technical documentation","","329","[ANNEX VII]","[ANNEX VIII]","564839","572193","D3_AI_ACT_32024R1689_official.xhtml#anx_VII","VALIDATED"
"D3_AI_ACT","32024R1689","ANNEX","anx_VIII","VIII","Information to be submitted upon the registration of high-risk AI systems in accordance with Article 49","","330","[ANNEX VIII]","[ANNEX IX]","572194","576271","D3_AI_ACT_32024R1689_official.xhtml#anx_VIII","VALIDATED"
"D3_AI_ACT","32024R1689","ANNEX","anx_IX","IX","Information to be submitted upon the registration of high-risk AI systems listed in Annex III in relation to testing in real world conditions in accordance with Article 60","","331","[ANNEX IX]","[ANNEX X]","576272","577197","D3_AI_ACT_32024R1689_official.xhtml#anx_IX","VALIDATED"
"D3_AI_ACT","32024R1689","ANNEX","anx_X","X","Union legislative acts on large-scale IT systems in the area of Freedom, Security and Justice","","332","[ANNEX X]","[ANNEX XI]","577198","582528","D3_AI_ACT_32024R1689_official.xhtml#anx_X","VALIDATED"
"D3_AI_ACT","32024R1689","ANNEX","anx_XI","XI","Technical documentation referred to in Article 53(1), point (a) — technical documentation for providers of general-purpose AI models","","333","[ANNEX XI]","[ANNEX XII]","582529","585664","D3_AI_ACT_32024R1689_official.xhtml#anx_XI","VALIDATED"
"D3_AI_ACT","32024R1689","ANNEX","anx_XII","XII","Transparency information referred to in Article 53(1), point (b) — technical documentation for providers of general-purpose AI models to downstream providers that integrate the model into their AI system","","334","[ANNEX XII]","[ANNEX XIII]","585665","587242","D3_AI_ACT_32024R1689_official.xhtml#anx_XII","VALIDATED"
"D3_AI_ACT","32024R1689","ANNEX","anx_XIII","XIII","Criteria for the designation of general-purpose AI models with systemic risk referred to in Article 51","","335","[ANNEX XIII]","[DOCUMENT_END]","587243","588880","D3_AI_ACT_32024R1689_official.xhtml#anx_XIII","VALIDATED"
