"RECORD_ID","ACT","ACTOR_SPAN_TRUNCATION_CANDIDATE","ACTOR_COMPLEMENT_CANDIDATE","MISSING_MODAL_CANDIDATE","PREDICATE_FRAGMENTATION_CANDIDATE","DISCOURSE_ONLY_ACTION","PASSIVE_NO_EXPLICIT_ACTOR_CANDIDATE","PROPOSITION_BOUNDARY_CONTAMINATION_CANDIDATE","COORDINATED_PREDICATE_CANDIDATE","RULE_TRIGGERED","REPAIR_CANDIDATE","REPAIR_COMPLEXITY","HUMAN_GROUND_TRUTH_AVAILABLE","LUNA_SELFREVIEW_FLAG","TERRA_V2_FLAG"
"EXT-000001","D1_GDPR","False","False","True","False","False","False","True","False","PRESERVE_LEGAL_MODALITY;PROPOSITION_BOUNDARIES_MUST_BE_PRESERVED;TEMPORAL_SPATIAL_MANNER_MODIFIERS_ARE_NOT_CORE_ACTION_OR_OBJECT;OBJECT_MUST_NOT_FUNCTION_AS_RESIDUAL_BUCKET","YES","MODERATE","NO","NOT_ASSESSED","NOT_ASSESSED"
"EXT-000002","D1_GDPR","False","False","False","False","False","False","True","False","PROPOSITION_BOUNDARIES_MUST_BE_PRESERVED;TEMPORAL_SPATIAL_MANNER_MODIFIERS_ARE_NOT_CORE_ACTION_OR_OBJECT;OBJECT_MUST_NOT_FUNCTION_AS_RESIDUAL_BUCKET","YES","MODERATE","NO","YES","YES"
"EXT-000003","D1_GDPR","False","False","False","False","False","False","False","False","PREPOSITION_DOES_NOT_IMPLY_RECIPIENT","UNCERTAIN","MODERATE","NO","YES","YES"
"EXT-000004","D1_GDPR","False","False","False","False","False","False","False","False","OBJECT_MUST_NOT_FUNCTION_AS_RESIDUAL_BUCKET","UNCERTAIN","COMPLEX","NO","NOT_ASSESSED","NOT_ASSESSED"
"EXT-000005","D1_GDPR","False","False","True","False","False","False","False","False","PRESERVE_LEGAL_MODALITY","UNCERTAIN","MODERATE","NO","NOT_ASSESSED","NOT_ASSESSED"
"EXT-000006","D1_GDPR","False","False","False","False","False","False","False","False","PREPOSITION_DOES_NOT_IMPLY_RECIPIENT","UNCERTAIN","MODERATE","NO","NOT_ASSESSED","NOT_ASSESSED"
"EXT-000007","D1_GDPR","False","False","False","False","False","False","False","True","PREPOSITION_DOES_NOT_IMPLY_RECIPIENT;COORDINATED_PREDICATES_MUST_REMAIN_DISTINCT;TEMPORAL_SPATIAL_MANNER_MODIFIERS_ARE_NOT_CORE_ACTION_OR_OBJECT;OBJECT_MUST_NOT_FUNCTION_AS_RESIDUAL_BUCKET","YES","COMPLEX","NO","NOT_ASSESSED","NOT_ASSESSED"
"EXT-000008","D1_GDPR","False","False","False","False","False","False","False","False","","NO","NONE","NO","NOT_ASSESSED","NOT_ASSESSED"
"EXT-000009","D1_GDPR","False","False","False","False","False","False","True","False","PREPOSITION_DOES_NOT_IMPLY_RECIPIENT;PROPOSITION_BOUNDARIES_MUST_BE_PRESERVED;TEMPORAL_SPATIAL_MANNER_MODIFIERS_ARE_NOT_CORE_ACTION_OR_OBJECT;OBJECT_MUST_NOT_FUNCTION_AS_RESIDUAL_BUCKET","YES","MODERATE","NO","NOT_ASSESSED","NOT_ASSESSED"
"EXT-000010","D1_GDPR","False","False","False","False","False","False","False","False","","NO","NONE","NO","NOT_ASSESSED","NOT_ASSESSED"
"EXT-000011","D1_GDPR","False","False","False","False","False","False","False","False","","NO","NONE","NO","NOT_ASSESSED","NOT_ASSESSED"
"EXT-000012","D1_GDPR","False","False","False","False","False","False","False","False","","NO","NONE","NO","NOT_ASSESSED","NOT_ASSESSED"
"EXT-000013","D1_GDPR","False","False","False","False","False","False","False","False","PREPOSITION_DOES_NOT_IMPLY_RECIPIENT;RELATIONAL_ENTITY_MUST_BE_ACTOR_CAPABLE","YES","SIMPLE","NO","NOT_ASSESSED","NOT_ASSESSED"
"EXT-000014","D1_GDPR","False","False","False","False","False","False","False","False","PREPOSITION_DOES_NOT_IMPLY_RECIPIENT","UNCERTAIN","MODERATE","NO","NOT_ASSESSED","NOT_ASSESSED"
"EXT-000015","D1_GDPR","False","False","False","False","False","False","False","False","PREPOSITION_DOES_NOT_IMPLY_RECIPIENT;RELATIONAL_ENTITY_MUST_BE_ACTOR_CAPABLE","YES","SIMPLE","NO","YES","YES"
"EXT-000016","D1_GDPR","False","False","False","False","False","False","False","False","","UNCERTAIN","MODERATE","NO","YES","YES"
"EXT-000017","D1_GDPR","False","False","False","False","False","False","False","False","PREPOSITION_DOES_NOT_IMPLY_RECIPIENT;RELATIONAL_ENTITY_MUST_BE_ACTOR_CAPABLE","YES","SIMPLE","NO","NOT_ASSESSED","NOT_ASSESSED"
"EXT-000018","D1_GDPR","False","True","False","False","False","False","False","False","PREPOSITION_DOES_NOT_IMPLY_RECIPIENT;RELATIONAL_ENTITY_MUST_BE_ACTOR_CAPABLE","YES","SIMPLE","NO","NOT_ASSESSED","NOT_ASSESSED"
"EXT-000019","D1_GDPR","False","False","False","False","False","False","False","False","PRESERVE_MODAL_DEONTIC_LEXICAL_CONSTRUCTION","YES","MODERATE","NO","NOT_ASSESSED","NOT_ASSESSED"
"EXT-000020","D1_GDPR","False","False","False","False","False","False","False","False","PRESERVE_MODAL_DEONTIC_LEXICAL_CONSTRUCTION","YES","MODERATE","NO","NOT_ASSESSED","NOT_ASSESSED"
"EXT-000021","D1_GDPR","False","False","False","False","False","False","False","False","","UNCERTAIN","MODERATE","NO","YES","NO"
"EXT-000022","D1_GDPR","False","False","False","False","False","False","False","False","OBJECT_MUST_NOT_FUNCTION_AS_RESIDUAL_BUCKET","UNCERTAIN","COMPLEX","NO","NOT_ASSESSED","NOT_ASSESSED"
"EXT-000023","D1_GDPR","False","False","False","False","False","False","False","False","TEMPORAL_SPATIAL_MANNER_MODIFIERS_ARE_NOT_CORE_ACTION_OR_OBJECT","UNCERTAIN","MODERATE","NO","YES","YES"
"EXT-000024","D1_GDPR","False","False","False","False","False","False","False","False","PRESERVE_MODAL_DEONTIC_LEXICAL_CONSTRUCTION;TEMPORAL_SPATIAL_MANNER_MODIFIERS_ARE_NOT_CORE_ACTION_OR_OBJECT","YES","MODERATE","NO","YES","YES"
"EXT-000025","D1_GDPR","False","False","False","False","False","False","False","False","PRESERVE_MODAL_DEONTIC_LEXICAL_CONSTRUCTION;RELATIONAL_ENTITY_MUST_BE_ACTOR_CAPABLE","YES","MODERATE","NO","NOT_ASSESSED","NOT_ASSESSED"
"EXT-000026","D1_GDPR","False","False","False","False","False","False","False","False","PRESERVE_MODAL_DEONTIC_LEXICAL_CONSTRUCTION","YES","MODERATE","NO","YES","YES"
"EXT-000027","D1_GDPR","False","False","False","False","False","False","False","False","PRESERVE_MODAL_DEONTIC_LEXICAL_CONSTRUCTION","YES","MODERATE","NO","NOT_ASSESSED","NOT_ASSESSED"
"EXT-000028","D1_GDPR","False","False","False","False","False","False","False","False","","NO","NONE","NO","NOT_ASSESSED","NOT_ASSESSED"
"EXT-000029","D1_GDPR","False","False","False","False","False","False","True","False","PRESERVE_MODAL_DEONTIC_LEXICAL_CONSTRUCTION;PROPOSITION_BOUNDARIES_MUST_BE_PRESERVED;TEMPORAL_SPATIAL_MANNER_MODIFIERS_ARE_NOT_CORE_ACTION_OR_OBJECT;OBJECT_MUST_NOT_FUNCTION_AS_RESIDUAL_BUCKET","YES","MODERATE","NO","NOT_ASSESSED","NOT_ASSESSED"
"EXT-000030","D1_GDPR","False","False","False","False","False","False","False","False","PRESERVE_MODAL_DEONTIC_LEXICAL_CONSTRUCTION;PREPOSITION_DOES_NOT_IMPLY_RECIPIENT","YES","MODERATE","NO","NOT_ASSESSED","NOT_ASSESSED"
"EXT-000031","D1_GDPR","False","False","False","False","False","False","False","False","PREPOSITION_DOES_NOT_IMPLY_RECIPIENT","UNCERTAIN","MODERATE","NO","YES","YES"
"EXT-000032","D1_GDPR","False","False","False","False","False","False","False","False","","NO","NONE","NO","NOT_ASSESSED","NOT_ASSESSED"
"EXT-000033","D1_GDPR","False","False","False","False","False","False","False","False","PREPOSITION_DOES_NOT_IMPLY_RECIPIENT;RELATIONAL_ENTITY_MUST_BE_ACTOR_CAPABLE","YES","SIMPLE","NO","NOT_ASSESSED","NOT_ASSESSED"
"EXT-000034","D1_GDPR","False","False","False","False","False","False","False","False","","NO","NONE","NO","NO","NO"
"EXT-000035","D1_GDPR","False","False","False","False","False","False","False","False","PREPOSITION_DOES_NOT_IMPLY_RECIPIENT;RELATIONAL_ENTITY_MUST_BE_ACTOR_CAPABLE","YES","SIMPLE","NO","YES","YES"
"EXT-000036","D1_GDPR","False","False","False","False","False","False","False","False","","NO","NONE","NO","NOT_ASSESSED","NOT_ASSESSED"
"EXT-000037","D1_GDPR","False","False","False","False","False","False","False","False","PREPOSITION_DOES_NOT_IMPLY_RECIPIENT","UNCERTAIN","MODERATE","NO","NOT_ASSESSED","NOT_ASSESSED"
"EXT-000038","D1_GDPR","False","False","False","False","False","False","False","False","","NO","NONE","NO","NO","NO"
"EXT-000039","D1_GDPR","False","False","False","False","False","False","False","False","","NO","NONE","NO","NOT_ASSESSED","NOT_ASSESSED"
"EXT-000040","D1_GDPR","False","False","False","False","False","False","False","False","PREPOSITION_DOES_NOT_IMPLY_RECIPIENT","UNCERTAIN","MODERATE","NO","NOT_ASSESSED","NOT_ASSESSED"
"EXT-000041","D1_GDPR","False","False","False","False","False","False","False","False","","NO","NONE","NO","NOT_ASSESSED","NOT_ASSESSED"
"EXT-000042","D1_GDPR","False","False","False","False","False","False","False","False","","NO","NONE","NO","NOT_ASSESSED","NOT_ASSESSED"
"EXT-000043","D1_GDPR","False","False","False","False","False","False","False","False","","NO","NONE","NO","NOT_ASSESSED","NOT_ASSESSED"
"EXT-000044","D1_GDPR","False","False","False","False","False","False","False","False","","NO","NONE","NO","NOT_ASSESSED","NOT_ASSESSED"
"EXT-000045","D1_GDPR","False","False","True","False","False","False","False","False","PRESERVE_LEGAL_MODALITY;EXPLICIT_RELATIONAL_ACTOR_MUST_NOT_BE_DROPPED;OBJECT_MUST_NOT_FUNCTION_AS_RESIDUAL_BUCKET","YES","COMPLEX","NO","NOT_ASSESSED","NOT_ASSESSED"
"EXT-000046","D1_GDPR","False","False","False","False","False","False","False","False","EXPLICIT_RELATIONAL_ACTOR_MUST_NOT_BE_DROPPED","YES","MODERATE","NO","NOT_ASSESSED","NOT_ASSESSED"
"EXT-000047","D1_GDPR","False","False","False","False","False","False","False","False","RELATIONAL_ENTITY_MUST_BE_ACTOR_CAPABLE","YES","SIMPLE","NO","NOT_ASSESSED","NOT_ASSESSED"
"EXT-000048","D1_GDPR","False","False","False","False","False","False","False","False","","NO","NONE","NO","NOT_ASSESSED","NOT_ASSESSED"
"EXT-000049","D1_GDPR","False","False","False","False","False","False","True","False","RELATIONAL_ENTITY_MUST_BE_ACTOR_CAPABLE;PROPOSITION_BOUNDARIES_MUST_BE_PRESERVED;TEMPORAL_SPATIAL_MANNER_MODIFIERS_ARE_NOT_CORE_ACTION_OR_OBJECT;OBJECT_MUST_NOT_FUNCTION_AS_RESIDUAL_BUCKET","YES","MODERATE","NO","NOT_ASSESSED","NOT_ASSESSED"
"EXT-000050","D1_GDPR","False","False","False","False","False","False","False","False","RELATIONAL_ENTITY_MUST_BE_ACTOR_CAPABLE","YES","SIMPLE","NO","YES","YES"
"EXT-000051","D1_GDPR","False","False","False","False","False","False","False","False","PREPOSITION_DOES_NOT_IMPLY_RECIPIENT","UNCERTAIN","MODERATE","NO","NOT_ASSESSED","NOT_ASSESSED"
"EXT-000052","D1_GDPR","False","False","False","False","False","False","False","False","PREPOSITION_DOES_NOT_IMPLY_RECIPIENT;RELATIONAL_ENTITY_MUST_BE_ACTOR_CAPABLE","YES","SIMPLE","NO","NOT_ASSESSED","NOT_ASSESSED"
"EXT-000053","D1_GDPR","False","False","False","False","False","False","False","False","","NO","NONE","NO","NOT_ASSESSED","NOT_ASSESSED"
"EXT-000054","D1_GDPR","False","False","False","False","False","False","False","False","PREPOSITION_DOES_NOT_IMPLY_RECIPIENT;RELATIONAL_ENTITY_MUST_BE_ACTOR_CAPABLE","YES","SIMPLE","YES","YES","YES"
"EXT-000055","D1_GDPR","False","False","False","False","False","False","False","False","","NO","NONE","NO","NOT_ASSESSED","NOT_ASSESSED"
"EXT-000056","D1_GDPR","False","False","False","False","False","False","True","False","PROPOSITION_BOUNDARIES_MUST_BE_PRESERVED;TEMPORAL_SPATIAL_MANNER_MODIFIERS_ARE_NOT_CORE_ACTION_OR_OBJECT;OBJECT_MUST_NOT_FUNCTION_AS_RESIDUAL_BUCKET","YES","MODERATE","NO","NOT_ASSESSED","NOT_ASSESSED"
"EXT-000057","D1_GDPR","False","False","False","False","False","False","False","False","EXPLICIT_RELATIONAL_ACTOR_MUST_NOT_BE_DROPPED","YES","MODERATE","NO","NOT_ASSESSED","NOT_ASSESSED"
"EXT-000058","D1_GDPR","False","False","False","False","False","False","True","True","PREPOSITION_DOES_NOT_IMPLY_RECIPIENT;PROPOSITION_BOUNDARIES_MUST_BE_PRESERVED;COORDINATED_PREDICATES_MUST_REMAIN_DISTINCT;TEMPORAL_SPATIAL_MANNER_MODIFIERS_ARE_NOT_CORE_ACTION_OR_OBJECT;OBJECT_MUST_NOT_FUNCTION_AS_RESIDUAL_BUCKET","YES","COMPLEX","NO","NOT_ASSESSED","NOT_ASSESSED"
"EXT-000059","D1_GDPR","False","False","False","False","False","False","False","False","PREPOSITION_DOES_NOT_IMPLY_RECIPIENT;TEMPORAL_SPATIAL_MANNER_MODIFIERS_ARE_NOT_CORE_ACTION_OR_OBJECT","UNCERTAIN","MODERATE","NO","NOT_ASSESSED","NOT_ASSESSED"
"EXT-000060","D1_GDPR","False","False","False","False","False","False","False","False","PREPOSITION_DOES_NOT_IMPLY_RECIPIENT;RELATIONAL_ENTITY_MUST_BE_ACTOR_CAPABLE","YES","SIMPLE","NO","NOT_ASSESSED","NOT_ASSESSED"
"EXT-000061","D1_GDPR","False","False","False","False","False","False","False","False","","NO","NONE","NO","NOT_ASSESSED","NOT_ASSESSED"
"EXT-000062","D1_GDPR","False","False","False","False","False","False","False","False","PREPOSITION_DOES_NOT_IMPLY_RECIPIENT;RELATIONAL_ENTITY_MUST_BE_ACTOR_CAPABLE","YES","SIMPLE","NO","NOT_ASSESSED","NOT_ASSESSED"
"EXT-000063","D1_GDPR","False","False","False","False","False","False","False","False","PREPOSITION_DOES_NOT_IMPLY_RECIPIENT;RELATIONAL_ENTITY_MUST_BE_ACTOR_CAPABLE","YES","SIMPLE","NO","NOT_ASSESSED","NOT_ASSESSED"
"EXT-000064","D1_GDPR","False","False","False","False","False","False","False","False","OBJECT_MUST_NOT_FUNCTION_AS_RESIDUAL_BUCKET","UNCERTAIN","COMPLEX","NO","NOT_ASSESSED","NOT_ASSESSED"
"EXT-000065","D1_GDPR","False","False","False","False","False","False","True","False","PROPOSITION_BOUNDARIES_MUST_BE_PRESERVED;TEMPORAL_SPATIAL_MANNER_MODIFIERS_ARE_NOT_CORE_ACTION_OR_OBJECT;OBJECT_MUST_NOT_FUNCTION_AS_RESIDUAL_BUCKET","YES","MODERATE","NO","NOT_ASSESSED","NOT_ASSESSED"
"EXT-000066","D1_GDPR","False","False","False","False","False","False","False","False","PREPOSITION_DOES_NOT_IMPLY_RECIPIENT","UNCERTAIN","MODERATE","NO","NOT_ASSESSED","NOT_ASSESSED"
"EXT-000067","D1_GDPR","False","False","False","False","False","False","False","False","PREPOSITION_DOES_NOT_IMPLY_RECIPIENT;RELATIONAL_ENTITY_MUST_BE_ACTOR_CAPABLE","YES","SIMPLE","NO","NOT_ASSESSED","NOT_ASSESSED"
"EXT-000068","D1_GDPR","False","False","False","True","False","False","False","False","STRUCTURAL_EXTRACTION_MUST_PRESERVE_LEGAL_VERB;EXPLICIT_RELATIONAL_ACTOR_MUST_NOT_BE_DROPPED","YES","MODERATE","NO","NOT_ASSESSED","NOT_ASSESSED"
"EXT-000069","D1_GDPR","False","False","False","False","False","False","True","False","PROPOSITION_BOUNDARIES_MUST_BE_PRESERVED;TEMPORAL_SPATIAL_MANNER_MODIFIERS_ARE_NOT_CORE_ACTION_OR_OBJECT;OBJECT_MUST_NOT_FUNCTION_AS_RESIDUAL_BUCKET","YES","MODERATE","NO","NOT_ASSESSED","NOT_ASSESSED"
"EXT-000070","D1_GDPR","False","False","False","False","False","False","True","False","PROPOSITION_BOUNDARIES_MUST_BE_PRESERVED;TEMPORAL_SPATIAL_MANNER_MODIFIERS_ARE_NOT_CORE_ACTION_OR_OBJECT;OBJECT_MUST_NOT_FUNCTION_AS_RESIDUAL_BUCKET","YES","MODERATE","NO","NOT_ASSESSED","NOT_ASSESSED"
"EXT-000071","D1_GDPR","False","False","False","True","False","False","False","False","STRUCTURAL_EXTRACTION_MUST_PRESERVE_LEGAL_VERB;EXPLICIT_RELATIONAL_ACTOR_MUST_NOT_BE_DROPPED","YES","MODERATE","YES","YES","YES"
"EXT-000072","D1_GDPR","False","False","False","False","False","False","True","False","PROPOSITION_BOUNDARIES_MUST_BE_PRESERVED;TEMPORAL_SPATIAL_MANNER_MODIFIERS_ARE_NOT_CORE_ACTION_OR_OBJECT;EXPLICIT_RELATIONAL_ACTOR_MUST_NOT_BE_DROPPED;OBJECT_MUST_NOT_FUNCTION_AS_RESIDUAL_BUCKET","YES","MODERATE","NO","NOT_ASSESSED","NOT_ASSESSED"
"EXT-000073","D1_GDPR","False","False","False","False","False","False","False","False","","NO","NONE","NO","NOT_ASSESSED","NOT_ASSESSED"
"EXT-000074","D1_GDPR","False","False","False","False","False","False","False","False","PREPOSITION_DOES_NOT_IMPLY_RECIPIENT","UNCERTAIN","MODERATE","NO","NOT_ASSESSED","NOT_ASSESSED"
"EXT-000075","D1_GDPR","False","False","False","False","False","False","True","False","PROPOSITION_BOUNDARIES_MUST_BE_PRESERVED;TEMPORAL_SPATIAL_MANNER_MODIFIERS_ARE_NOT_CORE_ACTION_OR_OBJECT;OBJECT_MUST_NOT_FUNCTION_AS_RESIDUAL_BUCKET","YES","MODERATE","NO","NOT_ASSESSED","NOT_ASSESSED"
"EXT-000076","D1_GDPR","False","False","False","False","False","False","False","False","","NO","NONE","NO","NOT_ASSESSED","NOT_ASSESSED"
"EXT-000077","D1_GDPR","False","False","False","False","False","False","False","False","PREPOSITION_DOES_NOT_IMPLY_RECIPIENT;RELATIONAL_ENTITY_MUST_BE_ACTOR_CAPABLE","YES","SIMPLE","NO","NOT_ASSESSED","NOT_ASSESSED"
"EXT-000078","D1_GDPR","False","False","False","False","False","False","False","False","","NO","NONE","NO","NOT_ASSESSED","NOT_ASSESSED"
"EXT-000079","D1_GDPR","False","False","False","False","False","False","False","True","RELATIONAL_ENTITY_MUST_BE_ACTOR_CAPABLE;COORDINATED_PREDICATES_MUST_REMAIN_DISTINCT;OBJECT_MUST_NOT_FUNCTION_AS_RESIDUAL_BUCKET","YES","COMPLEX","NO","NOT_ASSESSED","NOT_ASSESSED"
"EXT-000080","D1_GDPR","False","False","False","False","False","False","False","False","","NO","NONE","NO","NOT_ASSESSED","NOT_ASSESSED"
"EXT-000081","D1_GDPR","False","False","False","False","False","False","False","False","PREPOSITION_DOES_NOT_IMPLY_RECIPIENT;RELATIONAL_ENTITY_MUST_BE_ACTOR_CAPABLE","YES","SIMPLE","NO","NOT_ASSESSED","NOT_ASSESSED"
"EXT-000082","D1_GDPR","False","False","False","False","False","False","False","False","","NO","NONE","NO","NOT_ASSESSED","NOT_ASSESSED"
"EXT-000083","D1_GDPR","False","False","False","False","False","False","True","True","PROPOSITION_BOUNDARIES_MUST_BE_PRESERVED;COORDINATED_PREDICATES_MUST_REMAIN_DISTINCT;TEMPORAL_SPATIAL_MANNER_MODIFIERS_ARE_NOT_CORE_ACTION_OR_OBJECT;OBJECT_MUST_NOT_FUNCTION_AS_RESIDUAL_BUCKET","YES","COMPLEX","NO","NOT_ASSESSED","NOT_ASSESSED"
"EXT-000084","D1_GDPR","False","False","False","False","False","False","True","False","PROPOSITION_BOUNDARIES_MUST_BE_PRESERVED;TEMPORAL_SPATIAL_MANNER_MODIFIERS_ARE_NOT_CORE_ACTION_OR_OBJECT;OBJECT_MUST_NOT_FUNCTION_AS_RESIDUAL_BUCKET","YES","MODERATE","NO","NOT_ASSESSED","NOT_ASSESSED"
"EXT-000085","D1_GDPR","False","False","False","False","False","False","False","True","COORDINATED_PREDICATES_MUST_REMAIN_DISTINCT","UNCERTAIN","COMPLEX","NO","NOT_ASSESSED","NOT_ASSESSED"
"EXT-000086","D1_GDPR","False","False","False","False","False","False","True","False","PROPOSITION_BOUNDARIES_MUST_BE_PRESERVED;TEMPORAL_SPATIAL_MANNER_MODIFIERS_ARE_NOT_CORE_ACTION_OR_OBJECT;OBJECT_MUST_NOT_FUNCTION_AS_RESIDUAL_BUCKET","YES","MODERATE","NO","NOT_ASSESSED","NOT_ASSESSED"
"EXT-000087","D1_GDPR","False","True","False","False","False","False","False","False","","NO","NONE","NO","NOT_ASSESSED","NOT_ASSESSED"
"EXT-000088","D1_GDPR","False","False","False","False","False","False","True","False","PROPOSITION_BOUNDARIES_MUST_BE_PRESERVED;TEMPORAL_SPATIAL_MANNER_MODIFIERS_ARE_NOT_CORE_ACTION_OR_OBJECT;OBJECT_MUST_NOT_FUNCTION_AS_RESIDUAL_BUCKET","YES","MODERATE","NO","NOT_ASSESSED","NOT_ASSESSED"
"EXT-000089","D1_GDPR","False","False","False","False","False","False","False","False","RELATIONAL_ENTITY_MUST_BE_ACTOR_CAPABLE","YES","SIMPLE","NO","NOT_ASSESSED","NOT_ASSESSED"
"EXT-000090","D1_GDPR","False","False","False","False","False","False","False","False","","NO","NONE","NO","NOT_ASSESSED","NOT_ASSESSED"
"EXT-000091","D1_GDPR","False","False","False","False","False","False","True","False","PROPOSITION_BOUNDARIES_MUST_BE_PRESERVED;TEMPORAL_SPATIAL_MANNER_MODIFIERS_ARE_NOT_CORE_ACTION_OR_OBJECT;OBJECT_MUST_NOT_FUNCTION_AS_RESIDUAL_BUCKET","YES","MODERATE","NO","NOT_ASSESSED","NOT_ASSESSED"
"EXT-000092","D1_GDPR","False","False","False","False","False","False","False","False","RELATIONAL_ENTITY_MUST_BE_ACTOR_CAPABLE","YES","SIMPLE","NO","NOT_ASSESSED","NOT_ASSESSED"
"EXT-000093","D1_GDPR","False","False","False","False","False","False","False","True","COORDINATED_PREDICATES_MUST_REMAIN_DISTINCT","UNCERTAIN","COMPLEX","NO","NOT_ASSESSED","NOT_ASSESSED"
"EXT-000094","D1_GDPR","False","False","False","False","False","False","False","False","RELATIONAL_ENTITY_MUST_BE_ACTOR_CAPABLE","YES","SIMPLE","NO","NOT_ASSESSED","NOT_ASSESSED"
"EXT-000095","D1_GDPR","False","False","False","False","False","False","False","True","COORDINATED_PREDICATES_MUST_REMAIN_DISTINCT","UNCERTAIN","COMPLEX","NO","NOT_ASSESSED","NOT_ASSESSED"
"EXT-000096","D1_GDPR","False","False","False","False","False","False","False","True","COORDINATED_PREDICATES_MUST_REMAIN_DISTINCT;OBJECT_MUST_NOT_FUNCTION_AS_RESIDUAL_BUCKET","YES","COMPLEX","NO","NOT_ASSESSED","NOT_ASSESSED"
"EXT-000097","D1_GDPR","False","False","False","False","False","False","False","False","","NO","NONE","NO","NOT_ASSESSED","NOT_ASSESSED"
"EXT-000098","D1_GDPR","False","False","False","False","False","False","False","False","","NO","NONE","NO","NOT_ASSESSED","NOT_ASSESSED"
"EXT-000099","D1_GDPR","False","False","False","False","False","False","False","False","PREPOSITION_DOES_NOT_IMPLY_RECIPIENT","UNCERTAIN","MODERATE","NO","NOT_ASSESSED","NOT_ASSESSED"
"EXT-000100","D1_GDPR","False","False","False","False","False","False","False","False","","NO","NONE","NO","NOT_ASSESSED","NOT_ASSESSED"
"EXT-000101","D1_GDPR","False","False","False","False","False","False","False","False","PREPOSITION_DOES_NOT_IMPLY_RECIPIENT","UNCERTAIN","MODERATE","NO","NOT_ASSESSED","NOT_ASSESSED"
"EXT-000102","D1_GDPR","False","False","False","False","False","False","False","False","","NO","NONE","NO","NOT_ASSESSED","NOT_ASSESSED"
"EXT-000103","D1_GDPR","False","False","False","False","False","False","False","False","","NO","NONE","NO","NOT_ASSESSED","NOT_ASSESSED"
"EXT-000104","D1_GDPR","False","False","False","False","False","False","False","False","","NO","NONE","NO","NOT_ASSESSED","NOT_ASSESSED"
"EXT-000105","D1_GDPR","False","False","False","False","False","False","False","False","","NO","NONE","NO","NOT_ASSESSED","NOT_ASSESSED"
"EXT-000106","D1_GDPR","False","False","False","False","False","False","False","False","PREPOSITION_DOES_NOT_IMPLY_RECIPIENT;RELATIONAL_ENTITY_MUST_BE_ACTOR_CAPABLE","YES","SIMPLE","NO","NOT_ASSESSED","NOT_ASSESSED"
"EXT-000107","D1_GDPR","False","False","False","False","False","False","True","False","PREPOSITION_DOES_NOT_IMPLY_RECIPIENT;PROPOSITION_BOUNDARIES_MUST_BE_PRESERVED;TEMPORAL_SPATIAL_MANNER_MODIFIERS_ARE_NOT_CORE_ACTION_OR_OBJECT;OBJECT_MUST_NOT_FUNCTION_AS_RESIDUAL_BUCKET","YES","MODERATE","NO","NOT_ASSESSED","NOT_ASSESSED"
"EXT-000108","D1_GDPR","False","False","False","False","False","False","False","False","PREPOSITION_DOES_NOT_IMPLY_RECIPIENT;OBJECT_MUST_NOT_FUNCTION_AS_RESIDUAL_BUCKET","UNCERTAIN","COMPLEX","NO","NOT_ASSESSED","NOT_ASSESSED"
"EXT-000109","D1_GDPR","False","False","False","False","False","False","False","False","","NO","NONE","NO","NOT_ASSESSED","NOT_ASSESSED"
"EXT-000110","D1_GDPR","False","True","False","False","False","False","True","False","PREPOSITION_DOES_NOT_IMPLY_RECIPIENT;RELATIONAL_ENTITY_MUST_BE_ACTOR_CAPABLE;PROPOSITION_BOUNDARIES_MUST_BE_PRESERVED;TEMPORAL_SPATIAL_MANNER_MODIFIERS_ARE_NOT_CORE_ACTION_OR_OBJECT;OBJECT_MUST_NOT_FUNCTION_AS_RESIDUAL_BUCKET","YES","MODERATE","NO","NOT_ASSESSED","NOT_ASSESSED"
"EXT-000111","D1_GDPR","False","False","False","False","False","False","True","True","PREPOSITION_DOES_NOT_IMPLY_RECIPIENT;RELATIONAL_ENTITY_MUST_BE_ACTOR_CAPABLE;PROPOSITION_BOUNDARIES_MUST_BE_PRESERVED;COORDINATED_PREDICATES_MUST_REMAIN_DISTINCT;TEMPORAL_SPATIAL_MANNER_MODIFIERS_ARE_NOT_CORE_ACTION_OR_OBJECT;OBJECT_MUST_NOT_FUNCTION_AS_RESIDUAL_BUCKET","YES","COMPLEX","NO","NOT_ASSESSED","NOT_ASSESSED"
"EXT-000112","D1_GDPR","False","False","False","False","False","False","False","False","PREPOSITION_DOES_NOT_IMPLY_RECIPIENT;RELATIONAL_ENTITY_MUST_BE_ACTOR_CAPABLE","YES","SIMPLE","NO","NOT_ASSESSED","NOT_ASSESSED"
"EXT-000113","D1_GDPR","False","False","False","False","False","False","True","False","PREPOSITION_DOES_NOT_IMPLY_RECIPIENT;PROPOSITION_BOUNDARIES_MUST_BE_PRESERVED;TEMPORAL_SPATIAL_MANNER_MODIFIERS_ARE_NOT_CORE_ACTION_OR_OBJECT;OBJECT_MUST_NOT_FUNCTION_AS_RESIDUAL_BUCKET","YES","MODERATE","NO","NOT_ASSESSED","NOT_ASSESSED"
"EXT-000114","D1_GDPR","False","False","False","False","False","False","False","False","","NO","NONE","NO","NOT_ASSESSED","NOT_ASSESSED"
"EXT-000115","D1_GDPR","False","False","False","False","False","False","True","False","PROPOSITION_BOUNDARIES_MUST_BE_PRESERVED;TEMPORAL_SPATIAL_MANNER_MODIFIERS_ARE_NOT_CORE_ACTION_OR_OBJECT;OBJECT_MUST_NOT_FUNCTION_AS_RESIDUAL_BUCKET","YES","MODERATE","NO","NOT_ASSESSED","NOT_ASSESSED"
"EXT-000116","D1_GDPR","False","False","False","False","False","False","False","False","","NO","NONE","NO","NOT_ASSESSED","NOT_ASSESSED"
"EXT-000117","D1_GDPR","False","False","False","False","False","False","False","False","PREPOSITION_DOES_NOT_IMPLY_RECIPIENT;RELATIONAL_ENTITY_MUST_BE_ACTOR_CAPABLE","YES","SIMPLE","NO","NOT_ASSESSED","NOT_ASSESSED"
"EXT-000118","D1_GDPR","False","False","False","False","False","False","False","False","PREPOSITION_DOES_NOT_IMPLY_RECIPIENT;RELATIONAL_ENTITY_MUST_BE_ACTOR_CAPABLE;TEMPORAL_SPATIAL_MANNER_MODIFIERS_ARE_NOT_CORE_ACTION_OR_OBJECT;OBJECT_MUST_NOT_FUNCTION_AS_RESIDUAL_BUCKET","YES","COMPLEX","NO","NOT_ASSESSED","NOT_ASSESSED"
"EXT-000119","D1_GDPR","False","False","False","False","False","False","False","False","PREPOSITION_DOES_NOT_IMPLY_RECIPIENT;RELATIONAL_ENTITY_MUST_BE_ACTOR_CAPABLE","YES","SIMPLE","NO","NOT_ASSESSED","NOT_ASSESSED"
"EXT-000120","D1_GDPR","False","False","False","False","False","False","False","True","PREPOSITION_DOES_NOT_IMPLY_RECIPIENT;RELATIONAL_ENTITY_MUST_BE_ACTOR_CAPABLE;COORDINATED_PREDICATES_MUST_REMAIN_DISTINCT","YES","COMPLEX","NO","NOT_ASSESSED","NOT_ASSESSED"
"EXT-000121","D1_GDPR","False","False","False","False","False","False","False","True","COORDINATED_PREDICATES_MUST_REMAIN_DISTINCT","UNCERTAIN","COMPLEX","NO","NOT_ASSESSED","NOT_ASSESSED"
"EXT-000122","D1_GDPR","False","False","False","False","False","False","False","False","","NO","NONE","NO","NOT_ASSESSED","NOT_ASSESSED"
"EXT-000123","D1_GDPR","False","False","False","False","False","False","False","True","PREPOSITION_DOES_NOT_IMPLY_RECIPIENT;COORDINATED_PREDICATES_MUST_REMAIN_DISTINCT","UNCERTAIN","COMPLEX","NO","NOT_ASSESSED","NOT_ASSESSED"
"EXT-000124","D1_GDPR","False","False","False","False","False","False","False","False","PREPOSITION_DOES_NOT_IMPLY_RECIPIENT","UNCERTAIN","MODERATE","NO","NOT_ASSESSED","NOT_ASSESSED"
"EXT-000125","D1_GDPR","False","False","False","False","False","False","False","True","COORDINATED_PREDICATES_MUST_REMAIN_DISTINCT","UNCERTAIN","COMPLEX","NO","NOT_ASSESSED","NOT_ASSESSED"
"EXT-000126","D1_GDPR","False","False","False","False","False","False","False","True","COORDINATED_PREDICATES_MUST_REMAIN_DISTINCT","UNCERTAIN","COMPLEX","NO","NOT_ASSESSED","NOT_ASSESSED"
"EXT-000127","D1_GDPR","False","False","False","False","False","False","False","False","PREPOSITION_DOES_NOT_IMPLY_RECIPIENT","UNCERTAIN","MODERATE","NO","NOT_ASSESSED","NOT_ASSESSED"
"EXT-000128","D1_GDPR","False","False","False","False","False","False","False","False","","NO","NONE","NO","NOT_ASSESSED","NOT_ASSESSED"
"EXT-000129","D1_GDPR","False","False","False","False","False","False","False","False","","NO","NONE","NO","NOT_ASSESSED","NOT_ASSESSED"
"EXT-000130","D1_GDPR","False","False","False","False","False","False","True","False","PROPOSITION_BOUNDARIES_MUST_BE_PRESERVED;TEMPORAL_SPATIAL_MANNER_MODIFIERS_ARE_NOT_CORE_ACTION_OR_OBJECT;OBJECT_MUST_NOT_FUNCTION_AS_RESIDUAL_BUCKET","YES","MODERATE","NO","NOT_ASSESSED","NOT_ASSESSED"
"EXT-000131","D1_GDPR","False","False","True","False","False","False","False","False","PRESERVE_LEGAL_MODALITY","UNCERTAIN","MODERATE","NO","NOT_ASSESSED","NOT_ASSESSED"
"EXT-000132","D1_GDPR","False","False","False","False","False","False","False","False","PREPOSITION_DOES_NOT_IMPLY_RECIPIENT","UNCERTAIN","MODERATE","NO","NOT_ASSESSED","NOT_ASSESSED"
"EXT-000133","D1_GDPR","False","False","False","False","False","False","False","False","PREPOSITION_DOES_NOT_IMPLY_RECIPIENT","UNCERTAIN","MODERATE","NO","NOT_ASSESSED","NOT_ASSESSED"
"EXT-000134","D1_GDPR","False","True","False","False","False","False","False","False","PREPOSITION_DOES_NOT_IMPLY_RECIPIENT","UNCERTAIN","MODERATE","NO","NOT_ASSESSED","NOT_ASSESSED"
"EXT-000135","D1_GDPR","False","False","False","False","False","False","False","False","PREPOSITION_DOES_NOT_IMPLY_RECIPIENT;OBJECT_MUST_NOT_FUNCTION_AS_RESIDUAL_BUCKET","UNCERTAIN","COMPLEX","NO","NOT_ASSESSED","NOT_ASSESSED"
"EXT-000136","D1_GDPR","False","False","False","False","False","False","False","False","","NO","NONE","NO","NOT_ASSESSED","NOT_ASSESSED"
"EXT-000137","D1_GDPR","False","False","False","False","False","False","False","True","COORDINATED_PREDICATES_MUST_REMAIN_DISTINCT;OBJECT_MUST_NOT_FUNCTION_AS_RESIDUAL_BUCKET","YES","COMPLEX","NO","NOT_ASSESSED","NOT_ASSESSED"
"EXT-000138","D1_GDPR","False","False","False","False","False","False","False","False","","NO","NONE","NO","NOT_ASSESSED","NOT_ASSESSED"
"EXT-000139","D1_GDPR","False","False","False","False","False","False","False","False","","NO","NONE","NO","NOT_ASSESSED","NOT_ASSESSED"
"EXT-000140","D1_GDPR","False","False","False","False","False","False","True","False","PROPOSITION_BOUNDARIES_MUST_BE_PRESERVED;TEMPORAL_SPATIAL_MANNER_MODIFIERS_ARE_NOT_CORE_ACTION_OR_OBJECT;OBJECT_MUST_NOT_FUNCTION_AS_RESIDUAL_BUCKET","YES","MODERATE","NO","NOT_ASSESSED","NOT_ASSESSED"
"EXT-000141","D1_GDPR","False","False","False","False","False","False","False","False","","NO","NONE","NO","NOT_ASSESSED","NOT_ASSESSED"
"EXT-000142","D1_GDPR","False","False","False","False","False","False","False","False","","NO","NONE","NO","NOT_ASSESSED","NOT_ASSESSED"
"EXT-000143","D1_GDPR","False","False","False","False","False","False","False","False","","NO","NONE","NO","NOT_ASSESSED","NOT_ASSESSED"
"EXT-000144","D1_GDPR","False","False","False","False","False","False","False","True","COORDINATED_PREDICATES_MUST_REMAIN_DISTINCT;OBJECT_MUST_NOT_FUNCTION_AS_RESIDUAL_BUCKET","YES","COMPLEX","NO","NOT_ASSESSED","NOT_ASSESSED"
"EXT-000145","D1_GDPR","False","False","False","False","False","False","True","False","PROPOSITION_BOUNDARIES_MUST_BE_PRESERVED;TEMPORAL_SPATIAL_MANNER_MODIFIERS_ARE_NOT_CORE_ACTION_OR_OBJECT;OBJECT_MUST_NOT_FUNCTION_AS_RESIDUAL_BUCKET","YES","MODERATE","NO","NOT_ASSESSED","NOT_ASSESSED"
"EXT-000146","D1_GDPR","False","False","False","False","False","False","True","False","PROPOSITION_BOUNDARIES_MUST_BE_PRESERVED;TEMPORAL_SPATIAL_MANNER_MODIFIERS_ARE_NOT_CORE_ACTION_OR_OBJECT;OBJECT_MUST_NOT_FUNCTION_AS_RESIDUAL_BUCKET","YES","MODERATE","NO","NOT_ASSESSED","NOT_ASSESSED"
"EXT-000147","D1_GDPR","False","False","False","False","False","False","False","False","","NO","NONE","NO","NOT_ASSESSED","NOT_ASSESSED"
"EXT-000148","D1_GDPR","False","False","False","False","False","False","True","False","PREPOSITION_DOES_NOT_IMPLY_RECIPIENT;PROPOSITION_BOUNDARIES_MUST_BE_PRESERVED;TEMPORAL_SPATIAL_MANNER_MODIFIERS_ARE_NOT_CORE_ACTION_OR_OBJECT;OBJECT_MUST_NOT_FUNCTION_AS_RESIDUAL_BUCKET","YES","MODERATE","NO","NOT_ASSESSED","NOT_ASSESSED"
"EXT-000149","D1_GDPR","False","False","False","False","False","False","False","False","","NO","NONE","NO","NOT_ASSESSED","NOT_ASSESSED"
"EXT-000150","D1_GDPR","False","False","False","False","False","False","False","True","COORDINATED_PREDICATES_MUST_REMAIN_DISTINCT;OBJECT_MUST_NOT_FUNCTION_AS_RESIDUAL_BUCKET","YES","COMPLEX","NO","NOT_ASSESSED","NOT_ASSESSED"
"EXT-000151","D1_GDPR","False","False","False","False","False","False","False","False","","UNCERTAIN","MODERATE","NO","YES","NO"
"EXT-000152","D1_GDPR","False","False","False","False","False","False","False","False","PREPOSITION_DOES_NOT_IMPLY_RECIPIENT;RELATIONAL_ENTITY_MUST_BE_ACTOR_CAPABLE","YES","SIMPLE","NO","NOT_ASSESSED","NOT_ASSESSED"
"EXT-000153","D1_GDPR","False","False","False","False","False","False","False","False","","NO","NONE","NO","NOT_ASSESSED","NOT_ASSESSED"
"EXT-000154","D1_GDPR","False","False","False","False","False","False","True","False","PROPOSITION_BOUNDARIES_MUST_BE_PRESERVED;TEMPORAL_SPATIAL_MANNER_MODIFIERS_ARE_NOT_CORE_ACTION_OR_OBJECT;OBJECT_MUST_NOT_FUNCTION_AS_RESIDUAL_BUCKET","YES","MODERATE","NO","NOT_ASSESSED","NOT_ASSESSED"
"EXT-000155","D1_GDPR","False","False","False","False","False","False","False","True","PREPOSITION_DOES_NOT_IMPLY_RECIPIENT;RELATIONAL_ENTITY_MUST_BE_ACTOR_CAPABLE;COORDINATED_PREDICATES_MUST_REMAIN_DISTINCT","YES","COMPLEX","NO","NOT_ASSESSED","NOT_ASSESSED"
"EXT-000156","D1_GDPR","False","False","False","False","False","False","False","False","PREPOSITION_DOES_NOT_IMPLY_RECIPIENT;RELATIONAL_ENTITY_MUST_BE_ACTOR_CAPABLE;OBJECT_MUST_NOT_FUNCTION_AS_RESIDUAL_BUCKET","YES","COMPLEX","NO","NOT_ASSESSED","NOT_ASSESSED"
"EXT-000157","D1_GDPR","False","False","False","False","False","False","False","False","PREPOSITION_DOES_NOT_IMPLY_RECIPIENT","UNCERTAIN","MODERATE","NO","NOT_ASSESSED","NOT_ASSESSED"
"EXT-000158","D1_GDPR","False","False","False","False","False","False","False","True","COORDINATED_PREDICATES_MUST_REMAIN_DISTINCT","UNCERTAIN","COMPLEX","NO","NOT_ASSESSED","NOT_ASSESSED"
"EXT-000159","D1_GDPR","False","False","False","False","False","False","False","True","COORDINATED_PREDICATES_MUST_REMAIN_DISTINCT","UNCERTAIN","COMPLEX","NO","NOT_ASSESSED","NOT_ASSESSED"
"EXT-000160","D1_GDPR","False","False","False","False","False","False","False","True","COORDINATED_PREDICATES_MUST_REMAIN_DISTINCT","UNCERTAIN","COMPLEX","NO","NOT_ASSESSED","NOT_ASSESSED"
"EXT-000161","D1_GDPR","False","False","False","False","False","False","True","False","PROPOSITION_BOUNDARIES_MUST_BE_PRESERVED;TEMPORAL_SPATIAL_MANNER_MODIFIERS_ARE_NOT_CORE_ACTION_OR_OBJECT;OBJECT_MUST_NOT_FUNCTION_AS_RESIDUAL_BUCKET","YES","MODERATE","NO","NOT_ASSESSED","NOT_ASSESSED"
"EXT-000162","D1_GDPR","False","False","False","False","False","False","True","False","PROPOSITION_BOUNDARIES_MUST_BE_PRESERVED;TEMPORAL_SPATIAL_MANNER_MODIFIERS_ARE_NOT_CORE_ACTION_OR_OBJECT;OBJECT_MUST_NOT_FUNCTION_AS_RESIDUAL_BUCKET","YES","MODERATE","NO","NOT_ASSESSED","NOT_ASSESSED"
"EXT-000163","D1_GDPR","False","False","False","False","False","False","False","True","COORDINATED_PREDICATES_MUST_REMAIN_DISTINCT","UNCERTAIN","COMPLEX","NO","NOT_ASSESSED","NOT_ASSESSED"
"EXT-000164","D1_GDPR","False","False","False","False","False","False","True","False","PROPOSITION_BOUNDARIES_MUST_BE_PRESERVED;TEMPORAL_SPATIAL_MANNER_MODIFIERS_ARE_NOT_CORE_ACTION_OR_OBJECT;OBJECT_MUST_NOT_FUNCTION_AS_RESIDUAL_BUCKET","YES","MODERATE","NO","NOT_ASSESSED","NOT_ASSESSED"
"EXT-000165","D1_GDPR","False","False","False","False","False","False","False","True","COORDINATED_PREDICATES_MUST_REMAIN_DISTINCT","UNCERTAIN","COMPLEX","NO","NOT_ASSESSED","NOT_ASSESSED"
"EXT-000166","D1_GDPR","False","False","False","False","False","False","True","True","PROPOSITION_BOUNDARIES_MUST_BE_PRESERVED;COORDINATED_PREDICATES_MUST_REMAIN_DISTINCT;TEMPORAL_SPATIAL_MANNER_MODIFIERS_ARE_NOT_CORE_ACTION_OR_OBJECT;OBJECT_MUST_NOT_FUNCTION_AS_RESIDUAL_BUCKET","YES","COMPLEX","NO","NOT_ASSESSED","NOT_ASSESSED"
"EXT-000167","D1_GDPR","False","False","False","False","False","False","False","True","COORDINATED_PREDICATES_MUST_REMAIN_DISTINCT","UNCERTAIN","COMPLEX","NO","NOT_ASSESSED","NOT_ASSESSED"
"EXT-000168","D1_GDPR","False","False","False","False","False","False","False","True","COORDINATED_PREDICATES_MUST_REMAIN_DISTINCT;OBJECT_MUST_NOT_FUNCTION_AS_RESIDUAL_BUCKET","YES","COMPLEX","NO","NOT_ASSESSED","NOT_ASSESSED"
"EXT-000169","D1_GDPR","False","False","False","False","False","False","False","True","COORDINATED_PREDICATES_MUST_REMAIN_DISTINCT;TEMPORAL_SPATIAL_MANNER_MODIFIERS_ARE_NOT_CORE_ACTION_OR_OBJECT;OBJECT_MUST_NOT_FUNCTION_AS_RESIDUAL_BUCKET","YES","COMPLEX","NO","NOT_ASSESSED","NOT_ASSESSED"
"EXT-000170","D1_GDPR","False","False","True","False","False","False","True","False","PRESERVE_LEGAL_MODALITY;PREPOSITION_DOES_NOT_IMPLY_RECIPIENT;PROPOSITION_BOUNDARIES_MUST_BE_PRESERVED;TEMPORAL_SPATIAL_MANNER_MODIFIERS_ARE_NOT_CORE_ACTION_OR_OBJECT;OBJECT_MUST_NOT_FUNCTION_AS_RESIDUAL_BUCKET","YES","MODERATE","NO","NOT_ASSESSED","NOT_ASSESSED"
"EXT-000171","D1_GDPR","False","False","False","False","False","False","False","True","PREPOSITION_DOES_NOT_IMPLY_RECIPIENT;COORDINATED_PREDICATES_MUST_REMAIN_DISTINCT;OBJECT_MUST_NOT_FUNCTION_AS_RESIDUAL_BUCKET","YES","COMPLEX","NO","NOT_ASSESSED","NOT_ASSESSED"
"EXT-000172","D1_GDPR","False","False","False","False","False","False","False","False","PREPOSITION_DOES_NOT_IMPLY_RECIPIENT","UNCERTAIN","MODERATE","NO","NOT_ASSESSED","NOT_ASSESSED"
"EXT-000173","D1_GDPR","False","False","True","False","False","False","False","False","PRESERVE_LEGAL_MODALITY;PREPOSITION_DOES_NOT_IMPLY_RECIPIENT;OBJECT_MUST_NOT_FUNCTION_AS_RESIDUAL_BUCKET","YES","COMPLEX","NO","NOT_ASSESSED","NOT_ASSESSED"
"EXT-000174","D1_GDPR","False","False","False","False","False","False","False","False","PREPOSITION_DOES_NOT_IMPLY_RECIPIENT","UNCERTAIN","MODERATE","NO","NOT_ASSESSED","NOT_ASSESSED"
"EXT-000175","D1_GDPR","False","False","False","False","False","False","False","False","","NO","NONE","NO","NOT_ASSESSED","NOT_ASSESSED"
"EXT-000176","D1_GDPR","False","False","False","False","False","False","False","False","","NO","NONE","NO","NOT_ASSESSED","NOT_ASSESSED"
"EXT-000177","D1_GDPR","False","False","False","False","False","False","True","False","PRESERVE_MODAL_DEONTIC_LEXICAL_CONSTRUCTION;PROPOSITION_BOUNDARIES_MUST_BE_PRESERVED;TEMPORAL_SPATIAL_MANNER_MODIFIERS_ARE_NOT_CORE_ACTION_OR_OBJECT;OBJECT_MUST_NOT_FUNCTION_AS_RESIDUAL_BUCKET","YES","COMPLEX","NO","NOT_ASSESSED","NOT_ASSESSED"
"EXT-000178","D1_GDPR","False","False","False","False","False","False","False","False","PREPOSITION_DOES_NOT_IMPLY_RECIPIENT","UNCERTAIN","MODERATE","NO","NOT_ASSESSED","NOT_ASSESSED"
"EXT-000179","D1_GDPR","False","False","False","False","False","False","True","False","PREPOSITION_DOES_NOT_IMPLY_RECIPIENT;RELATIONAL_ENTITY_MUST_BE_ACTOR_CAPABLE;PROPOSITION_BOUNDARIES_MUST_BE_PRESERVED;TEMPORAL_SPATIAL_MANNER_MODIFIERS_ARE_NOT_CORE_ACTION_OR_OBJECT;OBJECT_MUST_NOT_FUNCTION_AS_RESIDUAL_BUCKET","YES","MODERATE","NO","NOT_ASSESSED","NOT_ASSESSED"
"EXT-000180","D1_GDPR","False","False","False","False","False","False","False","False","RELATIONAL_ENTITY_MUST_BE_ACTOR_CAPABLE","YES","SIMPLE","NO","NOT_ASSESSED","NOT_ASSESSED"
"EXT-000181","D1_GDPR","False","True","False","False","False","False","False","False","RELATIONAL_ENTITY_MUST_BE_ACTOR_CAPABLE","YES","SIMPLE","NO","NOT_ASSESSED","NOT_ASSESSED"
"EXT-000182","D1_GDPR","False","False","False","False","False","False","True","False","PREPOSITION_DOES_NOT_IMPLY_RECIPIENT;PROPOSITION_BOUNDARIES_MUST_BE_PRESERVED;TEMPORAL_SPATIAL_MANNER_MODIFIERS_ARE_NOT_CORE_ACTION_OR_OBJECT;OBJECT_MUST_NOT_FUNCTION_AS_RESIDUAL_BUCKET","YES","MODERATE","NO","NOT_ASSESSED","NOT_ASSESSED"
"EXT-000183","D1_GDPR","False","False","False","False","False","False","False","False","PREPOSITION_DOES_NOT_IMPLY_RECIPIENT;RELATIONAL_ENTITY_MUST_BE_ACTOR_CAPABLE","YES","SIMPLE","NO","NOT_ASSESSED","NOT_ASSESSED"
"EXT-000184","D1_GDPR","False","False","False","False","False","False","False","False","OBJECT_MUST_NOT_FUNCTION_AS_RESIDUAL_BUCKET","UNCERTAIN","COMPLEX","NO","NOT_ASSESSED","NOT_ASSESSED"
"EXT-000185","D1_GDPR","False","False","False","False","False","False","True","False","PROPOSITION_BOUNDARIES_MUST_BE_PRESERVED;TEMPORAL_SPATIAL_MANNER_MODIFIERS_ARE_NOT_CORE_ACTION_OR_OBJECT;OBJECT_MUST_NOT_FUNCTION_AS_RESIDUAL_BUCKET","YES","MODERATE","NO","NOT_ASSESSED","NOT_ASSESSED"
"EXT-000186","D1_GDPR","False","False","False","False","False","False","False","False","PREPOSITION_DOES_NOT_IMPLY_RECIPIENT","UNCERTAIN","MODERATE","NO","NOT_ASSESSED","NOT_ASSESSED"
"EXT-000187","D1_GDPR","False","False","False","False","False","False","False","False","","NO","NONE","NO","NOT_ASSESSED","NOT_ASSESSED"
"EXT-000188","D1_GDPR","False","False","True","False","False","False","False","False","PRESERVE_LEGAL_MODALITY","UNCERTAIN","MODERATE","NO","NOT_ASSESSED","NOT_ASSESSED"
"EXT-000189","D1_GDPR","False","False","False","False","False","False","False","False","","NO","NONE","NO","NOT_ASSESSED","NOT_ASSESSED"
"EXT-000190","D1_GDPR","False","False","False","False","False","False","True","False","PROPOSITION_BOUNDARIES_MUST_BE_PRESERVED;TEMPORAL_SPATIAL_MANNER_MODIFIERS_ARE_NOT_CORE_ACTION_OR_OBJECT;OBJECT_MUST_NOT_FUNCTION_AS_RESIDUAL_BUCKET","YES","MODERATE","NO","NOT_ASSESSED","NOT_ASSESSED"
"EXT-000191","D1_GDPR","False","False","True","False","False","False","False","False","PRESERVE_LEGAL_MODALITY","UNCERTAIN","MODERATE","NO","NOT_ASSESSED","NOT_ASSESSED"
"EXT-000192","D1_GDPR","False","False","False","False","False","False","True","False","PROPOSITION_BOUNDARIES_MUST_BE_PRESERVED;TEMPORAL_SPATIAL_MANNER_MODIFIERS_ARE_NOT_CORE_ACTION_OR_OBJECT;OBJECT_MUST_NOT_FUNCTION_AS_RESIDUAL_BUCKET","YES","COMPLEX","NO","NOT_ASSESSED","NOT_ASSESSED"
"EXT-000193","D1_GDPR","False","False","False","False","False","False","False","True","COORDINATED_PREDICATES_MUST_REMAIN_DISTINCT;OBJECT_MUST_NOT_FUNCTION_AS_RESIDUAL_BUCKET","YES","COMPLEX","NO","NOT_ASSESSED","NOT_ASSESSED"
"EXT-000194","D1_GDPR","False","False","False","False","False","False","False","False","TEMPORAL_SPATIAL_MANNER_MODIFIERS_ARE_NOT_CORE_ACTION_OR_OBJECT","UNCERTAIN","MODERATE","NO","NOT_ASSESSED","NOT_ASSESSED"
"EXT-000195","D1_GDPR","False","False","False","False","False","False","False","True","RELATIONAL_ENTITY_MUST_BE_ACTOR_CAPABLE;COORDINATED_PREDICATES_MUST_REMAIN_DISTINCT","YES","COMPLEX","NO","NOT_ASSESSED","NOT_ASSESSED"
"EXT-000196","D1_GDPR","False","False","False","False","False","False","True","False","PROPOSITION_BOUNDARIES_MUST_BE_PRESERVED;TEMPORAL_SPATIAL_MANNER_MODIFIERS_ARE_NOT_CORE_ACTION_OR_OBJECT;OBJECT_MUST_NOT_FUNCTION_AS_RESIDUAL_BUCKET","YES","MODERATE","NO","NOT_ASSESSED","NOT_ASSESSED"
"EXT-000197","D1_GDPR","False","False","False","False","False","False","True","False","PROPOSITION_BOUNDARIES_MUST_BE_PRESERVED;TEMPORAL_SPATIAL_MANNER_MODIFIERS_ARE_NOT_CORE_ACTION_OR_OBJECT;OBJECT_MUST_NOT_FUNCTION_AS_RESIDUAL_BUCKET","YES","MODERATE","NO","NOT_ASSESSED","NOT_ASSESSED"
"EXT-000198","D1_GDPR","False","False","False","False","False","False","False","False","","NO","NONE","NO","NOT_ASSESSED","NOT_ASSESSED"
"EXT-000199","D1_GDPR","False","False","False","False","False","False","False","False","","NO","NONE","NO","NOT_ASSESSED","NOT_ASSESSED"
"EXT-000200","D1_GDPR","False","False","False","False","False","False","False","False","","NO","NONE","NO","NOT_ASSESSED","NOT_ASSESSED"
"EXT-000201","D1_GDPR","False","False","False","False","False","False","True","True","PROPOSITION_BOUNDARIES_MUST_BE_PRESERVED;COORDINATED_PREDICATES_MUST_REMAIN_DISTINCT;TEMPORAL_SPATIAL_MANNER_MODIFIERS_ARE_NOT_CORE_ACTION_OR_OBJECT;OBJECT_MUST_NOT_FUNCTION_AS_RESIDUAL_BUCKET","YES","COMPLEX","NO","NOT_ASSESSED","NOT_ASSESSED"
"EXT-000202","D1_GDPR","False","False","False","False","False","False","False","False","PRESERVE_MODAL_DEONTIC_LEXICAL_CONSTRUCTION;OBJECT_MUST_NOT_FUNCTION_AS_RESIDUAL_BUCKET","YES","COMPLEX","NO","NOT_ASSESSED","NOT_ASSESSED"
"EXT-000203","D1_GDPR","False","False","False","False","False","False","False","False","","NO","NONE","NO","NOT_ASSESSED","NOT_ASSESSED"
"EXT-000204","D1_GDPR","False","False","False","False","False","False","False","False","","NO","NONE","NO","NOT_ASSESSED","NOT_ASSESSED"
"EXT-000205","D1_GDPR","False","False","False","False","False","False","True","False","PROPOSITION_BOUNDARIES_MUST_BE_PRESERVED;TEMPORAL_SPATIAL_MANNER_MODIFIERS_ARE_NOT_CORE_ACTION_OR_OBJECT;OBJECT_MUST_NOT_FUNCTION_AS_RESIDUAL_BUCKET","YES","COMPLEX","NO","NOT_ASSESSED","NOT_ASSESSED"
"EXT-000206","D1_GDPR","False","False","False","False","False","False","False","False","PRESERVE_MODAL_DEONTIC_LEXICAL_CONSTRUCTION;OBJECT_MUST_NOT_FUNCTION_AS_RESIDUAL_BUCKET","YES","COMPLEX","NO","NOT_ASSESSED","NOT_ASSESSED"
"EXT-000207","D1_GDPR","False","False","False","False","False","False","True","True","PROPOSITION_BOUNDARIES_MUST_BE_PRESERVED;COORDINATED_PREDICATES_MUST_REMAIN_DISTINCT;TEMPORAL_SPATIAL_MANNER_MODIFIERS_ARE_NOT_CORE_ACTION_OR_OBJECT;OBJECT_MUST_NOT_FUNCTION_AS_RESIDUAL_BUCKET","YES","COMPLEX","NO","NOT_ASSESSED","NOT_ASSESSED"
"EXT-000208","D1_GDPR","False","False","False","False","False","False","True","False","PROPOSITION_BOUNDARIES_MUST_BE_PRESERVED;TEMPORAL_SPATIAL_MANNER_MODIFIERS_ARE_NOT_CORE_ACTION_OR_OBJECT;OBJECT_MUST_NOT_FUNCTION_AS_RESIDUAL_BUCKET","YES","MODERATE","NO","NOT_ASSESSED","NOT_ASSESSED"
"EXT-000209","D1_GDPR","False","False","False","False","False","False","True","False","PREPOSITION_DOES_NOT_IMPLY_RECIPIENT;RELATIONAL_ENTITY_MUST_BE_ACTOR_CAPABLE;PROPOSITION_BOUNDARIES_MUST_BE_PRESERVED;TEMPORAL_SPATIAL_MANNER_MODIFIERS_ARE_NOT_CORE_ACTION_OR_OBJECT;OBJECT_MUST_NOT_FUNCTION_AS_RESIDUAL_BUCKET","YES","MODERATE","NO","NOT_ASSESSED","NOT_ASSESSED"
"EXT-000210","D1_GDPR","False","False","False","False","False","False","True","False","PROPOSITION_BOUNDARIES_MUST_BE_PRESERVED;TEMPORAL_SPATIAL_MANNER_MODIFIERS_ARE_NOT_CORE_ACTION_OR_OBJECT;OBJECT_MUST_NOT_FUNCTION_AS_RESIDUAL_BUCKET","YES","MODERATE","NO","NOT_ASSESSED","NOT_ASSESSED"
"EXT-000211","D1_GDPR","False","False","False","False","False","False","False","False","","NO","NONE","NO","NOT_ASSESSED","NOT_ASSESSED"
"EXT-000212","D1_GDPR","False","False","False","False","False","False","False","False","","NO","NONE","NO","NOT_ASSESSED","NOT_ASSESSED"
"EXT-000213","D1_GDPR","False","False","False","False","False","False","False","False","","NO","NONE","NO","NOT_ASSESSED","NOT_ASSESSED"
"EXT-000214","D1_GDPR","False","False","False","False","False","False","False","False","","NO","NONE","NO","NOT_ASSESSED","NOT_ASSESSED"
"EXT-000215","D1_GDPR","False","False","False","False","False","False","False","False","","NO","NONE","NO","NOT_ASSESSED","NOT_ASSESSED"
"EXT-000216","D1_GDPR","False","False","False","False","False","False","True","False","PROPOSITION_BOUNDARIES_MUST_BE_PRESERVED;TEMPORAL_SPATIAL_MANNER_MODIFIERS_ARE_NOT_CORE_ACTION_OR_OBJECT;OBJECT_MUST_NOT_FUNCTION_AS_RESIDUAL_BUCKET","YES","MODERATE","NO","NOT_ASSESSED","NOT_ASSESSED"
"EXT-000217","D1_GDPR","False","False","False","False","False","False","False","False","RELATIONAL_ENTITY_MUST_BE_ACTOR_CAPABLE","YES","SIMPLE","NO","NOT_ASSESSED","NOT_ASSESSED"
"EXT-000218","D1_GDPR","False","False","False","False","False","False","False","False","RELATIONAL_ENTITY_MUST_BE_ACTOR_CAPABLE","YES","SIMPLE","NO","NOT_ASSESSED","NOT_ASSESSED"
"EXT-000219","D1_GDPR","False","False","False","False","False","False","False","False","","NO","NONE","NO","NOT_ASSESSED","NOT_ASSESSED"
"EXT-000220","D1_GDPR","False","False","False","False","False","False","True","False","PRESERVE_MODAL_DEONTIC_LEXICAL_CONSTRUCTION;PREPOSITION_DOES_NOT_IMPLY_RECIPIENT;PROPOSITION_BOUNDARIES_MUST_BE_PRESERVED;TEMPORAL_SPATIAL_MANNER_MODIFIERS_ARE_NOT_CORE_ACTION_OR_OBJECT;OBJECT_MUST_NOT_FUNCTION_AS_RESIDUAL_BUCKET","YES","MODERATE","NO","NOT_ASSESSED","NOT_ASSESSED"
"EXT-000221","D1_GDPR","False","False","False","False","False","False","False","False","EXPLICIT_RELATIONAL_ACTOR_MUST_NOT_BE_DROPPED","YES","MODERATE","NO","NOT_ASSESSED","NOT_ASSESSED"
"EXT-000222","D1_GDPR","False","False","False","False","False","False","False","False","PRESERVE_MODAL_DEONTIC_LEXICAL_CONSTRUCTION;PREPOSITION_DOES_NOT_IMPLY_RECIPIENT","YES","MODERATE","NO","NOT_ASSESSED","NOT_ASSESSED"
"EXT-000223","D1_GDPR","False","False","False","False","False","False","False","False","PRESERVE_MODAL_DEONTIC_LEXICAL_CONSTRUCTION;PREPOSITION_DOES_NOT_IMPLY_RECIPIENT","YES","MODERATE","NO","NOT_ASSESSED","NOT_ASSESSED"
"EXT-000224","D1_GDPR","False","False","False","False","False","False","False","False","","NO","NONE","NO","NOT_ASSESSED","NOT_ASSESSED"
"EXT-000225","D1_GDPR","False","False","False","False","False","False","False","False","","NO","NONE","NO","NOT_ASSESSED","NOT_ASSESSED"
"EXT-000226","D1_GDPR","False","False","False","False","False","False","False","False","PRESERVE_MODAL_DEONTIC_LEXICAL_CONSTRUCTION;PREPOSITION_DOES_NOT_IMPLY_RECIPIENT","YES","MODERATE","NO","NOT_ASSESSED","NOT_ASSESSED"
"EXT-000227","D1_GDPR","False","False","False","False","False","False","False","False","","NO","NONE","NO","NOT_ASSESSED","NOT_ASSESSED"
"EXT-000228","D1_GDPR","False","False","False","False","False","False","False","False","PREPOSITION_DOES_NOT_IMPLY_RECIPIENT;RELATIONAL_ENTITY_MUST_BE_ACTOR_CAPABLE","YES","SIMPLE","NO","NOT_ASSESSED","NOT_ASSESSED"
"EXT-000229","D1_GDPR","False","False","False","False","False","False","False","False","","NO","NONE","NO","NOT_ASSESSED","NOT_ASSESSED"
"EXT-000230","D1_GDPR","False","False","False","False","False","False","True","False","PRESERVE_MODAL_DEONTIC_LEXICAL_CONSTRUCTION;PREPOSITION_DOES_NOT_IMPLY_RECIPIENT;PROPOSITION_BOUNDARIES_MUST_BE_PRESERVED;TEMPORAL_SPATIAL_MANNER_MODIFIERS_ARE_NOT_CORE_ACTION_OR_OBJECT;OBJECT_MUST_NOT_FUNCTION_AS_RESIDUAL_BUCKET","YES","MODERATE","NO","NOT_ASSESSED","NOT_ASSESSED"
"EXT-000231","D1_GDPR","False","False","False","False","False","False","True","False","PROPOSITION_BOUNDARIES_MUST_BE_PRESERVED;TEMPORAL_SPATIAL_MANNER_MODIFIERS_ARE_NOT_CORE_ACTION_OR_OBJECT;OBJECT_MUST_NOT_FUNCTION_AS_RESIDUAL_BUCKET","YES","MODERATE","NO","NOT_ASSESSED","NOT_ASSESSED"
"EXT-000232","D1_GDPR","False","False","False","False","False","False","True","False","PROPOSITION_BOUNDARIES_MUST_BE_PRESERVED;TEMPORAL_SPATIAL_MANNER_MODIFIERS_ARE_NOT_CORE_ACTION_OR_OBJECT;OBJECT_MUST_NOT_FUNCTION_AS_RESIDUAL_BUCKET","YES","MODERATE","NO","NOT_ASSESSED","NOT_ASSESSED"
"EXT-000233","D1_GDPR","False","False","False","True","True","False","True","False","STRUCTURAL_EXTRACTION_MUST_PRESERVE_LEGAL_VERB;PROPOSITION_BOUNDARIES_MUST_BE_PRESERVED;DISCOURSE_ADVERB_IS_NOT_ACTION;TEMPORAL_SPATIAL_MANNER_MODIFIERS_ARE_NOT_CORE_ACTION_OR_OBJECT;OBJECT_MUST_NOT_FUNCTION_AS_RESIDUAL_BUCKET","YES","MODERATE","NO","NOT_ASSESSED","NOT_ASSESSED"
"EXT-000234","D1_GDPR","False","False","False","False","False","False","False","False","OBJECT_MUST_NOT_FUNCTION_AS_RESIDUAL_BUCKET","YES","COMPLEX","NO","YES","YES"
"EXT-000235","D1_GDPR","False","False","False","False","False","False","False","False","","NO","NONE","NO","NOT_ASSESSED","NOT_ASSESSED"
"EXT-000236","D1_GDPR","False","False","False","False","False","False","False","False","PREPOSITION_DOES_NOT_IMPLY_RECIPIENT","UNCERTAIN","MODERATE","NO","NOT_ASSESSED","NOT_ASSESSED"
"EXT-000237","D1_GDPR","False","False","False","False","False","False","False","False","","NO","NONE","NO","NOT_ASSESSED","NOT_ASSESSED"
"EXT-000238","D1_GDPR","False","False","False","False","False","False","False","False","PREPOSITION_DOES_NOT_IMPLY_RECIPIENT;RELATIONAL_ENTITY_MUST_BE_ACTOR_CAPABLE","YES","SIMPLE","NO","NOT_ASSESSED","NOT_ASSESSED"
"EXT-000239","D1_GDPR","False","False","False","False","False","False","False","False","","NO","NONE","NO","NOT_ASSESSED","NOT_ASSESSED"
"EXT-000240","D1_GDPR","False","False","False","False","False","False","False","True","COORDINATED_PREDICATES_MUST_REMAIN_DISTINCT","UNCERTAIN","COMPLEX","NO","NOT_ASSESSED","NOT_ASSESSED"
"EXT-000241","D1_GDPR","False","False","False","False","False","False","False","True","COORDINATED_PREDICATES_MUST_REMAIN_DISTINCT","UNCERTAIN","COMPLEX","NO","NOT_ASSESSED","NOT_ASSESSED"
"EXT-000242","D1_GDPR","False","True","False","False","False","False","False","False","","NO","NONE","NO","NOT_ASSESSED","NOT_ASSESSED"
"EXT-000243","D1_GDPR","False","False","False","False","False","False","False","True","COORDINATED_PREDICATES_MUST_REMAIN_DISTINCT","UNCERTAIN","COMPLEX","NO","NOT_ASSESSED","NOT_ASSESSED"
"EXT-000244","D1_GDPR","False","False","False","False","False","False","False","False","","NO","NONE","NO","NOT_ASSESSED","NOT_ASSESSED"
"EXT-000245","D1_GDPR","False","False","False","False","False","False","False","True","COORDINATED_PREDICATES_MUST_REMAIN_DISTINCT","UNCERTAIN","COMPLEX","NO","NOT_ASSESSED","NOT_ASSESSED"
"EXT-000246","D1_GDPR","False","False","False","False","False","False","False","False","PREPOSITION_DOES_NOT_IMPLY_RECIPIENT;RELATIONAL_ENTITY_MUST_BE_ACTOR_CAPABLE","YES","SIMPLE","NO","NOT_ASSESSED","NOT_ASSESSED"
"EXT-000247","D1_GDPR","False","False","False","False","False","False","False","False","PREPOSITION_DOES_NOT_IMPLY_RECIPIENT;RELATIONAL_ENTITY_MUST_BE_ACTOR_CAPABLE","YES","SIMPLE","NO","NOT_ASSESSED","NOT_ASSESSED"
"EXT-000248","D1_GDPR","False","False","False","False","False","False","False","False","","NO","NONE","NO","NOT_ASSESSED","NOT_ASSESSED"
"EXT-000249","D1_GDPR","False","False","False","False","False","False","False","True","COORDINATED_PREDICATES_MUST_REMAIN_DISTINCT","UNCERTAIN","COMPLEX","NO","NOT_ASSESSED","NOT_ASSESSED"
"EXT-000250","D1_GDPR","False","False","False","False","False","False","False","False","PREPOSITION_DOES_NOT_IMPLY_RECIPIENT","UNCERTAIN","MODERATE","NO","NOT_ASSESSED","NOT_ASSESSED"
"EXT-000251","D1_GDPR","False","False","False","False","False","False","False","False","PREPOSITION_DOES_NOT_IMPLY_RECIPIENT","UNCERTAIN","MODERATE","NO","NOT_ASSESSED","NOT_ASSESSED"
"EXT-000252","D1_GDPR","False","False","False","False","False","False","True","False","PROPOSITION_BOUNDARIES_MUST_BE_PRESERVED;TEMPORAL_SPATIAL_MANNER_MODIFIERS_ARE_NOT_CORE_ACTION_OR_OBJECT;OBJECT_MUST_NOT_FUNCTION_AS_RESIDUAL_BUCKET","YES","MODERATE","NO","NOT_ASSESSED","NOT_ASSESSED"
"EXT-000253","D1_GDPR","False","True","False","False","False","False","True","False","PREPOSITION_DOES_NOT_IMPLY_RECIPIENT;PROPOSITION_BOUNDARIES_MUST_BE_PRESERVED;TEMPORAL_SPATIAL_MANNER_MODIFIERS_ARE_NOT_CORE_ACTION_OR_OBJECT;OBJECT_MUST_NOT_FUNCTION_AS_RESIDUAL_BUCKET","YES","MODERATE","NO","NOT_ASSESSED","NOT_ASSESSED"
"EXT-000254","D1_GDPR","False","False","False","False","False","False","True","False","PREPOSITION_DOES_NOT_IMPLY_RECIPIENT;PROPOSITION_BOUNDARIES_MUST_BE_PRESERVED;TEMPORAL_SPATIAL_MANNER_MODIFIERS_ARE_NOT_CORE_ACTION_OR_OBJECT;OBJECT_MUST_NOT_FUNCTION_AS_RESIDUAL_BUCKET","YES","MODERATE","NO","NOT_ASSESSED","NOT_ASSESSED"
"EXT-000255","D1_GDPR","False","False","False","False","False","False","True","False","PREPOSITION_DOES_NOT_IMPLY_RECIPIENT;RELATIONAL_ENTITY_MUST_BE_ACTOR_CAPABLE;PROPOSITION_BOUNDARIES_MUST_BE_PRESERVED;TEMPORAL_SPATIAL_MANNER_MODIFIERS_ARE_NOT_CORE_ACTION_OR_OBJECT;OBJECT_MUST_NOT_FUNCTION_AS_RESIDUAL_BUCKET","YES","MODERATE","NO","NOT_ASSESSED","NOT_ASSESSED"
"EXT-000256","D1_GDPR","False","False","False","False","False","False","False","False","PREPOSITION_DOES_NOT_IMPLY_RECIPIENT;RELATIONAL_ENTITY_MUST_BE_ACTOR_CAPABLE","YES","SIMPLE","NO","NOT_ASSESSED","NOT_ASSESSED"
"EXT-000257","D1_GDPR","False","False","False","False","False","False","False","True","COORDINATED_PREDICATES_MUST_REMAIN_DISTINCT","UNCERTAIN","COMPLEX","NO","NOT_ASSESSED","NOT_ASSESSED"
"EXT-000258","D1_GDPR","False","False","False","False","False","False","False","False","","NO","NONE","NO","NOT_ASSESSED","NOT_ASSESSED"
"EXT-000259","D1_GDPR","False","False","False","False","False","False","True","False","PROPOSITION_BOUNDARIES_MUST_BE_PRESERVED;TEMPORAL_SPATIAL_MANNER_MODIFIERS_ARE_NOT_CORE_ACTION_OR_OBJECT;OBJECT_MUST_NOT_FUNCTION_AS_RESIDUAL_BUCKET","YES","COMPLEX","NO","NOT_ASSESSED","NOT_ASSESSED"
"EXT-000260","D1_GDPR","False","False","False","False","False","False","False","False","","NO","NONE","NO","NOT_ASSESSED","NOT_ASSESSED"
"EXT-000261","D1_GDPR","False","False","False","False","False","False","False","True","COORDINATED_PREDICATES_MUST_REMAIN_DISTINCT;OBJECT_MUST_NOT_FUNCTION_AS_RESIDUAL_BUCKET","YES","COMPLEX","NO","NOT_ASSESSED","NOT_ASSESSED"
"EXT-000262","D1_GDPR","False","False","False","False","False","False","True","False","PROPOSITION_BOUNDARIES_MUST_BE_PRESERVED;TEMPORAL_SPATIAL_MANNER_MODIFIERS_ARE_NOT_CORE_ACTION_OR_OBJECT;OBJECT_MUST_NOT_FUNCTION_AS_RESIDUAL_BUCKET","YES","MODERATE","NO","NOT_ASSESSED","NOT_ASSESSED"
"EXT-000263","D1_GDPR","False","False","False","False","False","False","False","False","","NO","NONE","NO","NOT_ASSESSED","NOT_ASSESSED"
"EXT-000264","D1_GDPR","False","False","False","False","False","False","False","False","","NO","NONE","NO","NOT_ASSESSED","NOT_ASSESSED"
"EXT-000265","D1_GDPR","False","False","False","False","False","False","False","False","RELATIONAL_ENTITY_MUST_BE_ACTOR_CAPABLE","YES","SIMPLE","NO","YES","NO"
"EXT-000266","D1_GDPR","False","False","False","False","False","False","True","False","RELATIONAL_ENTITY_MUST_BE_ACTOR_CAPABLE;PROPOSITION_BOUNDARIES_MUST_BE_PRESERVED;TEMPORAL_SPATIAL_MANNER_MODIFIERS_ARE_NOT_CORE_ACTION_OR_OBJECT;OBJECT_MUST_NOT_FUNCTION_AS_RESIDUAL_BUCKET","YES","COMPLEX","YES","YES","YES"
"EXT-000267","D1_GDPR","False","False","False","False","False","False","True","False","RELATIONAL_ENTITY_MUST_BE_ACTOR_CAPABLE;PROPOSITION_BOUNDARIES_MUST_BE_PRESERVED;TEMPORAL_SPATIAL_MANNER_MODIFIERS_ARE_NOT_CORE_ACTION_OR_OBJECT;OBJECT_MUST_NOT_FUNCTION_AS_RESIDUAL_BUCKET","YES","MODERATE","NO","NOT_ASSESSED","NOT_ASSESSED"
"EXT-000268","D1_GDPR","False","True","False","False","False","True","True","False","ALLOW_NO_EXPLICIT_ACTOR;DO_NOT_INFER_ACTOR_IN_PASSIVE_CONSTRUCTION;PREPOSITION_DOES_NOT_IMPLY_RECIPIENT;RELATIONAL_ENTITY_MUST_BE_ACTOR_CAPABLE;PROPOSITION_BOUNDARIES_MUST_BE_PRESERVED;TEMPORAL_SPATIAL_MANNER_MODIFIERS_ARE_NOT_CORE_ACTION_OR_OBJECT;OBJECT_MUST_NOT_FUNCTION_AS_RESIDUAL_BUCKET","YES","COMPLEX","NO","NOT_ASSESSED","NOT_ASSESSED"
"EXT-000269","D1_GDPR","False","False","False","False","False","False","False","False","","NO","NONE","NO","NO","NO"
"EXT-000270","D1_GDPR","False","False","False","False","False","False","True","False","PROPOSITION_BOUNDARIES_MUST_BE_PRESERVED;TEMPORAL_SPATIAL_MANNER_MODIFIERS_ARE_NOT_CORE_ACTION_OR_OBJECT;OBJECT_MUST_NOT_FUNCTION_AS_RESIDUAL_BUCKET","YES","MODERATE","NO","NOT_ASSESSED","NOT_ASSESSED"
"EXT-000271","D1_GDPR","False","False","False","False","False","False","False","False","","NO","NONE","NO","NOT_ASSESSED","NOT_ASSESSED"
"EXT-000272","D1_GDPR","False","True","False","False","False","False","False","False","OBJECT_MUST_NOT_FUNCTION_AS_RESIDUAL_BUCKET","YES","COMPLEX","YES","YES","YES"
"EXT-000273","D1_GDPR","False","False","False","True","False","False","False","False","STRUCTURAL_EXTRACTION_MUST_PRESERVE_LEGAL_VERB","YES","MODERATE","NO","NOT_ASSESSED","NOT_ASSESSED"
"EXT-000274","D1_GDPR","False","False","False","False","False","False","False","False","","NO","NONE","NO","NOT_ASSESSED","NOT_ASSESSED"
"EXT-000275","D1_GDPR","False","False","False","False","False","False","True","False","PROPOSITION_BOUNDARIES_MUST_BE_PRESERVED;TEMPORAL_SPATIAL_MANNER_MODIFIERS_ARE_NOT_CORE_ACTION_OR_OBJECT;OBJECT_MUST_NOT_FUNCTION_AS_RESIDUAL_BUCKET","YES","MODERATE","NO","YES","NO"
"EXT-000276","D1_GDPR","False","False","False","False","False","False","False","False","","NO","NONE","NO","NOT_ASSESSED","NOT_ASSESSED"
"EXT-000277","D1_GDPR","False","False","False","False","False","False","False","True","COORDINATED_PREDICATES_MUST_REMAIN_DISTINCT;OBJECT_MUST_NOT_FUNCTION_AS_RESIDUAL_BUCKET","YES","COMPLEX","NO","NOT_ASSESSED","NOT_ASSESSED"
"EXT-000278","D1_GDPR","False","False","False","False","False","False","False","True","COORDINATED_PREDICATES_MUST_REMAIN_DISTINCT;OBJECT_MUST_NOT_FUNCTION_AS_RESIDUAL_BUCKET","YES","COMPLEX","NO","NOT_ASSESSED","NOT_ASSESSED"
"EXT-000279","D1_GDPR","False","False","False","False","False","False","True","False","PROPOSITION_BOUNDARIES_MUST_BE_PRESERVED;TEMPORAL_SPATIAL_MANNER_MODIFIERS_ARE_NOT_CORE_ACTION_OR_OBJECT;OBJECT_MUST_NOT_FUNCTION_AS_RESIDUAL_BUCKET","YES","MODERATE","NO","NO","NO"
"EXT-000280","D1_GDPR","False","True","False","False","False","True","True","False","ALLOW_NO_EXPLICIT_ACTOR;DO_NOT_INFER_ACTOR_IN_PASSIVE_CONSTRUCTION;PROPOSITION_BOUNDARIES_MUST_BE_PRESERVED;TEMPORAL_SPATIAL_MANNER_MODIFIERS_ARE_NOT_CORE_ACTION_OR_OBJECT;OBJECT_MUST_NOT_FUNCTION_AS_RESIDUAL_BUCKET","YES","COMPLEX","NO","NOT_ASSESSED","NOT_ASSESSED"
"EXT-000281","D1_GDPR","False","False","False","False","False","False","False","False","PREPOSITION_DOES_NOT_IMPLY_RECIPIENT;RELATIONAL_ENTITY_MUST_BE_ACTOR_CAPABLE","YES","SIMPLE","NO","NOT_ASSESSED","NOT_ASSESSED"
"EXT-000282","D1_GDPR","False","False","False","False","False","False","False","False","PREPOSITION_DOES_NOT_IMPLY_RECIPIENT;RELATIONAL_ENTITY_MUST_BE_ACTOR_CAPABLE;OBJECT_MUST_NOT_FUNCTION_AS_RESIDUAL_BUCKET","YES","COMPLEX","NO","NOT_ASSESSED","NOT_ASSESSED"
"EXT-000283","D1_GDPR","False","False","False","False","False","False","False","False","","NO","NONE","NO","NOT_ASSESSED","NOT_ASSESSED"
"EXT-000284","D1_GDPR","False","False","False","False","False","False","True","False","PROPOSITION_BOUNDARIES_MUST_BE_PRESERVED;TEMPORAL_SPATIAL_MANNER_MODIFIERS_ARE_NOT_CORE_ACTION_OR_OBJECT;OBJECT_MUST_NOT_FUNCTION_AS_RESIDUAL_BUCKET","YES","MODERATE","NO","NOT_ASSESSED","NOT_ASSESSED"
"EXT-000285","D1_GDPR","False","False","False","False","False","False","False","False","PREPOSITION_DOES_NOT_IMPLY_RECIPIENT","UNCERTAIN","MODERATE","NO","NOT_ASSESSED","NOT_ASSESSED"
"EXT-000286","D1_GDPR","False","False","False","False","False","False","False","False","PREPOSITION_DOES_NOT_IMPLY_RECIPIENT","UNCERTAIN","MODERATE","NO","YES","YES"
"EXT-000287","D1_GDPR","False","False","False","False","False","False","False","False","","UNCERTAIN","MODERATE","NO","YES","YES"
"EXT-000288","D1_GDPR","False","False","False","False","False","False","False","False","PREPOSITION_DOES_NOT_IMPLY_RECIPIENT;RELATIONAL_ENTITY_MUST_BE_ACTOR_CAPABLE","YES","SIMPLE","NO","NOT_ASSESSED","NOT_ASSESSED"
"EXT-000289","D1_GDPR","False","False","False","False","False","False","False","False","PREPOSITION_DOES_NOT_IMPLY_RECIPIENT;RELATIONAL_ENTITY_MUST_BE_ACTOR_CAPABLE;OBJECT_MUST_NOT_FUNCTION_AS_RESIDUAL_BUCKET","YES","COMPLEX","NO","NOT_ASSESSED","NOT_ASSESSED"
"EXT-000290","D1_GDPR","False","False","False","False","False","False","False","False","PREPOSITION_DOES_NOT_IMPLY_RECIPIENT;RELATIONAL_ENTITY_MUST_BE_ACTOR_CAPABLE","YES","SIMPLE","NO","YES","YES"
"EXT-000291","D1_GDPR","False","False","False","False","False","False","False","False","","NO","NONE","NO","NOT_ASSESSED","NOT_ASSESSED"
"EXT-000292","D1_GDPR","False","False","False","False","False","False","False","False","","NO","NONE","NO","NOT_ASSESSED","NOT_ASSESSED"
"EXT-000293","D1_GDPR","False","False","False","False","False","False","False","False","PREPOSITION_DOES_NOT_IMPLY_RECIPIENT","UNCERTAIN","MODERATE","NO","NOT_ASSESSED","NOT_ASSESSED"
"EXT-000294","D1_GDPR","False","False","False","False","False","False","True","False","PREPOSITION_DOES_NOT_IMPLY_RECIPIENT;PROPOSITION_BOUNDARIES_MUST_BE_PRESERVED;TEMPORAL_SPATIAL_MANNER_MODIFIERS_ARE_NOT_CORE_ACTION_OR_OBJECT;OBJECT_MUST_NOT_FUNCTION_AS_RESIDUAL_BUCKET","YES","MODERATE","NO","NOT_ASSESSED","NOT_ASSESSED"
"EXT-000295","D1_GDPR","False","False","False","False","False","False","False","True","PREPOSITION_DOES_NOT_IMPLY_RECIPIENT;COORDINATED_PREDICATES_MUST_REMAIN_DISTINCT","UNCERTAIN","COMPLEX","NO","NOT_ASSESSED","NOT_ASSESSED"
"EXT-000296","D1_GDPR","False","False","False","False","False","False","False","False","PREPOSITION_DOES_NOT_IMPLY_RECIPIENT","UNCERTAIN","MODERATE","NO","NOT_ASSESSED","NOT_ASSESSED"
"EXT-000297","D1_GDPR","False","False","False","False","False","False","True","True","PREPOSITION_DOES_NOT_IMPLY_RECIPIENT;PROPOSITION_BOUNDARIES_MUST_BE_PRESERVED;COORDINATED_PREDICATES_MUST_REMAIN_DISTINCT;TEMPORAL_SPATIAL_MANNER_MODIFIERS_ARE_NOT_CORE_ACTION_OR_OBJECT;OBJECT_MUST_NOT_FUNCTION_AS_RESIDUAL_BUCKET","YES","COMPLEX","NO","NOT_ASSESSED","NOT_ASSESSED"
"EXT-000298","D1_GDPR","False","False","False","False","False","False","False","False","PREPOSITION_DOES_NOT_IMPLY_RECIPIENT;RELATIONAL_ENTITY_MUST_BE_ACTOR_CAPABLE","YES","SIMPLE","NO","NOT_ASSESSED","NOT_ASSESSED"
"EXT-000299","D1_GDPR","False","False","False","False","False","False","False","False","PREPOSITION_DOES_NOT_IMPLY_RECIPIENT;RELATIONAL_ENTITY_MUST_BE_ACTOR_CAPABLE","YES","SIMPLE","NO","NOT_ASSESSED","NOT_ASSESSED"
"EXT-000300","D1_GDPR","False","False","False","False","False","False","False","False","PREPOSITION_DOES_NOT_IMPLY_RECIPIENT;RELATIONAL_ENTITY_MUST_BE_ACTOR_CAPABLE;TEMPORAL_SPATIAL_MANNER_MODIFIERS_ARE_NOT_CORE_ACTION_OR_OBJECT","YES","SIMPLE","NO","NOT_ASSESSED","NOT_ASSESSED"
"EXT-000301","D1_GDPR","False","False","False","False","False","False","False","False","","NO","NONE","NO","NOT_ASSESSED","NOT_ASSESSED"
"EXT-000302","D1_GDPR","False","False","False","False","False","False","True","False","PROPOSITION_BOUNDARIES_MUST_BE_PRESERVED;TEMPORAL_SPATIAL_MANNER_MODIFIERS_ARE_NOT_CORE_ACTION_OR_OBJECT;OBJECT_MUST_NOT_FUNCTION_AS_RESIDUAL_BUCKET","YES","COMPLEX","NO","NOT_ASSESSED","NOT_ASSESSED"
"EXT-000303","D1_GDPR","False","False","False","False","False","False","True","False","PROPOSITION_BOUNDARIES_MUST_BE_PRESERVED;TEMPORAL_SPATIAL_MANNER_MODIFIERS_ARE_NOT_CORE_ACTION_OR_OBJECT;OBJECT_MUST_NOT_FUNCTION_AS_RESIDUAL_BUCKET","YES","COMPLEX","NO","NOT_ASSESSED","NOT_ASSESSED"
"EXT-000304","D1_GDPR","False","False","False","False","False","False","False","False","","NO","NONE","NO","NO","NO"
"EXT-000305","D1_GDPR","False","False","False","False","False","False","False","False","","NO","NONE","NO","NOT_ASSESSED","NOT_ASSESSED"
"EXT-000306","D1_GDPR","False","False","False","False","False","False","False","True","RELATIONAL_ENTITY_MUST_BE_ACTOR_CAPABLE;COORDINATED_PREDICATES_MUST_REMAIN_DISTINCT;OBJECT_MUST_NOT_FUNCTION_AS_RESIDUAL_BUCKET","YES","COMPLEX","NO","NOT_ASSESSED","NOT_ASSESSED"
"EXT-000307","D1_GDPR","False","False","False","False","False","False","False","False","RELATIONAL_ENTITY_MUST_BE_ACTOR_CAPABLE","YES","SIMPLE","NO","NOT_ASSESSED","NOT_ASSESSED"
"EXT-000308","D1_GDPR","False","False","False","False","False","False","True","False","PROPOSITION_BOUNDARIES_MUST_BE_PRESERVED;TEMPORAL_SPATIAL_MANNER_MODIFIERS_ARE_NOT_CORE_ACTION_OR_OBJECT;OBJECT_MUST_NOT_FUNCTION_AS_RESIDUAL_BUCKET","YES","MODERATE","NO","NOT_ASSESSED","NOT_ASSESSED"
"EXT-000309","D1_GDPR","False","False","False","False","False","False","False","False","","NO","NONE","NO","NOT_ASSESSED","NOT_ASSESSED"
"EXT-000310","D1_GDPR","False","True","False","False","False","False","False","False","","NO","NONE","NO","NOT_ASSESSED","NOT_ASSESSED"
"EXT-000311","D1_GDPR","False","False","False","False","False","False","True","False","PROPOSITION_BOUNDARIES_MUST_BE_PRESERVED;TEMPORAL_SPATIAL_MANNER_MODIFIERS_ARE_NOT_CORE_ACTION_OR_OBJECT;OBJECT_MUST_NOT_FUNCTION_AS_RESIDUAL_BUCKET","YES","COMPLEX","NO","NOT_ASSESSED","NOT_ASSESSED"
"EXT-000312","D1_GDPR","False","False","False","False","False","False","False","True","COORDINATED_PREDICATES_MUST_REMAIN_DISTINCT;OBJECT_MUST_NOT_FUNCTION_AS_RESIDUAL_BUCKET","YES","COMPLEX","NO","NOT_ASSESSED","NOT_ASSESSED"
"EXT-000313","D1_GDPR","False","False","False","False","False","False","False","False","","NO","NONE","NO","NOT_ASSESSED","NOT_ASSESSED"
"EXT-000314","D1_GDPR","False","False","False","False","False","False","False","False","","NO","NONE","NO","NOT_ASSESSED","NOT_ASSESSED"
"EXT-000315","D1_GDPR","False","False","False","False","False","False","False","False","","NO","NONE","NO","NOT_ASSESSED","NOT_ASSESSED"
"EXT-000316","D1_GDPR","False","False","False","False","False","False","True","False","PROPOSITION_BOUNDARIES_MUST_BE_PRESERVED;TEMPORAL_SPATIAL_MANNER_MODIFIERS_ARE_NOT_CORE_ACTION_OR_OBJECT;OBJECT_MUST_NOT_FUNCTION_AS_RESIDUAL_BUCKET","YES","MODERATE","NO","NOT_ASSESSED","NOT_ASSESSED"
"EXT-000317","D1_GDPR","False","False","False","False","False","False","False","False","OBJECT_MUST_NOT_FUNCTION_AS_RESIDUAL_BUCKET","UNCERTAIN","COMPLEX","NO","NOT_ASSESSED","NOT_ASSESSED"
"EXT-000318","D1_GDPR","False","False","False","False","False","False","False","True","COORDINATED_PREDICATES_MUST_REMAIN_DISTINCT;OBJECT_MUST_NOT_FUNCTION_AS_RESIDUAL_BUCKET","YES","COMPLEX","NO","NOT_ASSESSED","NOT_ASSESSED"
"EXT-000319","D1_GDPR","False","False","False","False","False","False","False","False","","NO","NONE","NO","NOT_ASSESSED","NOT_ASSESSED"
"EXT-000320","D1_GDPR","False","False","False","False","False","False","False","False","","NO","NONE","NO","NOT_ASSESSED","NOT_ASSESSED"
"EXT-000321","D1_GDPR","False","False","False","False","False","False","False","False","","NO","NONE","NO","NOT_ASSESSED","NOT_ASSESSED"
"EXT-000322","D1_GDPR","False","False","False","False","False","False","False","False","","NO","NONE","NO","NOT_ASSESSED","NOT_ASSESSED"
"EXT-000323","D1_GDPR","False","False","False","False","False","False","False","False","PREPOSITION_DOES_NOT_IMPLY_RECIPIENT;RELATIONAL_ENTITY_MUST_BE_ACTOR_CAPABLE","YES","SIMPLE","NO","NOT_ASSESSED","NOT_ASSESSED"
"EXT-000324","D1_GDPR","False","False","False","False","False","False","False","False","PREPOSITION_DOES_NOT_IMPLY_RECIPIENT","UNCERTAIN","MODERATE","NO","NOT_ASSESSED","NOT_ASSESSED"
"EXT-000325","D1_GDPR","False","False","False","False","False","False","False","False","PREPOSITION_DOES_NOT_IMPLY_RECIPIENT","UNCERTAIN","MODERATE","NO","NOT_ASSESSED","NOT_ASSESSED"
"EXT-000326","D1_GDPR","False","False","False","False","False","False","False","False","PREPOSITION_DOES_NOT_IMPLY_RECIPIENT","UNCERTAIN","MODERATE","NO","NOT_ASSESSED","NOT_ASSESSED"
"EXT-000327","D1_GDPR","False","False","False","False","False","False","False","False","RELATIONAL_ENTITY_MUST_BE_ACTOR_CAPABLE","YES","SIMPLE","NO","NOT_ASSESSED","NOT_ASSESSED"
"EXT-000328","D1_GDPR","False","False","False","False","False","False","True","False","RELATIONAL_ENTITY_MUST_BE_ACTOR_CAPABLE;PROPOSITION_BOUNDARIES_MUST_BE_PRESERVED;TEMPORAL_SPATIAL_MANNER_MODIFIERS_ARE_NOT_CORE_ACTION_OR_OBJECT;OBJECT_MUST_NOT_FUNCTION_AS_RESIDUAL_BUCKET","YES","COMPLEX","NO","NOT_ASSESSED","NOT_ASSESSED"
"EXT-000329","D1_GDPR","False","False","False","False","False","False","True","False","RELATIONAL_ENTITY_MUST_BE_ACTOR_CAPABLE;PROPOSITION_BOUNDARIES_MUST_BE_PRESERVED;TEMPORAL_SPATIAL_MANNER_MODIFIERS_ARE_NOT_CORE_ACTION_OR_OBJECT;OBJECT_MUST_NOT_FUNCTION_AS_RESIDUAL_BUCKET","YES","COMPLEX","NO","NOT_ASSESSED","NOT_ASSESSED"
"EXT-000330","D1_GDPR","False","False","False","False","False","False","False","False","","NO","NONE","NO","NOT_ASSESSED","NOT_ASSESSED"
"EXT-000331","D1_GDPR","False","False","False","False","False","False","False","False","PREPOSITION_DOES_NOT_IMPLY_RECIPIENT","UNCERTAIN","MODERATE","NO","NOT_ASSESSED","NOT_ASSESSED"
"EXT-000332","D1_GDPR","False","False","False","False","False","False","False","False","","NO","NONE","NO","NOT_ASSESSED","NOT_ASSESSED"
"EXT-000333","D1_GDPR","False","False","False","False","False","False","True","False","PREPOSITION_DOES_NOT_IMPLY_RECIPIENT;RELATIONAL_ENTITY_MUST_BE_ACTOR_CAPABLE;PROPOSITION_BOUNDARIES_MUST_BE_PRESERVED;TEMPORAL_SPATIAL_MANNER_MODIFIERS_ARE_NOT_CORE_ACTION_OR_OBJECT;OBJECT_MUST_NOT_FUNCTION_AS_RESIDUAL_BUCKET","YES","MODERATE","NO","NOT_ASSESSED","NOT_ASSESSED"
"EXT-000334","D1_GDPR","False","False","False","False","False","False","True","False","PREPOSITION_DOES_NOT_IMPLY_RECIPIENT;RELATIONAL_ENTITY_MUST_BE_ACTOR_CAPABLE;PROPOSITION_BOUNDARIES_MUST_BE_PRESERVED;TEMPORAL_SPATIAL_MANNER_MODIFIERS_ARE_NOT_CORE_ACTION_OR_OBJECT;OBJECT_MUST_NOT_FUNCTION_AS_RESIDUAL_BUCKET","YES","COMPLEX","NO","NOT_ASSESSED","NOT_ASSESSED"
"EXT-000335","D1_GDPR","False","False","False","False","False","False","False","False","PREPOSITION_DOES_NOT_IMPLY_RECIPIENT;RELATIONAL_ENTITY_MUST_BE_ACTOR_CAPABLE;OBJECT_MUST_NOT_FUNCTION_AS_RESIDUAL_BUCKET","YES","COMPLEX","NO","NOT_ASSESSED","NOT_ASSESSED"
"EXT-000336","D1_GDPR","False","False","False","False","False","False","False","False","PREPOSITION_DOES_NOT_IMPLY_RECIPIENT;RELATIONAL_ENTITY_MUST_BE_ACTOR_CAPABLE;TEMPORAL_SPATIAL_MANNER_MODIFIERS_ARE_NOT_CORE_ACTION_OR_OBJECT","YES","SIMPLE","NO","NOT_ASSESSED","NOT_ASSESSED"
"EXT-000337","D1_GDPR","False","False","False","False","False","False","True","False","PREPOSITION_DOES_NOT_IMPLY_RECIPIENT;RELATIONAL_ENTITY_MUST_BE_ACTOR_CAPABLE;PROPOSITION_BOUNDARIES_MUST_BE_PRESERVED;TEMPORAL_SPATIAL_MANNER_MODIFIERS_ARE_NOT_CORE_ACTION_OR_OBJECT;OBJECT_MUST_NOT_FUNCTION_AS_RESIDUAL_BUCKET","YES","COMPLEX","NO","NOT_ASSESSED","NOT_ASSESSED"
"EXT-000338","D1_GDPR","False","False","False","False","False","False","False","True","PREPOSITION_DOES_NOT_IMPLY_RECIPIENT;RELATIONAL_ENTITY_MUST_BE_ACTOR_CAPABLE;COORDINATED_PREDICATES_MUST_REMAIN_DISTINCT;OBJECT_MUST_NOT_FUNCTION_AS_RESIDUAL_BUCKET","YES","COMPLEX","NO","NOT_ASSESSED","NOT_ASSESSED"
"EXT-000339","D1_GDPR","False","False","False","False","False","False","False","False","EXPLICIT_RELATIONAL_ACTOR_MUST_NOT_BE_DROPPED;OBJECT_MUST_NOT_FUNCTION_AS_RESIDUAL_BUCKET","YES","COMPLEX","NO","NOT_ASSESSED","NOT_ASSESSED"
"EXT-000340","D1_GDPR","False","False","False","False","False","False","False","False","EXPLICIT_RELATIONAL_ACTOR_MUST_NOT_BE_DROPPED","YES","MODERATE","NO","NOT_ASSESSED","NOT_ASSESSED"
"EXT-000341","D1_GDPR","False","False","False","False","False","False","False","False","PRESERVE_MODAL_DEONTIC_LEXICAL_CONSTRUCTION","YES","MODERATE","NO","NOT_ASSESSED","NOT_ASSESSED"
"EXT-000342","D1_GDPR","False","False","False","False","False","False","False","False","","NO","NONE","NO","NOT_ASSESSED","NOT_ASSESSED"
"EXT-000343","D1_GDPR","False","False","False","False","False","False","False","False","","NO","NONE","NO","NOT_ASSESSED","NOT_ASSESSED"
"EXT-000344","D1_GDPR","False","False","False","False","False","False","True","False","PREPOSITION_DOES_NOT_IMPLY_RECIPIENT;PROPOSITION_BOUNDARIES_MUST_BE_PRESERVED;TEMPORAL_SPATIAL_MANNER_MODIFIERS_ARE_NOT_CORE_ACTION_OR_OBJECT;OBJECT_MUST_NOT_FUNCTION_AS_RESIDUAL_BUCKET","YES","MODERATE","NO","NOT_ASSESSED","NOT_ASSESSED"
"EXT-000345","D1_GDPR","False","False","True","False","False","False","False","False","PRESERVE_LEGAL_MODALITY;PREPOSITION_DOES_NOT_IMPLY_RECIPIENT","UNCERTAIN","MODERATE","NO","NOT_ASSESSED","NOT_ASSESSED"
"EXT-000346","D1_GDPR","False","False","False","False","False","False","True","False","PRESERVE_MODAL_DEONTIC_LEXICAL_CONSTRUCTION;PREPOSITION_DOES_NOT_IMPLY_RECIPIENT;PROPOSITION_BOUNDARIES_MUST_BE_PRESERVED;TEMPORAL_SPATIAL_MANNER_MODIFIERS_ARE_NOT_CORE_ACTION_OR_OBJECT;OBJECT_MUST_NOT_FUNCTION_AS_RESIDUAL_BUCKET","YES","MODERATE","NO","NOT_ASSESSED","NOT_ASSESSED"
"EXT-000347","D1_GDPR","False","False","False","False","False","False","False","False","","NO","NONE","NO","NOT_ASSESSED","NOT_ASSESSED"
"EXT-000348","D1_GDPR","False","False","False","False","False","False","False","False","","NO","NONE","NO","NOT_ASSESSED","NOT_ASSESSED"
"EXT-000349","D1_GDPR","False","False","False","False","False","False","False","False","OBJECT_MUST_NOT_FUNCTION_AS_RESIDUAL_BUCKET","UNCERTAIN","COMPLEX","NO","NOT_ASSESSED","NOT_ASSESSED"
"EXT-000350","D1_GDPR","False","False","True","False","False","False","False","False","PRESERVE_LEGAL_MODALITY","UNCERTAIN","MODERATE","NO","NOT_ASSESSED","NOT_ASSESSED"
"EXT-000351","D1_GDPR","False","False","False","False","False","False","False","False","","NO","NONE","NO","NOT_ASSESSED","NOT_ASSESSED"
"EXT-000352","D1_GDPR","False","False","False","False","False","False","False","False","","NO","NONE","NO","NOT_ASSESSED","NOT_ASSESSED"
"EXT-000353","D1_GDPR","False","False","False","False","False","False","False","False","","NO","NONE","NO","NOT_ASSESSED","NOT_ASSESSED"
"EXT-000354","D1_GDPR","False","False","False","False","False","False","True","True","PROPOSITION_BOUNDARIES_MUST_BE_PRESERVED;COORDINATED_PREDICATES_MUST_REMAIN_DISTINCT;TEMPORAL_SPATIAL_MANNER_MODIFIERS_ARE_NOT_CORE_ACTION_OR_OBJECT;OBJECT_MUST_NOT_FUNCTION_AS_RESIDUAL_BUCKET","YES","COMPLEX","NO","NOT_ASSESSED","NOT_ASSESSED"
"EXT-000355","D1_GDPR","False","False","False","False","False","False","False","False","PREPOSITION_DOES_NOT_IMPLY_RECIPIENT;OBJECT_MUST_NOT_FUNCTION_AS_RESIDUAL_BUCKET","UNCERTAIN","COMPLEX","NO","NOT_ASSESSED","NOT_ASSESSED"
"EXT-000356","D1_GDPR","False","False","False","False","False","False","True","False","PREPOSITION_DOES_NOT_IMPLY_RECIPIENT;PROPOSITION_BOUNDARIES_MUST_BE_PRESERVED;TEMPORAL_SPATIAL_MANNER_MODIFIERS_ARE_NOT_CORE_ACTION_OR_OBJECT;OBJECT_MUST_NOT_FUNCTION_AS_RESIDUAL_BUCKET","YES","MODERATE","NO","NOT_ASSESSED","NOT_ASSESSED"
"EXT-000357","D1_GDPR","False","False","False","False","False","False","False","True","PREPOSITION_DOES_NOT_IMPLY_RECIPIENT;COORDINATED_PREDICATES_MUST_REMAIN_DISTINCT;OBJECT_MUST_NOT_FUNCTION_AS_RESIDUAL_BUCKET","YES","COMPLEX","NO","NOT_ASSESSED","NOT_ASSESSED"
"EXT-000358","D1_GDPR","False","False","False","False","False","False","False","False","PREPOSITION_DOES_NOT_IMPLY_RECIPIENT","UNCERTAIN","MODERATE","NO","NOT_ASSESSED","NOT_ASSESSED"
"EXT-000359","D1_GDPR","False","False","False","False","False","False","False","False","PREPOSITION_DOES_NOT_IMPLY_RECIPIENT","UNCERTAIN","MODERATE","NO","NOT_ASSESSED","NOT_ASSESSED"
"EXT-000360","D1_GDPR","False","False","False","False","False","False","False","False","PREPOSITION_DOES_NOT_IMPLY_RECIPIENT;RELATIONAL_ENTITY_MUST_BE_ACTOR_CAPABLE","YES","SIMPLE","NO","NOT_ASSESSED","NOT_ASSESSED"
"EXT-000361","D1_GDPR","False","False","False","False","False","False","True","False","PREPOSITION_DOES_NOT_IMPLY_RECIPIENT;RELATIONAL_ENTITY_MUST_BE_ACTOR_CAPABLE;PROPOSITION_BOUNDARIES_MUST_BE_PRESERVED;TEMPORAL_SPATIAL_MANNER_MODIFIERS_ARE_NOT_CORE_ACTION_OR_OBJECT;OBJECT_MUST_NOT_FUNCTION_AS_RESIDUAL_BUCKET","YES","COMPLEX","NO","NOT_ASSESSED","NOT_ASSESSED"
"EXT-000362","D1_GDPR","False","False","False","False","False","False","True","True","PREPOSITION_DOES_NOT_IMPLY_RECIPIENT;PROPOSITION_BOUNDARIES_MUST_BE_PRESERVED;COORDINATED_PREDICATES_MUST_REMAIN_DISTINCT;TEMPORAL_SPATIAL_MANNER_MODIFIERS_ARE_NOT_CORE_ACTION_OR_OBJECT;OBJECT_MUST_NOT_FUNCTION_AS_RESIDUAL_BUCKET","YES","COMPLEX","NO","NOT_ASSESSED","NOT_ASSESSED"
"EXT-000363","D1_GDPR","False","False","False","False","False","False","False","False","PREPOSITION_DOES_NOT_IMPLY_RECIPIENT;OBJECT_MUST_NOT_FUNCTION_AS_RESIDUAL_BUCKET","UNCERTAIN","COMPLEX","NO","NOT_ASSESSED","NOT_ASSESSED"
"EXT-000364","D1_GDPR","False","False","False","False","False","False","False","False","PREPOSITION_DOES_NOT_IMPLY_RECIPIENT","UNCERTAIN","MODERATE","NO","NOT_ASSESSED","NOT_ASSESSED"
"EXT-000365","D1_GDPR","False","False","False","False","False","False","True","False","PREPOSITION_DOES_NOT_IMPLY_RECIPIENT;PROPOSITION_BOUNDARIES_MUST_BE_PRESERVED;TEMPORAL_SPATIAL_MANNER_MODIFIERS_ARE_NOT_CORE_ACTION_OR_OBJECT;OBJECT_MUST_NOT_FUNCTION_AS_RESIDUAL_BUCKET","YES","MODERATE","NO","NOT_ASSESSED","NOT_ASSESSED"
"EXT-000366","D1_GDPR","False","False","False","False","False","False","True","True","PROPOSITION_BOUNDARIES_MUST_BE_PRESERVED;COORDINATED_PREDICATES_MUST_REMAIN_DISTINCT;TEMPORAL_SPATIAL_MANNER_MODIFIERS_ARE_NOT_CORE_ACTION_OR_OBJECT;OBJECT_MUST_NOT_FUNCTION_AS_RESIDUAL_BUCKET","YES","COMPLEX","NO","NOT_ASSESSED","NOT_ASSESSED"
"EXT-000367","D1_GDPR","False","False","False","False","False","False","False","True","PREPOSITION_DOES_NOT_IMPLY_RECIPIENT;RELATIONAL_ENTITY_MUST_BE_ACTOR_CAPABLE;COORDINATED_PREDICATES_MUST_REMAIN_DISTINCT;OBJECT_MUST_NOT_FUNCTION_AS_RESIDUAL_BUCKET","YES","COMPLEX","NO","NOT_ASSESSED","NOT_ASSESSED"
"EXT-000368","D1_GDPR","False","False","False","False","False","False","False","False","PREPOSITION_DOES_NOT_IMPLY_RECIPIENT;RELATIONAL_ENTITY_MUST_BE_ACTOR_CAPABLE","YES","SIMPLE","NO","NOT_ASSESSED","NOT_ASSESSED"
"EXT-000369","D1_GDPR","False","True","False","False","False","False","True","False","PREPOSITION_DOES_NOT_IMPLY_RECIPIENT;RELATIONAL_ENTITY_MUST_BE_ACTOR_CAPABLE;PROPOSITION_BOUNDARIES_MUST_BE_PRESERVED;TEMPORAL_SPATIAL_MANNER_MODIFIERS_ARE_NOT_CORE_ACTION_OR_OBJECT;OBJECT_MUST_NOT_FUNCTION_AS_RESIDUAL_BUCKET","YES","MODERATE","NO","NOT_ASSESSED","NOT_ASSESSED"
"EXT-000370","D1_GDPR","False","False","False","False","False","False","False","False","PREPOSITION_DOES_NOT_IMPLY_RECIPIENT;RELATIONAL_ENTITY_MUST_BE_ACTOR_CAPABLE","YES","SIMPLE","NO","NOT_ASSESSED","NOT_ASSESSED"
"EXT-000371","D1_GDPR","False","False","False","False","False","False","False","False","PREPOSITION_DOES_NOT_IMPLY_RECIPIENT;RELATIONAL_ENTITY_MUST_BE_ACTOR_CAPABLE","YES","SIMPLE","NO","NOT_ASSESSED","NOT_ASSESSED"
"EXT-000372","D1_GDPR","False","False","False","False","False","False","True","False","PREPOSITION_DOES_NOT_IMPLY_RECIPIENT;RELATIONAL_ENTITY_MUST_BE_ACTOR_CAPABLE;PROPOSITION_BOUNDARIES_MUST_BE_PRESERVED;TEMPORAL_SPATIAL_MANNER_MODIFIERS_ARE_NOT_CORE_ACTION_OR_OBJECT;OBJECT_MUST_NOT_FUNCTION_AS_RESIDUAL_BUCKET","YES","MODERATE","NO","NOT_ASSESSED","NOT_ASSESSED"
"EXT-000373","D1_GDPR","False","False","False","False","False","False","False","True","PREPOSITION_DOES_NOT_IMPLY_RECIPIENT;RELATIONAL_ENTITY_MUST_BE_ACTOR_CAPABLE;COORDINATED_PREDICATES_MUST_REMAIN_DISTINCT;OBJECT_MUST_NOT_FUNCTION_AS_RESIDUAL_BUCKET","YES","COMPLEX","NO","NOT_ASSESSED","NOT_ASSESSED"
"EXT-000374","D1_GDPR","False","False","False","False","False","False","False","False","PREPOSITION_DOES_NOT_IMPLY_RECIPIENT;RELATIONAL_ENTITY_MUST_BE_ACTOR_CAPABLE","YES","SIMPLE","NO","NOT_ASSESSED","NOT_ASSESSED"
"EXT-000375","D1_GDPR","False","False","False","False","False","False","True","False","PREPOSITION_DOES_NOT_IMPLY_RECIPIENT;RELATIONAL_ENTITY_MUST_BE_ACTOR_CAPABLE;PROPOSITION_BOUNDARIES_MUST_BE_PRESERVED;TEMPORAL_SPATIAL_MANNER_MODIFIERS_ARE_NOT_CORE_ACTION_OR_OBJECT;OBJECT_MUST_NOT_FUNCTION_AS_RESIDUAL_BUCKET","YES","MODERATE","NO","NOT_ASSESSED","NOT_ASSESSED"
"EXT-000376","D1_GDPR","False","False","False","False","False","False","True","False","PROPOSITION_BOUNDARIES_MUST_BE_PRESERVED;TEMPORAL_SPATIAL_MANNER_MODIFIERS_ARE_NOT_CORE_ACTION_OR_OBJECT;OBJECT_MUST_NOT_FUNCTION_AS_RESIDUAL_BUCKET","YES","MODERATE","NO","NOT_ASSESSED","NOT_ASSESSED"
"EXT-000377","D1_GDPR","False","False","False","False","False","False","True","False","PROPOSITION_BOUNDARIES_MUST_BE_PRESERVED;TEMPORAL_SPATIAL_MANNER_MODIFIERS_ARE_NOT_CORE_ACTION_OR_OBJECT;OBJECT_MUST_NOT_FUNCTION_AS_RESIDUAL_BUCKET","YES","MODERATE","NO","NOT_ASSESSED","NOT_ASSESSED"
"EXT-000378","D1_GDPR","False","False","False","False","False","False","False","False","","NO","NONE","NO","NOT_ASSESSED","NOT_ASSESSED"
"EXT-000379","D1_GDPR","False","False","False","False","False","False","True","False","PREPOSITION_DOES_NOT_IMPLY_RECIPIENT;PROPOSITION_BOUNDARIES_MUST_BE_PRESERVED;TEMPORAL_SPATIAL_MANNER_MODIFIERS_ARE_NOT_CORE_ACTION_OR_OBJECT;OBJECT_MUST_NOT_FUNCTION_AS_RESIDUAL_BUCKET","YES","MODERATE","NO","NOT_ASSESSED","NOT_ASSESSED"
"EXT-000380","D1_GDPR","False","False","False","False","False","False","False","False","RELATIONAL_ENTITY_MUST_BE_ACTOR_CAPABLE;OBJECT_MUST_NOT_FUNCTION_AS_RESIDUAL_BUCKET","YES","COMPLEX","NO","NOT_ASSESSED","NOT_ASSESSED"
"EXT-000381","D1_GDPR","False","False","False","False","False","False","False","False","RELATIONAL_ENTITY_MUST_BE_ACTOR_CAPABLE","YES","SIMPLE","NO","NOT_ASSESSED","NOT_ASSESSED"
"EXT-000382","D1_GDPR","False","False","False","False","False","False","False","False","","NO","NONE","NO","NOT_ASSESSED","NOT_ASSESSED"
"EXT-000383","D1_GDPR","False","False","False","False","False","False","False","False","PREPOSITION_DOES_NOT_IMPLY_RECIPIENT","UNCERTAIN","MODERATE","NO","NOT_ASSESSED","NOT_ASSESSED"
"EXT-000384","D1_GDPR","False","False","False","False","False","False","False","False","PREPOSITION_DOES_NOT_IMPLY_RECIPIENT","UNCERTAIN","MODERATE","NO","NOT_ASSESSED","NOT_ASSESSED"
"EXT-000385","D1_GDPR","False","True","False","False","False","False","False","False","PREPOSITION_DOES_NOT_IMPLY_RECIPIENT","UNCERTAIN","MODERATE","NO","NOT_ASSESSED","NOT_ASSESSED"
"EXT-000386","D1_GDPR","False","True","False","False","False","True","False","False","ALLOW_NO_EXPLICIT_ACTOR;DO_NOT_INFER_ACTOR_IN_PASSIVE_CONSTRUCTION;RELATIONAL_ENTITY_MUST_BE_ACTOR_CAPABLE;OBJECT_MUST_NOT_FUNCTION_AS_RESIDUAL_BUCKET","YES","COMPLEX","NO","NOT_ASSESSED","NOT_ASSESSED"
"EXT-000387","D1_GDPR","False","False","False","False","False","False","False","False","PREPOSITION_DOES_NOT_IMPLY_RECIPIENT","UNCERTAIN","MODERATE","NO","NOT_ASSESSED","NOT_ASSESSED"
"EXT-000388","D1_GDPR","False","False","False","False","False","False","False","False","PREPOSITION_DOES_NOT_IMPLY_RECIPIENT","UNCERTAIN","MODERATE","NO","NOT_ASSESSED","NOT_ASSESSED"
"EXT-000389","D1_GDPR","False","False","False","False","False","False","False","False","","NO","NONE","NO","NOT_ASSESSED","NOT_ASSESSED"
"EXT-000390","D1_GDPR","False","False","False","False","False","False","False","False","PREPOSITION_DOES_NOT_IMPLY_RECIPIENT;RELATIONAL_ENTITY_MUST_BE_ACTOR_CAPABLE","YES","SIMPLE","NO","NOT_ASSESSED","NOT_ASSESSED"
"EXT-000391","D1_GDPR","False","False","False","False","False","False","False","False","PREPOSITION_DOES_NOT_IMPLY_RECIPIENT;RELATIONAL_ENTITY_MUST_BE_ACTOR_CAPABLE","YES","SIMPLE","NO","NOT_ASSESSED","NOT_ASSESSED"
"EXT-000392","D1_GDPR","False","False","False","False","False","False","True","True","PREPOSITION_DOES_NOT_IMPLY_RECIPIENT;RELATIONAL_ENTITY_MUST_BE_ACTOR_CAPABLE;PROPOSITION_BOUNDARIES_MUST_BE_PRESERVED;COORDINATED_PREDICATES_MUST_REMAIN_DISTINCT;TEMPORAL_SPATIAL_MANNER_MODIFIERS_ARE_NOT_CORE_ACTION_OR_OBJECT;OBJECT_MUST_NOT_FUNCTION_AS_RESIDUAL_BUCKET","YES","COMPLEX","NO","NOT_ASSESSED","NOT_ASSESSED"
"EXT-000393","D1_GDPR","False","False","False","False","False","False","False","True","PREPOSITION_DOES_NOT_IMPLY_RECIPIENT;RELATIONAL_ENTITY_MUST_BE_ACTOR_CAPABLE;COORDINATED_PREDICATES_MUST_REMAIN_DISTINCT;OBJECT_MUST_NOT_FUNCTION_AS_RESIDUAL_BUCKET","YES","COMPLEX","NO","NOT_ASSESSED","NOT_ASSESSED"
"EXT-000394","D1_GDPR","False","False","False","False","False","False","False","False","PREPOSITION_DOES_NOT_IMPLY_RECIPIENT;RELATIONAL_ENTITY_MUST_BE_ACTOR_CAPABLE","YES","SIMPLE","NO","NOT_ASSESSED","NOT_ASSESSED"
"EXT-000395","D1_GDPR","False","False","False","False","False","False","False","False","PREPOSITION_DOES_NOT_IMPLY_RECIPIENT;RELATIONAL_ENTITY_MUST_BE_ACTOR_CAPABLE","YES","SIMPLE","NO","NOT_ASSESSED","NOT_ASSESSED"
"EXT-000396","D1_GDPR","False","False","False","False","False","False","False","True","PREPOSITION_DOES_NOT_IMPLY_RECIPIENT;RELATIONAL_ENTITY_MUST_BE_ACTOR_CAPABLE;COORDINATED_PREDICATES_MUST_REMAIN_DISTINCT;OBJECT_MUST_NOT_FUNCTION_AS_RESIDUAL_BUCKET","YES","COMPLEX","NO","NOT_ASSESSED","NOT_ASSESSED"
"EXT-000397","D1_GDPR","False","False","False","False","False","False","False","False","PREPOSITION_DOES_NOT_IMPLY_RECIPIENT;RELATIONAL_ENTITY_MUST_BE_ACTOR_CAPABLE","YES","SIMPLE","NO","NOT_ASSESSED","NOT_ASSESSED"
"EXT-000398","D1_GDPR","False","False","False","False","False","False","False","False","PREPOSITION_DOES_NOT_IMPLY_RECIPIENT;RELATIONAL_ENTITY_MUST_BE_ACTOR_CAPABLE","YES","SIMPLE","NO","NOT_ASSESSED","NOT_ASSESSED"
"EXT-000399","D1_GDPR","False","False","False","False","False","False","False","False","PREPOSITION_DOES_NOT_IMPLY_RECIPIENT;RELATIONAL_ENTITY_MUST_BE_ACTOR_CAPABLE","YES","SIMPLE","NO","NOT_ASSESSED","NOT_ASSESSED"
"EXT-000400","D1_GDPR","False","False","False","False","False","False","False","False","PREPOSITION_DOES_NOT_IMPLY_RECIPIENT;RELATIONAL_ENTITY_MUST_BE_ACTOR_CAPABLE","YES","SIMPLE","NO","NOT_ASSESSED","NOT_ASSESSED"
"EXT-000401","D1_GDPR","False","False","False","False","False","False","False","True","COORDINATED_PREDICATES_MUST_REMAIN_DISTINCT","UNCERTAIN","COMPLEX","NO","NOT_ASSESSED","NOT_ASSESSED"
"EXT-000402","D1_GDPR","False","False","False","False","False","False","True","False","PROPOSITION_BOUNDARIES_MUST_BE_PRESERVED;TEMPORAL_SPATIAL_MANNER_MODIFIERS_ARE_NOT_CORE_ACTION_OR_OBJECT;OBJECT_MUST_NOT_FUNCTION_AS_RESIDUAL_BUCKET","YES","MODERATE","NO","NOT_ASSESSED","NOT_ASSESSED"
"EXT-000403","D1_GDPR","False","False","False","False","False","False","False","False","","NO","NONE","NO","NOT_ASSESSED","NOT_ASSESSED"
"EXT-000404","D1_GDPR","False","False","False","False","False","False","False","False","PREPOSITION_DOES_NOT_IMPLY_RECIPIENT;RELATIONAL_ENTITY_MUST_BE_ACTOR_CAPABLE","YES","SIMPLE","NO","NOT_ASSESSED","NOT_ASSESSED"
"EXT-000405","D1_GDPR","False","False","False","False","False","False","True","False","PREPOSITION_DOES_NOT_IMPLY_RECIPIENT;RELATIONAL_ENTITY_MUST_BE_ACTOR_CAPABLE;PROPOSITION_BOUNDARIES_MUST_BE_PRESERVED;TEMPORAL_SPATIAL_MANNER_MODIFIERS_ARE_NOT_CORE_ACTION_OR_OBJECT;OBJECT_MUST_NOT_FUNCTION_AS_RESIDUAL_BUCKET","YES","MODERATE","NO","NOT_ASSESSED","NOT_ASSESSED"
"EXT-000406","D1_GDPR","False","False","False","False","False","False","False","False","PREPOSITION_DOES_NOT_IMPLY_RECIPIENT;RELATIONAL_ENTITY_MUST_BE_ACTOR_CAPABLE;OBJECT_MUST_NOT_FUNCTION_AS_RESIDUAL_BUCKET","YES","COMPLEX","NO","NOT_ASSESSED","NOT_ASSESSED"
"EXT-000407","D1_GDPR","False","False","False","False","False","False","False","True","PREPOSITION_DOES_NOT_IMPLY_RECIPIENT;RELATIONAL_ENTITY_MUST_BE_ACTOR_CAPABLE;COORDINATED_PREDICATES_MUST_REMAIN_DISTINCT;OBJECT_MUST_NOT_FUNCTION_AS_RESIDUAL_BUCKET","YES","COMPLEX","NO","NOT_ASSESSED","NOT_ASSESSED"
"EXT-000408","D1_GDPR","False","False","False","False","False","False","False","True","PREPOSITION_DOES_NOT_IMPLY_RECIPIENT;RELATIONAL_ENTITY_MUST_BE_ACTOR_CAPABLE;COORDINATED_PREDICATES_MUST_REMAIN_DISTINCT;OBJECT_MUST_NOT_FUNCTION_AS_RESIDUAL_BUCKET","YES","COMPLEX","NO","NOT_ASSESSED","NOT_ASSESSED"
"EXT-000409","D1_GDPR","False","False","False","False","False","False","True","False","RELATIONAL_ENTITY_MUST_BE_ACTOR_CAPABLE;PROPOSITION_BOUNDARIES_MUST_BE_PRESERVED;TEMPORAL_SPATIAL_MANNER_MODIFIERS_ARE_NOT_CORE_ACTION_OR_OBJECT;OBJECT_MUST_NOT_FUNCTION_AS_RESIDUAL_BUCKET","YES","COMPLEX","NO","NOT_ASSESSED","NOT_ASSESSED"
"EXT-000410","D1_GDPR","False","False","False","False","False","False","False","False","RELATIONAL_ENTITY_MUST_BE_ACTOR_CAPABLE","YES","SIMPLE","NO","NOT_ASSESSED","NOT_ASSESSED"
"EXT-000411","D1_GDPR","False","False","False","False","False","False","False","False","OBJECT_MUST_NOT_FUNCTION_AS_RESIDUAL_BUCKET","UNCERTAIN","COMPLEX","NO","NOT_ASSESSED","NOT_ASSESSED"
"EXT-000412","D1_GDPR","False","False","False","False","False","False","True","True","PROPOSITION_BOUNDARIES_MUST_BE_PRESERVED;COORDINATED_PREDICATES_MUST_REMAIN_DISTINCT;TEMPORAL_SPATIAL_MANNER_MODIFIERS_ARE_NOT_CORE_ACTION_OR_OBJECT;OBJECT_MUST_NOT_FUNCTION_AS_RESIDUAL_BUCKET","YES","COMPLEX","NO","NOT_ASSESSED","NOT_ASSESSED"
"EXT-000413","D1_GDPR","False","False","False","False","False","False","False","False","OBJECT_MUST_NOT_FUNCTION_AS_RESIDUAL_BUCKET","UNCERTAIN","COMPLEX","NO","NOT_ASSESSED","NOT_ASSESSED"
"EXT-000414","D1_GDPR","False","False","False","False","False","False","False","False","","NO","NONE","NO","NOT_ASSESSED","NOT_ASSESSED"
"EXT-000415","D1_GDPR","False","False","False","False","False","False","False","False","PREPOSITION_DOES_NOT_IMPLY_RECIPIENT;OBJECT_MUST_NOT_FUNCTION_AS_RESIDUAL_BUCKET","UNCERTAIN","COMPLEX","NO","NOT_ASSESSED","NOT_ASSESSED"
"EXT-000416","D1_GDPR","False","False","False","False","False","False","False","False","PREPOSITION_DOES_NOT_IMPLY_RECIPIENT","UNCERTAIN","MODERATE","NO","NOT_ASSESSED","NOT_ASSESSED"
"EXT-000417","D1_GDPR","False","False","False","False","False","False","False","False","PREPOSITION_DOES_NOT_IMPLY_RECIPIENT","UNCERTAIN","MODERATE","NO","NOT_ASSESSED","NOT_ASSESSED"
"EXT-000418","D1_GDPR","False","False","False","False","False","False","False","False","PREPOSITION_DOES_NOT_IMPLY_RECIPIENT","UNCERTAIN","MODERATE","NO","NOT_ASSESSED","NOT_ASSESSED"
"EXT-000419","D1_GDPR","False","False","False","False","False","False","False","True","PREPOSITION_DOES_NOT_IMPLY_RECIPIENT;COORDINATED_PREDICATES_MUST_REMAIN_DISTINCT;OBJECT_MUST_NOT_FUNCTION_AS_RESIDUAL_BUCKET","YES","COMPLEX","NO","NOT_ASSESSED","NOT_ASSESSED"
"EXT-000420","D1_GDPR","False","False","False","False","False","False","False","False","PREPOSITION_DOES_NOT_IMPLY_RECIPIENT","UNCERTAIN","MODERATE","NO","NOT_ASSESSED","NOT_ASSESSED"
"EXT-000421","D1_GDPR","False","False","False","False","False","False","False","False","PREPOSITION_DOES_NOT_IMPLY_RECIPIENT;RELATIONAL_ENTITY_MUST_BE_ACTOR_CAPABLE;OBJECT_MUST_NOT_FUNCTION_AS_RESIDUAL_BUCKET","YES","COMPLEX","NO","NOT_ASSESSED","NOT_ASSESSED"
"EXT-000422","D1_GDPR","False","False","False","False","False","False","False","True","PREPOSITION_DOES_NOT_IMPLY_RECIPIENT;RELATIONAL_ENTITY_MUST_BE_ACTOR_CAPABLE;COORDINATED_PREDICATES_MUST_REMAIN_DISTINCT;OBJECT_MUST_NOT_FUNCTION_AS_RESIDUAL_BUCKET","YES","COMPLEX","NO","NOT_ASSESSED","NOT_ASSESSED"
"EXT-000423","D1_GDPR","False","False","False","False","False","False","False","True","PREPOSITION_DOES_NOT_IMPLY_RECIPIENT;COORDINATED_PREDICATES_MUST_REMAIN_DISTINCT;OBJECT_MUST_NOT_FUNCTION_AS_RESIDUAL_BUCKET","YES","COMPLEX","NO","NOT_ASSESSED","NOT_ASSESSED"
"EXT-000424","D1_GDPR","False","False","False","False","False","False","False","False","PREPOSITION_DOES_NOT_IMPLY_RECIPIENT;OBJECT_MUST_NOT_FUNCTION_AS_RESIDUAL_BUCKET","UNCERTAIN","COMPLEX","NO","NOT_ASSESSED","NOT_ASSESSED"
"EXT-000425","D1_GDPR","False","False","False","False","False","False","False","False","PREPOSITION_DOES_NOT_IMPLY_RECIPIENT","UNCERTAIN","MODERATE","NO","NOT_ASSESSED","NOT_ASSESSED"
"EXT-000426","D1_GDPR","False","False","False","False","False","False","False","False","PREPOSITION_DOES_NOT_IMPLY_RECIPIENT;TEMPORAL_SPATIAL_MANNER_MODIFIERS_ARE_NOT_CORE_ACTION_OR_OBJECT","UNCERTAIN","MODERATE","NO","NOT_ASSESSED","NOT_ASSESSED"
"EXT-000427","D1_GDPR","False","False","False","False","False","False","False","False","PREPOSITION_DOES_NOT_IMPLY_RECIPIENT;RELATIONAL_ENTITY_MUST_BE_ACTOR_CAPABLE","YES","SIMPLE","NO","NOT_ASSESSED","NOT_ASSESSED"
"EXT-000428","D1_GDPR","False","False","False","False","False","False","False","False","PREPOSITION_DOES_NOT_IMPLY_RECIPIENT;RELATIONAL_ENTITY_MUST_BE_ACTOR_CAPABLE","YES","SIMPLE","NO","NOT_ASSESSED","NOT_ASSESSED"
"EXT-000429","D1_GDPR","False","False","False","False","False","False","False","False","PREPOSITION_DOES_NOT_IMPLY_RECIPIENT;RELATIONAL_ENTITY_MUST_BE_ACTOR_CAPABLE","YES","SIMPLE","NO","NOT_ASSESSED","NOT_ASSESSED"
"EXT-000430","D1_GDPR","False","False","False","False","False","False","False","False","PREPOSITION_DOES_NOT_IMPLY_RECIPIENT;RELATIONAL_ENTITY_MUST_BE_ACTOR_CAPABLE","YES","SIMPLE","NO","NOT_ASSESSED","NOT_ASSESSED"
"EXT-000431","D1_GDPR","False","False","False","False","False","False","False","False","PREPOSITION_DOES_NOT_IMPLY_RECIPIENT;RELATIONAL_ENTITY_MUST_BE_ACTOR_CAPABLE","YES","SIMPLE","NO","NOT_ASSESSED","NOT_ASSESSED"
"EXT-000432","D1_GDPR","False","False","False","False","False","False","False","False","PREPOSITION_DOES_NOT_IMPLY_RECIPIENT;RELATIONAL_ENTITY_MUST_BE_ACTOR_CAPABLE","YES","SIMPLE","NO","NOT_ASSESSED","NOT_ASSESSED"
"EXT-000433","D1_GDPR","False","False","False","False","False","False","False","True","PREPOSITION_DOES_NOT_IMPLY_RECIPIENT;COORDINATED_PREDICATES_MUST_REMAIN_DISTINCT;OBJECT_MUST_NOT_FUNCTION_AS_RESIDUAL_BUCKET","YES","COMPLEX","NO","NOT_ASSESSED","NOT_ASSESSED"
"EXT-000434","D1_GDPR","False","False","False","False","False","False","True","False","PREPOSITION_DOES_NOT_IMPLY_RECIPIENT;PROPOSITION_BOUNDARIES_MUST_BE_PRESERVED;TEMPORAL_SPATIAL_MANNER_MODIFIERS_ARE_NOT_CORE_ACTION_OR_OBJECT;OBJECT_MUST_NOT_FUNCTION_AS_RESIDUAL_BUCKET","YES","MODERATE","NO","NOT_ASSESSED","NOT_ASSESSED"
"EXT-000435","D1_GDPR","False","False","False","False","False","False","False","False","PREPOSITION_DOES_NOT_IMPLY_RECIPIENT","UNCERTAIN","MODERATE","NO","NOT_ASSESSED","NOT_ASSESSED"
"EXT-000436","D1_GDPR","False","False","False","False","False","False","False","False","PRESERVE_MODAL_DEONTIC_LEXICAL_CONSTRUCTION;PREPOSITION_DOES_NOT_IMPLY_RECIPIENT","YES","MODERATE","NO","NOT_ASSESSED","NOT_ASSESSED"
"EXT-000437","D1_GDPR","False","False","False","False","False","False","False","False","","NO","NONE","NO","NOT_ASSESSED","NOT_ASSESSED"
"EXT-000438","D1_GDPR","False","False","False","False","False","False","False","False","OBJECT_MUST_NOT_FUNCTION_AS_RESIDUAL_BUCKET","UNCERTAIN","COMPLEX","NO","NOT_ASSESSED","NOT_ASSESSED"
"EXT-000439","D1_GDPR","False","False","False","False","False","False","False","True","PREPOSITION_DOES_NOT_IMPLY_RECIPIENT;COORDINATED_PREDICATES_MUST_REMAIN_DISTINCT;OBJECT_MUST_NOT_FUNCTION_AS_RESIDUAL_BUCKET","YES","COMPLEX","NO","NOT_ASSESSED","NOT_ASSESSED"
"EXT-000440","D1_GDPR","False","False","False","False","False","False","False","False","PRESERVE_MODAL_DEONTIC_LEXICAL_CONSTRUCTION;PREPOSITION_DOES_NOT_IMPLY_RECIPIENT","YES","MODERATE","NO","NOT_ASSESSED","NOT_ASSESSED"
"EXT-000441","D1_GDPR","False","False","False","False","False","False","False","False","PRESERVE_MODAL_DEONTIC_LEXICAL_CONSTRUCTION;PREPOSITION_DOES_NOT_IMPLY_RECIPIENT","YES","MODERATE","NO","NOT_ASSESSED","NOT_ASSESSED"
"EXT-000442","D1_GDPR","False","False","False","False","False","False","False","True","COORDINATED_PREDICATES_MUST_REMAIN_DISTINCT;OBJECT_MUST_NOT_FUNCTION_AS_RESIDUAL_BUCKET","YES","COMPLEX","NO","NOT_ASSESSED","NOT_ASSESSED"
"EXT-000443","D1_GDPR","False","False","False","False","False","False","True","False","PROPOSITION_BOUNDARIES_MUST_BE_PRESERVED;TEMPORAL_SPATIAL_MANNER_MODIFIERS_ARE_NOT_CORE_ACTION_OR_OBJECT;OBJECT_MUST_NOT_FUNCTION_AS_RESIDUAL_BUCKET","YES","MODERATE","NO","NOT_ASSESSED","NOT_ASSESSED"
"EXT-000444","D1_GDPR","False","False","False","False","False","False","False","False","","NO","NONE","NO","NOT_ASSESSED","NOT_ASSESSED"
"EXT-000445","D1_GDPR","False","False","False","False","False","False","False","False","PRESERVE_MODAL_DEONTIC_LEXICAL_CONSTRUCTION","YES","MODERATE","NO","NOT_ASSESSED","NOT_ASSESSED"
"EXT-000446","D1_GDPR","False","False","False","False","False","False","True","False","PROPOSITION_BOUNDARIES_MUST_BE_PRESERVED;TEMPORAL_SPATIAL_MANNER_MODIFIERS_ARE_NOT_CORE_ACTION_OR_OBJECT;OBJECT_MUST_NOT_FUNCTION_AS_RESIDUAL_BUCKET","YES","MODERATE","NO","NOT_ASSESSED","NOT_ASSESSED"
"EXT-000447","D1_GDPR","False","False","False","False","False","False","True","True","PROPOSITION_BOUNDARIES_MUST_BE_PRESERVED;COORDINATED_PREDICATES_MUST_REMAIN_DISTINCT;TEMPORAL_SPATIAL_MANNER_MODIFIERS_ARE_NOT_CORE_ACTION_OR_OBJECT;OBJECT_MUST_NOT_FUNCTION_AS_RESIDUAL_BUCKET","YES","COMPLEX","NO","NOT_ASSESSED","NOT_ASSESSED"
"EXT-000448","D1_GDPR","False","False","False","False","False","False","True","False","PRESERVE_MODAL_DEONTIC_LEXICAL_CONSTRUCTION;PREPOSITION_DOES_NOT_IMPLY_RECIPIENT;PROPOSITION_BOUNDARIES_MUST_BE_PRESERVED;TEMPORAL_SPATIAL_MANNER_MODIFIERS_ARE_NOT_CORE_ACTION_OR_OBJECT;OBJECT_MUST_NOT_FUNCTION_AS_RESIDUAL_BUCKET","YES","MODERATE","NO","NOT_ASSESSED","NOT_ASSESSED"
"EXT-000449","D1_GDPR","False","False","False","False","False","False","False","False","PREPOSITION_DOES_NOT_IMPLY_RECIPIENT","UNCERTAIN","MODERATE","NO","NOT_ASSESSED","NOT_ASSESSED"
"EXT-000450","D1_GDPR","False","False","False","False","False","False","False","False","PREPOSITION_DOES_NOT_IMPLY_RECIPIENT","UNCERTAIN","MODERATE","NO","NOT_ASSESSED","NOT_ASSESSED"
"EXT-000451","D1_GDPR","False","False","False","False","False","False","False","False","PREPOSITION_DOES_NOT_IMPLY_RECIPIENT;RELATIONAL_ENTITY_MUST_BE_ACTOR_CAPABLE","YES","SIMPLE","NO","NOT_ASSESSED","NOT_ASSESSED"
"EXT-000452","D1_GDPR","False","False","False","False","False","False","True","False","PREPOSITION_DOES_NOT_IMPLY_RECIPIENT;PROPOSITION_BOUNDARIES_MUST_BE_PRESERVED;TEMPORAL_SPATIAL_MANNER_MODIFIERS_ARE_NOT_CORE_ACTION_OR_OBJECT;OBJECT_MUST_NOT_FUNCTION_AS_RESIDUAL_BUCKET","YES","COMPLEX","NO","NOT_ASSESSED","NOT_ASSESSED"
"EXT-000453","D1_GDPR","False","False","False","False","False","False","False","False","PREPOSITION_DOES_NOT_IMPLY_RECIPIENT;OBJECT_MUST_NOT_FUNCTION_AS_RESIDUAL_BUCKET","UNCERTAIN","COMPLEX","NO","NOT_ASSESSED","NOT_ASSESSED"
"EXT-000454","D1_GDPR","False","False","False","False","False","False","True","True","PREPOSITION_DOES_NOT_IMPLY_RECIPIENT;PROPOSITION_BOUNDARIES_MUST_BE_PRESERVED;COORDINATED_PREDICATES_MUST_REMAIN_DISTINCT;TEMPORAL_SPATIAL_MANNER_MODIFIERS_ARE_NOT_CORE_ACTION_OR_OBJECT;OBJECT_MUST_NOT_FUNCTION_AS_RESIDUAL_BUCKET","YES","COMPLEX","NO","NOT_ASSESSED","NOT_ASSESSED"
"EXT-000455","D1_GDPR","False","False","False","False","False","False","False","True","PREPOSITION_DOES_NOT_IMPLY_RECIPIENT;RELATIONAL_ENTITY_MUST_BE_ACTOR_CAPABLE;COORDINATED_PREDICATES_MUST_REMAIN_DISTINCT","YES","COMPLEX","NO","NOT_ASSESSED","NOT_ASSESSED"
"EXT-000456","D1_GDPR","False","False","False","False","False","False","False","False","PREPOSITION_DOES_NOT_IMPLY_RECIPIENT;RELATIONAL_ENTITY_MUST_BE_ACTOR_CAPABLE","YES","SIMPLE","NO","NOT_ASSESSED","NOT_ASSESSED"
"EXT-000457","D1_GDPR","False","False","False","False","False","False","False","False","PREPOSITION_DOES_NOT_IMPLY_RECIPIENT;RELATIONAL_ENTITY_MUST_BE_ACTOR_CAPABLE","YES","SIMPLE","NO","NOT_ASSESSED","NOT_ASSESSED"
"EXT-000458","D1_GDPR","False","False","False","False","False","False","True","False","PREPOSITION_DOES_NOT_IMPLY_RECIPIENT;PROPOSITION_BOUNDARIES_MUST_BE_PRESERVED;TEMPORAL_SPATIAL_MANNER_MODIFIERS_ARE_NOT_CORE_ACTION_OR_OBJECT;OBJECT_MUST_NOT_FUNCTION_AS_RESIDUAL_BUCKET","YES","MODERATE","NO","NOT_ASSESSED","NOT_ASSESSED"
"EXT-000459","D1_GDPR","False","False","False","False","False","False","False","False","PREPOSITION_DOES_NOT_IMPLY_RECIPIENT","UNCERTAIN","MODERATE","NO","NOT_ASSESSED","NOT_ASSESSED"
"EXT-000460","D1_GDPR","False","False","False","False","False","False","True","False","PREPOSITION_DOES_NOT_IMPLY_RECIPIENT;PROPOSITION_BOUNDARIES_MUST_BE_PRESERVED;TEMPORAL_SPATIAL_MANNER_MODIFIERS_ARE_NOT_CORE_ACTION_OR_OBJECT;OBJECT_MUST_NOT_FUNCTION_AS_RESIDUAL_BUCKET","YES","COMPLEX","NO","NOT_ASSESSED","NOT_ASSESSED"
"EXT-000461","D1_GDPR","False","False","False","False","False","False","False","True","PREPOSITION_DOES_NOT_IMPLY_RECIPIENT;COORDINATED_PREDICATES_MUST_REMAIN_DISTINCT;OBJECT_MUST_NOT_FUNCTION_AS_RESIDUAL_BUCKET","YES","COMPLEX","NO","NOT_ASSESSED","NOT_ASSESSED"
"EXT-000462","D1_GDPR","False","False","False","False","False","False","False","False","PREPOSITION_DOES_NOT_IMPLY_RECIPIENT","UNCERTAIN","MODERATE","NO","NOT_ASSESSED","NOT_ASSESSED"
"EXT-000463","D1_GDPR","False","False","False","False","False","False","False","False","PREPOSITION_DOES_NOT_IMPLY_RECIPIENT","UNCERTAIN","MODERATE","NO","NOT_ASSESSED","NOT_ASSESSED"
"EXT-000464","D1_GDPR","False","False","False","False","False","False","False","False","RELATIONAL_ENTITY_MUST_BE_ACTOR_CAPABLE","YES","SIMPLE","NO","NOT_ASSESSED","NOT_ASSESSED"
"EXT-000465","D1_GDPR","False","False","False","False","False","False","True","False","RELATIONAL_ENTITY_MUST_BE_ACTOR_CAPABLE;PROPOSITION_BOUNDARIES_MUST_BE_PRESERVED;TEMPORAL_SPATIAL_MANNER_MODIFIERS_ARE_NOT_CORE_ACTION_OR_OBJECT;OBJECT_MUST_NOT_FUNCTION_AS_RESIDUAL_BUCKET","YES","MODERATE","NO","NOT_ASSESSED","NOT_ASSESSED"
"EXT-000466","D1_GDPR","False","False","False","False","False","False","False","False","RELATIONAL_ENTITY_MUST_BE_ACTOR_CAPABLE","YES","SIMPLE","NO","NOT_ASSESSED","NOT_ASSESSED"
"EXT-000467","D1_GDPR","False","False","False","False","False","False","False","False","","NO","NONE","NO","NOT_ASSESSED","NOT_ASSESSED"
"EXT-000468","D1_GDPR","False","False","False","False","False","False","False","True","COORDINATED_PREDICATES_MUST_REMAIN_DISTINCT;OBJECT_MUST_NOT_FUNCTION_AS_RESIDUAL_BUCKET","YES","COMPLEX","NO","NOT_ASSESSED","NOT_ASSESSED"
"EXT-000469","D1_GDPR","False","False","False","False","False","False","False","True","PREPOSITION_DOES_NOT_IMPLY_RECIPIENT;COORDINATED_PREDICATES_MUST_REMAIN_DISTINCT;OBJECT_MUST_NOT_FUNCTION_AS_RESIDUAL_BUCKET","YES","COMPLEX","NO","NOT_ASSESSED","NOT_ASSESSED"
"EXT-000470","D1_GDPR","False","False","False","False","False","False","True","False","PREPOSITION_DOES_NOT_IMPLY_RECIPIENT;PROPOSITION_BOUNDARIES_MUST_BE_PRESERVED;TEMPORAL_SPATIAL_MANNER_MODIFIERS_ARE_NOT_CORE_ACTION_OR_OBJECT;OBJECT_MUST_NOT_FUNCTION_AS_RESIDUAL_BUCKET","YES","MODERATE","NO","NOT_ASSESSED","NOT_ASSESSED"
"EXT-000471","D1_GDPR","False","False","False","False","False","False","False","True","PREPOSITION_DOES_NOT_IMPLY_RECIPIENT;COORDINATED_PREDICATES_MUST_REMAIN_DISTINCT;OBJECT_MUST_NOT_FUNCTION_AS_RESIDUAL_BUCKET","YES","COMPLEX","NO","NOT_ASSESSED","NOT_ASSESSED"
"EXT-000472","D1_GDPR","False","False","False","False","False","False","False","False","PREPOSITION_DOES_NOT_IMPLY_RECIPIENT","UNCERTAIN","MODERATE","NO","NOT_ASSESSED","NOT_ASSESSED"
"EXT-000473","D1_GDPR","False","False","False","False","False","False","False","False","TEMPORAL_SPATIAL_MANNER_MODIFIERS_ARE_NOT_CORE_ACTION_OR_OBJECT","UNCERTAIN","MODERATE","NO","NOT_ASSESSED","NOT_ASSESSED"
"EXT-000474","D1_GDPR","False","False","False","False","False","False","False","False","PREPOSITION_DOES_NOT_IMPLY_RECIPIENT;TEMPORAL_SPATIAL_MANNER_MODIFIERS_ARE_NOT_CORE_ACTION_OR_OBJECT","UNCERTAIN","MODERATE","NO","NOT_ASSESSED","NOT_ASSESSED"
"EXT-000475","D1_GDPR","False","True","False","False","False","False","False","True","PREPOSITION_DOES_NOT_IMPLY_RECIPIENT;RELATIONAL_ENTITY_MUST_BE_ACTOR_CAPABLE;COORDINATED_PREDICATES_MUST_REMAIN_DISTINCT;TEMPORAL_SPATIAL_MANNER_MODIFIERS_ARE_NOT_CORE_ACTION_OR_OBJECT;OBJECT_MUST_NOT_FUNCTION_AS_RESIDUAL_BUCKET","YES","COMPLEX","NO","NOT_ASSESSED","NOT_ASSESSED"
"EXT-000476","D1_GDPR","False","False","False","False","False","False","False","False","PREPOSITION_DOES_NOT_IMPLY_RECIPIENT;RELATIONAL_ENTITY_MUST_BE_ACTOR_CAPABLE","YES","SIMPLE","NO","NOT_ASSESSED","NOT_ASSESSED"
"EXT-000477","D1_GDPR","False","False","False","False","False","False","False","False","RELATIONAL_ENTITY_MUST_BE_ACTOR_CAPABLE;OBJECT_MUST_NOT_FUNCTION_AS_RESIDUAL_BUCKET","YES","COMPLEX","NO","NOT_ASSESSED","NOT_ASSESSED"
"EXT-000478","D1_GDPR","False","True","False","False","False","False","False","False","RELATIONAL_ENTITY_MUST_BE_ACTOR_CAPABLE","YES","SIMPLE","NO","NOT_ASSESSED","NOT_ASSESSED"
"EXT-000479","D1_GDPR","False","False","False","False","False","False","False","True","RELATIONAL_ENTITY_MUST_BE_ACTOR_CAPABLE;COORDINATED_PREDICATES_MUST_REMAIN_DISTINCT;OBJECT_MUST_NOT_FUNCTION_AS_RESIDUAL_BUCKET","YES","COMPLEX","NO","NOT_ASSESSED","NOT_ASSESSED"
"EXT-000480","D1_GDPR","False","False","False","False","False","False","False","False","RELATIONAL_ENTITY_MUST_BE_ACTOR_CAPABLE;OBJECT_MUST_NOT_FUNCTION_AS_RESIDUAL_BUCKET","YES","COMPLEX","NO","NOT_ASSESSED","NOT_ASSESSED"
"EXT-000481","D1_GDPR","False","False","False","False","False","False","True","False","PREPOSITION_DOES_NOT_IMPLY_RECIPIENT;RELATIONAL_ENTITY_MUST_BE_ACTOR_CAPABLE;PROPOSITION_BOUNDARIES_MUST_BE_PRESERVED;TEMPORAL_SPATIAL_MANNER_MODIFIERS_ARE_NOT_CORE_ACTION_OR_OBJECT;OBJECT_MUST_NOT_FUNCTION_AS_RESIDUAL_BUCKET","YES","MODERATE","NO","NOT_ASSESSED","NOT_ASSESSED"
"EXT-000482","D1_GDPR","False","False","False","False","False","False","False","False","","NO","NONE","NO","NOT_ASSESSED","NOT_ASSESSED"
"EXT-000483","D1_GDPR","False","False","False","False","False","False","False","False","PREPOSITION_DOES_NOT_IMPLY_RECIPIENT;RELATIONAL_ENTITY_MUST_BE_ACTOR_CAPABLE","YES","SIMPLE","NO","NOT_ASSESSED","NOT_ASSESSED"
"EXT-000484","D1_GDPR","False","False","False","False","False","False","False","False","PREPOSITION_DOES_NOT_IMPLY_RECIPIENT;RELATIONAL_ENTITY_MUST_BE_ACTOR_CAPABLE","YES","SIMPLE","NO","NOT_ASSESSED","NOT_ASSESSED"
"EXT-000485","D1_GDPR","False","False","False","True","False","False","True","False","STRUCTURAL_EXTRACTION_MUST_PRESERVE_LEGAL_VERB;PROPOSITION_BOUNDARIES_MUST_BE_PRESERVED;TEMPORAL_SPATIAL_MANNER_MODIFIERS_ARE_NOT_CORE_ACTION_OR_OBJECT;OBJECT_MUST_NOT_FUNCTION_AS_RESIDUAL_BUCKET","YES","MODERATE","NO","NOT_ASSESSED","NOT_ASSESSED"
"EXT-000486","D2_DSA","False","False","False","False","False","False","False","False","","UNCERTAIN","MODERATE","NO","YES","YES"
"EXT-000487","D2_DSA","False","False","False","False","False","False","False","True","PREPOSITION_DOES_NOT_IMPLY_RECIPIENT;COORDINATED_PREDICATES_MUST_REMAIN_DISTINCT;OBJECT_MUST_NOT_FUNCTION_AS_RESIDUAL_BUCKET","YES","COMPLEX","NO","YES","YES"
"EXT-000488","D2_DSA","False","False","False","False","False","False","False","False","PREPOSITION_DOES_NOT_IMPLY_RECIPIENT","UNCERTAIN","MODERATE","NO","YES","YES"
"EXT-000489","D2_DSA","False","False","False","False","False","False","False","False","EXPLICIT_RELATIONAL_ACTOR_MUST_NOT_BE_DROPPED","YES","MODERATE","NO","NO","NO"
"EXT-000490","D2_DSA","False","False","False","False","False","False","False","True","COORDINATED_PREDICATES_MUST_REMAIN_DISTINCT;OBJECT_MUST_NOT_FUNCTION_AS_RESIDUAL_BUCKET","YES","COMPLEX","NO","NO","NO"
"EXT-000491","D2_DSA","False","False","False","False","False","False","False","False","PREPOSITION_DOES_NOT_IMPLY_RECIPIENT","UNCERTAIN","MODERATE","NO","NOT_ASSESSED","NOT_ASSESSED"
"EXT-000492","D2_DSA","False","False","False","False","False","False","False","False","","NO","NONE","NO","NOT_ASSESSED","NOT_ASSESSED"
"EXT-000493","D2_DSA","False","False","False","False","False","False","False","True","PREPOSITION_DOES_NOT_IMPLY_RECIPIENT;RELATIONAL_ENTITY_MUST_BE_ACTOR_CAPABLE;COORDINATED_PREDICATES_MUST_REMAIN_DISTINCT;OBJECT_MUST_NOT_FUNCTION_AS_RESIDUAL_BUCKET","YES","COMPLEX","NO","NOT_ASSESSED","NOT_ASSESSED"
"EXT-000494","D2_DSA","False","False","False","False","False","False","False","False","","NO","NONE","NO","NOT_ASSESSED","NOT_ASSESSED"
"EXT-000495","D2_DSA","False","False","False","False","False","False","False","False","","NO","NONE","NO","NOT_ASSESSED","NOT_ASSESSED"
"EXT-000496","D2_DSA","False","False","False","False","False","False","True","False","PREPOSITION_DOES_NOT_IMPLY_RECIPIENT;PROPOSITION_BOUNDARIES_MUST_BE_PRESERVED;TEMPORAL_SPATIAL_MANNER_MODIFIERS_ARE_NOT_CORE_ACTION_OR_OBJECT;OBJECT_MUST_NOT_FUNCTION_AS_RESIDUAL_BUCKET","YES","MODERATE","NO","NOT_ASSESSED","NOT_ASSESSED"
"EXT-000497","D2_DSA","False","False","False","False","False","False","False","False","PREPOSITION_DOES_NOT_IMPLY_RECIPIENT;RELATIONAL_ENTITY_MUST_BE_ACTOR_CAPABLE;OBJECT_MUST_NOT_FUNCTION_AS_RESIDUAL_BUCKET","YES","COMPLEX","NO","NOT_ASSESSED","NOT_ASSESSED"
"EXT-000498","D2_DSA","False","False","False","False","False","False","False","False","PREPOSITION_DOES_NOT_IMPLY_RECIPIENT;RELATIONAL_ENTITY_MUST_BE_ACTOR_CAPABLE","YES","SIMPLE","NO","NOT_ASSESSED","NOT_ASSESSED"
"EXT-000499","D2_DSA","False","False","False","False","False","False","True","False","PROPOSITION_BOUNDARIES_MUST_BE_PRESERVED;TEMPORAL_SPATIAL_MANNER_MODIFIERS_ARE_NOT_CORE_ACTION_OR_OBJECT;OBJECT_MUST_NOT_FUNCTION_AS_RESIDUAL_BUCKET","YES","MODERATE","NO","YES","YES"
"EXT-000500","D2_DSA","False","False","False","False","False","False","True","False","PREPOSITION_DOES_NOT_IMPLY_RECIPIENT;RELATIONAL_ENTITY_MUST_BE_ACTOR_CAPABLE;PROPOSITION_BOUNDARIES_MUST_BE_PRESERVED;TEMPORAL_SPATIAL_MANNER_MODIFIERS_ARE_NOT_CORE_ACTION_OR_OBJECT;OBJECT_MUST_NOT_FUNCTION_AS_RESIDUAL_BUCKET","YES","COMPLEX","YES","YES","YES"
"EXT-000501","D2_DSA","False","False","False","False","False","False","True","False","PROPOSITION_BOUNDARIES_MUST_BE_PRESERVED;TEMPORAL_SPATIAL_MANNER_MODIFIERS_ARE_NOT_CORE_ACTION_OR_OBJECT;OBJECT_MUST_NOT_FUNCTION_AS_RESIDUAL_BUCKET","YES","MODERATE","NO","NOT_ASSESSED","NOT_ASSESSED"
"EXT-000502","D2_DSA","False","False","False","False","False","False","False","False","PREPOSITION_DOES_NOT_IMPLY_RECIPIENT;OBJECT_MUST_NOT_FUNCTION_AS_RESIDUAL_BUCKET","UNCERTAIN","COMPLEX","NO","YES","NO"
"EXT-000503","D2_DSA","False","False","False","False","False","False","False","False","EXPLICIT_RELATIONAL_ACTOR_MUST_NOT_BE_DROPPED","YES","MODERATE","NO","NOT_ASSESSED","NOT_ASSESSED"
"EXT-000504","D2_DSA","False","False","False","False","False","False","False","False","","NO","NONE","NO","NO","NO"
"EXT-000505","D2_DSA","False","False","False","True","True","False","True","False","STRUCTURAL_EXTRACTION_MUST_PRESERVE_LEGAL_VERB;PROPOSITION_BOUNDARIES_MUST_BE_PRESERVED;DISCOURSE_ADVERB_IS_NOT_ACTION;TEMPORAL_SPATIAL_MANNER_MODIFIERS_ARE_NOT_CORE_ACTION_OR_OBJECT;EXPLICIT_RELATIONAL_ACTOR_MUST_NOT_BE_DROPPED;OBJECT_MUST_NOT_FUNCTION_AS_RESIDUAL_BUCKET","YES","COMPLEX","YES","YES","YES"
"EXT-000506","D2_DSA","False","False","False","False","False","False","False","False","","NO","NONE","NO","NOT_ASSESSED","NOT_ASSESSED"
"EXT-000507","D2_DSA","False","False","False","False","False","False","False","False","PREPOSITION_DOES_NOT_IMPLY_RECIPIENT","UNCERTAIN","MODERATE","NO","NOT_ASSESSED","NOT_ASSESSED"
"EXT-000508","D2_DSA","False","False","False","False","False","False","False","True","COORDINATED_PREDICATES_MUST_REMAIN_DISTINCT;OBJECT_MUST_NOT_FUNCTION_AS_RESIDUAL_BUCKET","YES","COMPLEX","NO","NOT_ASSESSED","NOT_ASSESSED"
"EXT-000509","D2_DSA","False","False","False","False","False","False","False","False","PREPOSITION_DOES_NOT_IMPLY_RECIPIENT","UNCERTAIN","MODERATE","NO","NOT_ASSESSED","NOT_ASSESSED"
"EXT-000510","D2_DSA","False","False","False","False","False","False","False","False","PREPOSITION_DOES_NOT_IMPLY_RECIPIENT","UNCERTAIN","MODERATE","NO","NOT_ASSESSED","NOT_ASSESSED"
"EXT-000511","D2_DSA","False","False","False","False","False","False","True","False","PREPOSITION_DOES_NOT_IMPLY_RECIPIENT;PROPOSITION_BOUNDARIES_MUST_BE_PRESERVED;TEMPORAL_SPATIAL_MANNER_MODIFIERS_ARE_NOT_CORE_ACTION_OR_OBJECT;OBJECT_MUST_NOT_FUNCTION_AS_RESIDUAL_BUCKET","YES","MODERATE","NO","YES","YES"
"EXT-000512","D2_DSA","False","False","False","False","False","False","False","False","","NO","NONE","NO","NOT_ASSESSED","NOT_ASSESSED"
"EXT-000513","D2_DSA","False","False","False","False","False","False","False","False","","NO","NONE","NO","NOT_ASSESSED","NOT_ASSESSED"
"EXT-000514","D2_DSA","False","False","False","False","False","False","False","False","EXPLICIT_RELATIONAL_ACTOR_MUST_NOT_BE_DROPPED","YES","MODERATE","NO","NOT_ASSESSED","NOT_ASSESSED"
"EXT-000515","D2_DSA","False","False","False","False","False","False","True","False","PROPOSITION_BOUNDARIES_MUST_BE_PRESERVED;TEMPORAL_SPATIAL_MANNER_MODIFIERS_ARE_NOT_CORE_ACTION_OR_OBJECT;OBJECT_MUST_NOT_FUNCTION_AS_RESIDUAL_BUCKET","YES","MODERATE","NO","NO","NO"
"EXT-000516","D2_DSA","False","False","False","False","False","False","False","False","","NO","NONE","NO","NOT_ASSESSED","NOT_ASSESSED"
"EXT-000517","D2_DSA","False","False","True","False","False","False","False","False","PRESERVE_LEGAL_MODALITY","UNCERTAIN","MODERATE","NO","NOT_ASSESSED","NOT_ASSESSED"
"EXT-000518","D2_DSA","False","False","False","False","False","False","False","False","","NO","NONE","NO","NOT_ASSESSED","NOT_ASSESSED"
"EXT-000519","D2_DSA","False","False","False","False","False","False","False","False","PREPOSITION_DOES_NOT_IMPLY_RECIPIENT","UNCERTAIN","MODERATE","NO","NOT_ASSESSED","NOT_ASSESSED"
"EXT-000520","D2_DSA","False","False","False","False","False","False","False","False","PREPOSITION_DOES_NOT_IMPLY_RECIPIENT","UNCERTAIN","MODERATE","NO","NOT_ASSESSED","NOT_ASSESSED"
"EXT-000521","D2_DSA","False","False","False","False","False","False","True","False","PREPOSITION_DOES_NOT_IMPLY_RECIPIENT;PROPOSITION_BOUNDARIES_MUST_BE_PRESERVED;TEMPORAL_SPATIAL_MANNER_MODIFIERS_ARE_NOT_CORE_ACTION_OR_OBJECT;OBJECT_MUST_NOT_FUNCTION_AS_RESIDUAL_BUCKET","YES","MODERATE","NO","NOT_ASSESSED","NOT_ASSESSED"
"EXT-000522","D2_DSA","False","False","False","False","False","False","False","True","PREPOSITION_DOES_NOT_IMPLY_RECIPIENT;COORDINATED_PREDICATES_MUST_REMAIN_DISTINCT","UNCERTAIN","COMPLEX","NO","NOT_ASSESSED","NOT_ASSESSED"
"EXT-000523","D2_DSA","False","True","False","False","False","False","False","True","PREPOSITION_DOES_NOT_IMPLY_RECIPIENT;COORDINATED_PREDICATES_MUST_REMAIN_DISTINCT;OBJECT_MUST_NOT_FUNCTION_AS_RESIDUAL_BUCKET","YES","COMPLEX","NO","NOT_ASSESSED","NOT_ASSESSED"
"EXT-000524","D2_DSA","False","False","False","False","False","False","False","False","","NO","NONE","NO","NOT_ASSESSED","NOT_ASSESSED"
"EXT-000525","D2_DSA","False","False","False","False","False","False","False","False","","NO","NONE","NO","NOT_ASSESSED","NOT_ASSESSED"
"EXT-000526","D2_DSA","False","False","False","False","False","False","True","False","PROPOSITION_BOUNDARIES_MUST_BE_PRESERVED;TEMPORAL_SPATIAL_MANNER_MODIFIERS_ARE_NOT_CORE_ACTION_OR_OBJECT;OBJECT_MUST_NOT_FUNCTION_AS_RESIDUAL_BUCKET","YES","MODERATE","NO","NOT_ASSESSED","NOT_ASSESSED"
"EXT-000527","D2_DSA","False","False","False","False","False","False","True","False","PROPOSITION_BOUNDARIES_MUST_BE_PRESERVED;TEMPORAL_SPATIAL_MANNER_MODIFIERS_ARE_NOT_CORE_ACTION_OR_OBJECT;OBJECT_MUST_NOT_FUNCTION_AS_RESIDUAL_BUCKET","YES","MODERATE","NO","NOT_ASSESSED","NOT_ASSESSED"
"EXT-000528","D2_DSA","False","False","False","False","False","False","False","False","","NO","NONE","NO","NO","NO"
"EXT-000529","D2_DSA","False","False","False","False","False","False","False","True","COORDINATED_PREDICATES_MUST_REMAIN_DISTINCT","UNCERTAIN","COMPLEX","NO","NOT_ASSESSED","NOT_ASSESSED"
"EXT-000530","D2_DSA","False","False","False","False","False","False","True","False","PROPOSITION_BOUNDARIES_MUST_BE_PRESERVED;TEMPORAL_SPATIAL_MANNER_MODIFIERS_ARE_NOT_CORE_ACTION_OR_OBJECT;OBJECT_MUST_NOT_FUNCTION_AS_RESIDUAL_BUCKET","YES","MODERATE","NO","NOT_ASSESSED","NOT_ASSESSED"
"EXT-000531","D2_DSA","False","False","False","False","False","False","True","False","PROPOSITION_BOUNDARIES_MUST_BE_PRESERVED;TEMPORAL_SPATIAL_MANNER_MODIFIERS_ARE_NOT_CORE_ACTION_OR_OBJECT;OBJECT_MUST_NOT_FUNCTION_AS_RESIDUAL_BUCKET","YES","MODERATE","NO","NOT_ASSESSED","NOT_ASSESSED"
"EXT-000532","D2_DSA","False","False","False","False","False","False","True","False","RELATIONAL_ENTITY_MUST_BE_ACTOR_CAPABLE;PROPOSITION_BOUNDARIES_MUST_BE_PRESERVED;TEMPORAL_SPATIAL_MANNER_MODIFIERS_ARE_NOT_CORE_ACTION_OR_OBJECT;OBJECT_MUST_NOT_FUNCTION_AS_RESIDUAL_BUCKET","YES","MODERATE","NO","NOT_ASSESSED","NOT_ASSESSED"
"EXT-000533","D2_DSA","False","False","False","False","False","False","True","True","PROPOSITION_BOUNDARIES_MUST_BE_PRESERVED;COORDINATED_PREDICATES_MUST_REMAIN_DISTINCT;TEMPORAL_SPATIAL_MANNER_MODIFIERS_ARE_NOT_CORE_ACTION_OR_OBJECT;OBJECT_MUST_NOT_FUNCTION_AS_RESIDUAL_BUCKET","YES","COMPLEX","NO","NOT_ASSESSED","NOT_ASSESSED"
"EXT-000534","D2_DSA","False","False","False","False","False","False","False","False","PREPOSITION_DOES_NOT_IMPLY_RECIPIENT;RELATIONAL_ENTITY_MUST_BE_ACTOR_CAPABLE","YES","SIMPLE","NO","NOT_ASSESSED","NOT_ASSESSED"
"EXT-000535","D2_DSA","False","False","False","False","False","False","False","False","PREPOSITION_DOES_NOT_IMPLY_RECIPIENT","UNCERTAIN","MODERATE","NO","NOT_ASSESSED","NOT_ASSESSED"
"EXT-000536","D2_DSA","False","False","False","False","False","False","False","False","TEMPORAL_SPATIAL_MANNER_MODIFIERS_ARE_NOT_CORE_ACTION_OR_OBJECT","UNCERTAIN","MODERATE","NO","YES","YES"
"EXT-000537","D2_DSA","False","False","False","False","False","False","False","False","","NO","NONE","NO","NOT_ASSESSED","NOT_ASSESSED"
"EXT-000538","D2_DSA","False","False","False","False","False","False","False","False","","NO","NONE","NO","NOT_ASSESSED","NOT_ASSESSED"
"EXT-000539","D2_DSA","False","False","False","False","False","False","False","True","PREPOSITION_DOES_NOT_IMPLY_RECIPIENT;COORDINATED_PREDICATES_MUST_REMAIN_DISTINCT;OBJECT_MUST_NOT_FUNCTION_AS_RESIDUAL_BUCKET","YES","COMPLEX","NO","NOT_ASSESSED","NOT_ASSESSED"
"EXT-000540","D2_DSA","False","False","True","False","False","False","True","False","PRESERVE_LEGAL_MODALITY;PROPOSITION_BOUNDARIES_MUST_BE_PRESERVED;TEMPORAL_SPATIAL_MANNER_MODIFIERS_ARE_NOT_CORE_ACTION_OR_OBJECT;OBJECT_MUST_NOT_FUNCTION_AS_RESIDUAL_BUCKET","YES","MODERATE","NO","NOT_ASSESSED","NOT_ASSESSED"
"EXT-000541","D2_DSA","False","False","False","False","False","False","False","False","","NO","NONE","NO","NOT_ASSESSED","NOT_ASSESSED"
"EXT-000542","D2_DSA","False","False","False","False","False","False","False","False","PREPOSITION_DOES_NOT_IMPLY_RECIPIENT","UNCERTAIN","MODERATE","NO","NOT_ASSESSED","NOT_ASSESSED"
"EXT-000543","D2_DSA","False","False","False","False","False","False","False","False","PREPOSITION_DOES_NOT_IMPLY_RECIPIENT","UNCERTAIN","MODERATE","NO","NOT_ASSESSED","NOT_ASSESSED"
"EXT-000544","D2_DSA","False","False","True","False","False","False","False","False","PRESERVE_LEGAL_MODALITY","UNCERTAIN","MODERATE","NO","NOT_ASSESSED","NOT_ASSESSED"
"EXT-000545","D2_DSA","False","False","False","False","False","False","True","False","PROPOSITION_BOUNDARIES_MUST_BE_PRESERVED;TEMPORAL_SPATIAL_MANNER_MODIFIERS_ARE_NOT_CORE_ACTION_OR_OBJECT;OBJECT_MUST_NOT_FUNCTION_AS_RESIDUAL_BUCKET","YES","MODERATE","NO","NO","NO"
"EXT-000546","D2_DSA","False","False","False","False","False","False","False","True","PREPOSITION_DOES_NOT_IMPLY_RECIPIENT;RELATIONAL_ENTITY_MUST_BE_ACTOR_CAPABLE;COORDINATED_PREDICATES_MUST_REMAIN_DISTINCT;OBJECT_MUST_NOT_FUNCTION_AS_RESIDUAL_BUCKET","YES","COMPLEX","NO","NOT_ASSESSED","NOT_ASSESSED"
"EXT-000547","D2_DSA","False","False","False","False","False","False","False","False","","NO","NONE","NO","NOT_ASSESSED","NOT_ASSESSED"
"EXT-000548","D2_DSA","False","False","True","False","False","False","False","False","PRESERVE_LEGAL_MODALITY","UNCERTAIN","MODERATE","NO","NOT_ASSESSED","NOT_ASSESSED"
"EXT-000549","D2_DSA","False","False","False","False","False","False","False","False","PREPOSITION_DOES_NOT_IMPLY_RECIPIENT","UNCERTAIN","MODERATE","NO","NOT_ASSESSED","NOT_ASSESSED"
"EXT-000550","D2_DSA","False","False","False","False","False","False","False","False","PREPOSITION_DOES_NOT_IMPLY_RECIPIENT","UNCERTAIN","MODERATE","NO","NOT_ASSESSED","NOT_ASSESSED"
"EXT-000551","D2_DSA","False","False","False","False","False","False","False","False","PREPOSITION_DOES_NOT_IMPLY_RECIPIENT","UNCERTAIN","MODERATE","NO","NOT_ASSESSED","NOT_ASSESSED"
"EXT-000552","D2_DSA","False","False","False","False","False","False","False","False","","NO","NONE","NO","NOT_ASSESSED","NOT_ASSESSED"
"EXT-000553","D2_DSA","False","False","False","False","False","False","False","False","","NO","NONE","NO","NOT_ASSESSED","NOT_ASSESSED"
"EXT-000554","D2_DSA","False","False","False","False","False","False","True","False","PROPOSITION_BOUNDARIES_MUST_BE_PRESERVED;TEMPORAL_SPATIAL_MANNER_MODIFIERS_ARE_NOT_CORE_ACTION_OR_OBJECT;OBJECT_MUST_NOT_FUNCTION_AS_RESIDUAL_BUCKET","YES","MODERATE","NO","YES","YES"
"EXT-000555","D2_DSA","False","False","False","False","False","False","False","False","","NO","NONE","NO","NOT_ASSESSED","NOT_ASSESSED"
"EXT-000556","D2_DSA","False","False","False","False","False","False","False","False","","NO","NONE","NO","NOT_ASSESSED","NOT_ASSESSED"
"EXT-000557","D2_DSA","False","False","False","False","False","False","False","False","","NO","NONE","NO","NOT_ASSESSED","NOT_ASSESSED"
"EXT-000558","D2_DSA","False","False","False","False","False","False","False","False","","NO","NONE","NO","NOT_ASSESSED","NOT_ASSESSED"
"EXT-000559","D2_DSA","False","False","False","False","False","False","False","False","","NO","NONE","NO","NOT_ASSESSED","NOT_ASSESSED"
"EXT-000560","D2_DSA","False","False","False","False","False","False","False","False","","NO","NONE","NO","NOT_ASSESSED","NOT_ASSESSED"
"EXT-000561","D2_DSA","False","False","False","False","False","False","True","False","PROPOSITION_BOUNDARIES_MUST_BE_PRESERVED;TEMPORAL_SPATIAL_MANNER_MODIFIERS_ARE_NOT_CORE_ACTION_OR_OBJECT;OBJECT_MUST_NOT_FUNCTION_AS_RESIDUAL_BUCKET","YES","MODERATE","NO","NOT_ASSESSED","NOT_ASSESSED"
"EXT-000562","D2_DSA","False","False","False","False","False","False","False","True","COORDINATED_PREDICATES_MUST_REMAIN_DISTINCT;OBJECT_MUST_NOT_FUNCTION_AS_RESIDUAL_BUCKET","YES","COMPLEX","NO","NOT_ASSESSED","NOT_ASSESSED"
"EXT-000563","D2_DSA","False","False","False","False","False","False","False","False","TEMPORAL_SPATIAL_MANNER_MODIFIERS_ARE_NOT_CORE_ACTION_OR_OBJECT","UNCERTAIN","MODERATE","NO","NOT_ASSESSED","NOT_ASSESSED"
"EXT-000564","D2_DSA","False","False","False","False","False","False","True","False","PREPOSITION_DOES_NOT_IMPLY_RECIPIENT;PROPOSITION_BOUNDARIES_MUST_BE_PRESERVED;TEMPORAL_SPATIAL_MANNER_MODIFIERS_ARE_NOT_CORE_ACTION_OR_OBJECT;OBJECT_MUST_NOT_FUNCTION_AS_RESIDUAL_BUCKET","YES","MODERATE","NO","NOT_ASSESSED","NOT_ASSESSED"
"EXT-000565","D2_DSA","False","False","False","False","False","False","True","False","PROPOSITION_BOUNDARIES_MUST_BE_PRESERVED;TEMPORAL_SPATIAL_MANNER_MODIFIERS_ARE_NOT_CORE_ACTION_OR_OBJECT;OBJECT_MUST_NOT_FUNCTION_AS_RESIDUAL_BUCKET","YES","MODERATE","NO","NOT_ASSESSED","NOT_ASSESSED"
"EXT-000566","D2_DSA","False","False","False","False","False","False","False","False","","UNCERTAIN","MODERATE","NO","YES","NO"
"EXT-000567","D2_DSA","False","False","False","False","False","False","False","False","","NO","NONE","NO","NOT_ASSESSED","NOT_ASSESSED"
"EXT-000568","D2_DSA","False","False","False","False","False","False","False","False","","NO","NONE","NO","NOT_ASSESSED","NOT_ASSESSED"
"EXT-000569","D2_DSA","False","False","False","False","False","False","False","False","","NO","NONE","NO","NOT_ASSESSED","NOT_ASSESSED"
"EXT-000570","D2_DSA","False","False","False","False","False","False","False","False","","NO","NONE","NO","NOT_ASSESSED","NOT_ASSESSED"
"EXT-000571","D2_DSA","False","False","False","False","False","False","False","False","","NO","NONE","NO","NOT_ASSESSED","NOT_ASSESSED"
"EXT-000572","D2_DSA","False","False","False","False","False","False","False","False","PREPOSITION_DOES_NOT_IMPLY_RECIPIENT","UNCERTAIN","MODERATE","NO","NOT_ASSESSED","NOT_ASSESSED"
"EXT-000573","D2_DSA","False","False","False","False","False","False","False","False","PREPOSITION_DOES_NOT_IMPLY_RECIPIENT","UNCERTAIN","MODERATE","NO","NOT_ASSESSED","NOT_ASSESSED"
"EXT-000574","D2_DSA","False","False","True","False","False","False","False","False","PRESERVE_LEGAL_MODALITY;PREPOSITION_DOES_NOT_IMPLY_RECIPIENT","UNCERTAIN","MODERATE","NO","NOT_ASSESSED","NOT_ASSESSED"
"EXT-000575","D2_DSA","False","False","False","False","False","False","False","False","PREPOSITION_DOES_NOT_IMPLY_RECIPIENT","UNCERTAIN","MODERATE","NO","NOT_ASSESSED","NOT_ASSESSED"
"EXT-000576","D2_DSA","False","False","False","False","False","False","False","True","COORDINATED_PREDICATES_MUST_REMAIN_DISTINCT","UNCERTAIN","COMPLEX","NO","NOT_ASSESSED","NOT_ASSESSED"
"EXT-000577","D2_DSA","False","False","False","False","False","False","True","False","PROPOSITION_BOUNDARIES_MUST_BE_PRESERVED;TEMPORAL_SPATIAL_MANNER_MODIFIERS_ARE_NOT_CORE_ACTION_OR_OBJECT;OBJECT_MUST_NOT_FUNCTION_AS_RESIDUAL_BUCKET","YES","MODERATE","NO","NOT_ASSESSED","NOT_ASSESSED"
"EXT-000578","D2_DSA","False","False","False","False","False","False","False","True","PREPOSITION_DOES_NOT_IMPLY_RECIPIENT;RELATIONAL_ENTITY_MUST_BE_ACTOR_CAPABLE;COORDINATED_PREDICATES_MUST_REMAIN_DISTINCT;OBJECT_MUST_NOT_FUNCTION_AS_RESIDUAL_BUCKET","YES","COMPLEX","NO","NOT_ASSESSED","NOT_ASSESSED"
"EXT-000579","D2_DSA","False","False","False","False","False","False","False","False","PREPOSITION_DOES_NOT_IMPLY_RECIPIENT;OBJECT_MUST_NOT_FUNCTION_AS_RESIDUAL_BUCKET","UNCERTAIN","COMPLEX","NO","NOT_ASSESSED","NOT_ASSESSED"
"EXT-000580","D2_DSA","False","False","False","False","False","False","False","False","PREPOSITION_DOES_NOT_IMPLY_RECIPIENT","UNCERTAIN","MODERATE","NO","NOT_ASSESSED","NOT_ASSESSED"
"EXT-000581","D2_DSA","False","False","False","False","False","False","False","False","","NO","NONE","NO","NOT_ASSESSED","NOT_ASSESSED"
"EXT-000582","D2_DSA","False","False","False","False","False","False","False","False","PREPOSITION_DOES_NOT_IMPLY_RECIPIENT","UNCERTAIN","MODERATE","NO","NOT_ASSESSED","NOT_ASSESSED"
"EXT-000583","D2_DSA","False","False","False","False","False","False","False","True","PREPOSITION_DOES_NOT_IMPLY_RECIPIENT;COORDINATED_PREDICATES_MUST_REMAIN_DISTINCT;OBJECT_MUST_NOT_FUNCTION_AS_RESIDUAL_BUCKET","YES","COMPLEX","NO","NOT_ASSESSED","NOT_ASSESSED"
"EXT-000584","D2_DSA","False","False","False","False","False","False","False","False","PREPOSITION_DOES_NOT_IMPLY_RECIPIENT","UNCERTAIN","MODERATE","NO","NOT_ASSESSED","NOT_ASSESSED"
"EXT-000585","D2_DSA","False","False","False","False","False","False","True","False","PROPOSITION_BOUNDARIES_MUST_BE_PRESERVED;TEMPORAL_SPATIAL_MANNER_MODIFIERS_ARE_NOT_CORE_ACTION_OR_OBJECT;OBJECT_MUST_NOT_FUNCTION_AS_RESIDUAL_BUCKET","YES","MODERATE","NO","NOT_ASSESSED","NOT_ASSESSED"
"EXT-000586","D2_DSA","False","False","False","False","False","False","False","False","","NO","NONE","NO","NOT_ASSESSED","NOT_ASSESSED"
"EXT-000587","D2_DSA","False","False","False","False","False","False","False","False","RELATIONAL_ENTITY_MUST_BE_ACTOR_CAPABLE","YES","SIMPLE","NO","NOT_ASSESSED","NOT_ASSESSED"
"EXT-000588","D2_DSA","False","False","False","True","False","False","True","True","STRUCTURAL_EXTRACTION_MUST_PRESERVE_LEGAL_VERB;PROPOSITION_BOUNDARIES_MUST_BE_PRESERVED;COORDINATED_PREDICATES_MUST_REMAIN_DISTINCT;TEMPORAL_SPATIAL_MANNER_MODIFIERS_ARE_NOT_CORE_ACTION_OR_OBJECT;EXPLICIT_RELATIONAL_ACTOR_MUST_NOT_BE_DROPPED;OBJECT_MUST_NOT_FUNCTION_AS_RESIDUAL_BUCKET","YES","COMPLEX","NO","NOT_ASSESSED","NOT_ASSESSED"
"EXT-000589","D2_DSA","False","False","False","False","False","False","False","False","OBJECT_MUST_NOT_FUNCTION_AS_RESIDUAL_BUCKET","UNCERTAIN","COMPLEX","NO","NOT_ASSESSED","NOT_ASSESSED"
"EXT-000590","D2_DSA","False","False","False","False","False","False","False","False","PREPOSITION_DOES_NOT_IMPLY_RECIPIENT;RELATIONAL_ENTITY_MUST_BE_ACTOR_CAPABLE","YES","SIMPLE","NO","YES","YES"
"EXT-000591","D2_DSA","False","False","False","False","False","False","False","False","","NO","NONE","NO","NOT_ASSESSED","NOT_ASSESSED"
"EXT-000592","D2_DSA","False","False","False","False","False","False","False","False","RELATIONAL_ENTITY_MUST_BE_ACTOR_CAPABLE","YES","SIMPLE","NO","NOT_ASSESSED","NOT_ASSESSED"
"EXT-000593","D2_DSA","False","False","False","False","False","False","False","False","PREPOSITION_DOES_NOT_IMPLY_RECIPIENT;OBJECT_MUST_NOT_FUNCTION_AS_RESIDUAL_BUCKET","UNCERTAIN","COMPLEX","NO","NOT_ASSESSED","NOT_ASSESSED"
"EXT-000594","D2_DSA","False","False","False","False","False","False","False","True","PREPOSITION_DOES_NOT_IMPLY_RECIPIENT;COORDINATED_PREDICATES_MUST_REMAIN_DISTINCT","UNCERTAIN","COMPLEX","NO","NOT_ASSESSED","NOT_ASSESSED"
"EXT-000595","D2_DSA","False","False","False","False","False","False","False","False","PREPOSITION_DOES_NOT_IMPLY_RECIPIENT","UNCERTAIN","MODERATE","NO","NOT_ASSESSED","NOT_ASSESSED"
"EXT-000596","D2_DSA","False","False","False","False","False","False","False","False","","NO","NONE","NO","NOT_ASSESSED","NOT_ASSESSED"
"EXT-000597","D2_DSA","False","False","False","False","False","False","False","False","","NO","NONE","NO","NOT_ASSESSED","NOT_ASSESSED"
"EXT-000598","D2_DSA","False","False","False","False","False","False","False","False","","NO","NONE","NO","NOT_ASSESSED","NOT_ASSESSED"
"EXT-000599","D2_DSA","False","False","False","False","False","False","False","False","","NO","NONE","NO","NOT_ASSESSED","NOT_ASSESSED"
"EXT-000600","D2_DSA","False","False","False","False","False","False","False","False","PREPOSITION_DOES_NOT_IMPLY_RECIPIENT","UNCERTAIN","MODERATE","NO","NOT_ASSESSED","NOT_ASSESSED"
"EXT-000601","D2_DSA","False","False","False","False","False","False","False","False","","NO","NONE","NO","NOT_ASSESSED","NOT_ASSESSED"
"EXT-000602","D2_DSA","False","False","False","False","False","False","False","False","","NO","NONE","NO","NOT_ASSESSED","NOT_ASSESSED"
"EXT-000603","D2_DSA","False","False","False","False","False","False","False","False","","NO","NONE","NO","NOT_ASSESSED","NOT_ASSESSED"
"EXT-000604","D2_DSA","False","False","False","False","False","False","False","False","","NO","NONE","NO","NOT_ASSESSED","NOT_ASSESSED"
"EXT-000605","D2_DSA","False","False","False","False","False","False","False","False","","NO","NONE","NO","NOT_ASSESSED","NOT_ASSESSED"
"EXT-000606","D2_DSA","False","False","False","False","False","False","False","False","","NO","NONE","NO","NOT_ASSESSED","NOT_ASSESSED"
"EXT-000607","D2_DSA","False","False","False","False","False","False","False","False","","NO","NONE","NO","NOT_ASSESSED","NOT_ASSESSED"
"EXT-000608","D2_DSA","False","False","False","False","False","False","False","True","PREPOSITION_DOES_NOT_IMPLY_RECIPIENT;COORDINATED_PREDICATES_MUST_REMAIN_DISTINCT;OBJECT_MUST_NOT_FUNCTION_AS_RESIDUAL_BUCKET","YES","COMPLEX","NO","NOT_ASSESSED","NOT_ASSESSED"
"EXT-000609","D2_DSA","False","False","False","False","False","False","False","False","","NO","NONE","NO","NOT_ASSESSED","NOT_ASSESSED"
"EXT-000610","D2_DSA","False","False","False","False","False","False","False","True","COORDINATED_PREDICATES_MUST_REMAIN_DISTINCT;OBJECT_MUST_NOT_FUNCTION_AS_RESIDUAL_BUCKET","YES","COMPLEX","NO","NOT_ASSESSED","NOT_ASSESSED"
"EXT-000611","D2_DSA","False","False","False","False","False","False","True","False","PROPOSITION_BOUNDARIES_MUST_BE_PRESERVED;TEMPORAL_SPATIAL_MANNER_MODIFIERS_ARE_NOT_CORE_ACTION_OR_OBJECT;OBJECT_MUST_NOT_FUNCTION_AS_RESIDUAL_BUCKET","YES","MODERATE","NO","NOT_ASSESSED","NOT_ASSESSED"
"EXT-000612","D2_DSA","False","False","True","False","False","False","True","False","PRESERVE_LEGAL_MODALITY;PROPOSITION_BOUNDARIES_MUST_BE_PRESERVED;TEMPORAL_SPATIAL_MANNER_MODIFIERS_ARE_NOT_CORE_ACTION_OR_OBJECT;OBJECT_MUST_NOT_FUNCTION_AS_RESIDUAL_BUCKET","YES","COMPLEX","NO","YES","YES"
"EXT-000613","D2_DSA","False","False","False","False","False","False","False","False","","NO","NONE","NO","NOT_ASSESSED","NOT_ASSESSED"
"EXT-000614","D2_DSA","False","False","False","False","False","False","False","True","COORDINATED_PREDICATES_MUST_REMAIN_DISTINCT;OBJECT_MUST_NOT_FUNCTION_AS_RESIDUAL_BUCKET","YES","COMPLEX","NO","NOT_ASSESSED","NOT_ASSESSED"
"EXT-000615","D2_DSA","False","False","False","False","False","False","False","True","PREPOSITION_DOES_NOT_IMPLY_RECIPIENT;COORDINATED_PREDICATES_MUST_REMAIN_DISTINCT","UNCERTAIN","COMPLEX","NO","NOT_ASSESSED","NOT_ASSESSED"
"EXT-000616","D2_DSA","False","False","False","False","False","False","False","False","","NO","NONE","NO","NOT_ASSESSED","NOT_ASSESSED"
"EXT-000617","D2_DSA","False","False","False","False","False","False","False","False","","NO","NONE","NO","NOT_ASSESSED","NOT_ASSESSED"
"EXT-000618","D2_DSA","False","False","False","False","False","False","False","True","COORDINATED_PREDICATES_MUST_REMAIN_DISTINCT;EXPLICIT_RELATIONAL_ACTOR_MUST_NOT_BE_DROPPED","YES","COMPLEX","NO","NOT_ASSESSED","NOT_ASSESSED"
"EXT-000619","D2_DSA","False","False","False","False","False","False","False","False","PREPOSITION_DOES_NOT_IMPLY_RECIPIENT;RELATIONAL_ENTITY_MUST_BE_ACTOR_CAPABLE;OBJECT_MUST_NOT_FUNCTION_AS_RESIDUAL_BUCKET","YES","COMPLEX","NO","NOT_ASSESSED","NOT_ASSESSED"
"EXT-000620","D2_DSA","False","False","False","False","False","False","True","True","PREPOSITION_DOES_NOT_IMPLY_RECIPIENT;RELATIONAL_ENTITY_MUST_BE_ACTOR_CAPABLE;PROPOSITION_BOUNDARIES_MUST_BE_PRESERVED;COORDINATED_PREDICATES_MUST_REMAIN_DISTINCT;TEMPORAL_SPATIAL_MANNER_MODIFIERS_ARE_NOT_CORE_ACTION_OR_OBJECT;OBJECT_MUST_NOT_FUNCTION_AS_RESIDUAL_BUCKET","YES","COMPLEX","NO","NOT_ASSESSED","NOT_ASSESSED"
"EXT-000621","D2_DSA","False","False","False","False","False","False","False","True","PREPOSITION_DOES_NOT_IMPLY_RECIPIENT;COORDINATED_PREDICATES_MUST_REMAIN_DISTINCT","UNCERTAIN","COMPLEX","NO","NOT_ASSESSED","NOT_ASSESSED"
"EXT-000622","D2_DSA","False","False","False","False","False","False","False","False","","NO","NONE","NO","NOT_ASSESSED","NOT_ASSESSED"
"EXT-000623","D2_DSA","False","False","False","False","False","False","False","False","","NO","NONE","NO","NOT_ASSESSED","NOT_ASSESSED"
"EXT-000624","D2_DSA","False","False","False","False","False","False","False","False","","NO","NONE","NO","NOT_ASSESSED","NOT_ASSESSED"
"EXT-000625","D2_DSA","False","False","False","False","False","False","False","False","","NO","NONE","NO","NOT_ASSESSED","NOT_ASSESSED"
"EXT-000626","D2_DSA","False","False","False","False","False","False","True","False","PROPOSITION_BOUNDARIES_MUST_BE_PRESERVED;TEMPORAL_SPATIAL_MANNER_MODIFIERS_ARE_NOT_CORE_ACTION_OR_OBJECT;OBJECT_MUST_NOT_FUNCTION_AS_RESIDUAL_BUCKET","YES","MODERATE","NO","YES","YES"
"EXT-000627","D2_DSA","False","False","False","False","False","False","False","False","","NO","NONE","NO","NOT_ASSESSED","NOT_ASSESSED"
"EXT-000628","D2_DSA","False","False","True","False","False","False","False","False","PRESERVE_LEGAL_MODALITY","UNCERTAIN","MODERATE","NO","NOT_ASSESSED","NOT_ASSESSED"
"EXT-000629","D2_DSA","False","False","False","False","False","False","False","True","COORDINATED_PREDICATES_MUST_REMAIN_DISTINCT;OBJECT_MUST_NOT_FUNCTION_AS_RESIDUAL_BUCKET","YES","COMPLEX","NO","NOT_ASSESSED","NOT_ASSESSED"
"EXT-000630","D2_DSA","False","False","False","False","False","False","True","False","PROPOSITION_BOUNDARIES_MUST_BE_PRESERVED;TEMPORAL_SPATIAL_MANNER_MODIFIERS_ARE_NOT_CORE_ACTION_OR_OBJECT;OBJECT_MUST_NOT_FUNCTION_AS_RESIDUAL_BUCKET","YES","MODERATE","NO","NOT_ASSESSED","NOT_ASSESSED"
"EXT-000631","D2_DSA","False","False","False","False","False","False","False","False","","NO","NONE","NO","NOT_ASSESSED","NOT_ASSESSED"
"EXT-000632","D2_DSA","False","False","False","False","False","False","True","False","PREPOSITION_DOES_NOT_IMPLY_RECIPIENT;RELATIONAL_ENTITY_MUST_BE_ACTOR_CAPABLE;PROPOSITION_BOUNDARIES_MUST_BE_PRESERVED;TEMPORAL_SPATIAL_MANNER_MODIFIERS_ARE_NOT_CORE_ACTION_OR_OBJECT;OBJECT_MUST_NOT_FUNCTION_AS_RESIDUAL_BUCKET","YES","COMPLEX","NO","NOT_ASSESSED","NOT_ASSESSED"
"EXT-000633","D2_DSA","False","False","False","False","False","False","False","False","","NO","NONE","NO","NOT_ASSESSED","NOT_ASSESSED"
"EXT-000634","D2_DSA","False","False","True","False","False","False","False","False","PRESERVE_LEGAL_MODALITY","UNCERTAIN","MODERATE","NO","NOT_ASSESSED","NOT_ASSESSED"
"EXT-000635","D2_DSA","False","False","False","False","False","False","False","False","","NO","NONE","NO","NOT_ASSESSED","NOT_ASSESSED"
"EXT-000636","D2_DSA","False","False","False","False","False","False","False","False","","NO","NONE","NO","NOT_ASSESSED","NOT_ASSESSED"
"EXT-000637","D2_DSA","False","False","False","False","False","False","True","True","PREPOSITION_DOES_NOT_IMPLY_RECIPIENT;PROPOSITION_BOUNDARIES_MUST_BE_PRESERVED;COORDINATED_PREDICATES_MUST_REMAIN_DISTINCT;TEMPORAL_SPATIAL_MANNER_MODIFIERS_ARE_NOT_CORE_ACTION_OR_OBJECT;OBJECT_MUST_NOT_FUNCTION_AS_RESIDUAL_BUCKET","YES","COMPLEX","NO","NOT_ASSESSED","NOT_ASSESSED"
"EXT-000638","D2_DSA","False","False","True","False","False","False","False","False","PRESERVE_LEGAL_MODALITY;PREPOSITION_DOES_NOT_IMPLY_RECIPIENT","UNCERTAIN","MODERATE","NO","NOT_ASSESSED","NOT_ASSESSED"
"EXT-000639","D2_DSA","False","False","False","False","False","False","True","False","PREPOSITION_DOES_NOT_IMPLY_RECIPIENT;PROPOSITION_BOUNDARIES_MUST_BE_PRESERVED;TEMPORAL_SPATIAL_MANNER_MODIFIERS_ARE_NOT_CORE_ACTION_OR_OBJECT;OBJECT_MUST_NOT_FUNCTION_AS_RESIDUAL_BUCKET","YES","MODERATE","NO","NOT_ASSESSED","NOT_ASSESSED"
"EXT-000640","D2_DSA","False","False","False","False","False","False","True","False","RELATIONAL_ENTITY_MUST_BE_ACTOR_CAPABLE;PROPOSITION_BOUNDARIES_MUST_BE_PRESERVED;TEMPORAL_SPATIAL_MANNER_MODIFIERS_ARE_NOT_CORE_ACTION_OR_OBJECT;OBJECT_MUST_NOT_FUNCTION_AS_RESIDUAL_BUCKET","YES","COMPLEX","NO","NOT_ASSESSED","NOT_ASSESSED"
"EXT-000641","D2_DSA","False","False","False","False","False","False","False","False","RELATIONAL_ENTITY_MUST_BE_ACTOR_CAPABLE","YES","SIMPLE","NO","NOT_ASSESSED","NOT_ASSESSED"
"EXT-000642","D2_DSA","False","False","False","False","False","False","True","False","PROPOSITION_BOUNDARIES_MUST_BE_PRESERVED;TEMPORAL_SPATIAL_MANNER_MODIFIERS_ARE_NOT_CORE_ACTION_OR_OBJECT;OBJECT_MUST_NOT_FUNCTION_AS_RESIDUAL_BUCKET","YES","COMPLEX","NO","NOT_ASSESSED","NOT_ASSESSED"
"EXT-000643","D2_DSA","False","False","False","False","False","False","False","False","","NO","NONE","NO","NOT_ASSESSED","NOT_ASSESSED"
"EXT-000644","D2_DSA","False","False","True","False","False","False","True","False","PRESERVE_LEGAL_MODALITY;PROPOSITION_BOUNDARIES_MUST_BE_PRESERVED;TEMPORAL_SPATIAL_MANNER_MODIFIERS_ARE_NOT_CORE_ACTION_OR_OBJECT;OBJECT_MUST_NOT_FUNCTION_AS_RESIDUAL_BUCKET","YES","COMPLEX","NO","NOT_ASSESSED","NOT_ASSESSED"
"EXT-000645","D2_DSA","False","False","False","False","False","False","True","False","PROPOSITION_BOUNDARIES_MUST_BE_PRESERVED;TEMPORAL_SPATIAL_MANNER_MODIFIERS_ARE_NOT_CORE_ACTION_OR_OBJECT;OBJECT_MUST_NOT_FUNCTION_AS_RESIDUAL_BUCKET","YES","COMPLEX","NO","NOT_ASSESSED","NOT_ASSESSED"
"EXT-000646","D2_DSA","False","False","False","False","False","False","False","False","","NO","NONE","NO","NOT_ASSESSED","NOT_ASSESSED"
"EXT-000647","D2_DSA","False","False","False","False","False","False","False","True","COORDINATED_PREDICATES_MUST_REMAIN_DISTINCT;EXPLICIT_RELATIONAL_ACTOR_MUST_NOT_BE_DROPPED;OBJECT_MUST_NOT_FUNCTION_AS_RESIDUAL_BUCKET","YES","COMPLEX","NO","NOT_ASSESSED","NOT_ASSESSED"
"EXT-000648","D2_DSA","False","False","False","False","False","False","False","False","EXPLICIT_RELATIONAL_ACTOR_MUST_NOT_BE_DROPPED","YES","MODERATE","NO","NOT_ASSESSED","NOT_ASSESSED"
"EXT-000649","D2_DSA","False","False","False","True","False","False","True","True","STRUCTURAL_EXTRACTION_MUST_PRESERVE_LEGAL_VERB;PROPOSITION_BOUNDARIES_MUST_BE_PRESERVED;COORDINATED_PREDICATES_MUST_REMAIN_DISTINCT;TEMPORAL_SPATIAL_MANNER_MODIFIERS_ARE_NOT_CORE_ACTION_OR_OBJECT;EXPLICIT_RELATIONAL_ACTOR_MUST_NOT_BE_DROPPED;OBJECT_MUST_NOT_FUNCTION_AS_RESIDUAL_BUCKET","YES","COMPLEX","NO","NOT_ASSESSED","NOT_ASSESSED"
"EXT-000650","D2_DSA","False","False","False","False","False","False","True","False","PROPOSITION_BOUNDARIES_MUST_BE_PRESERVED;TEMPORAL_SPATIAL_MANNER_MODIFIERS_ARE_NOT_CORE_ACTION_OR_OBJECT;OBJECT_MUST_NOT_FUNCTION_AS_RESIDUAL_BUCKET","YES","MODERATE","NO","NOT_ASSESSED","NOT_ASSESSED"
"EXT-000651","D2_DSA","False","False","False","False","False","False","True","False","PROPOSITION_BOUNDARIES_MUST_BE_PRESERVED;TEMPORAL_SPATIAL_MANNER_MODIFIERS_ARE_NOT_CORE_ACTION_OR_OBJECT;OBJECT_MUST_NOT_FUNCTION_AS_RESIDUAL_BUCKET","YES","MODERATE","NO","NOT_ASSESSED","NOT_ASSESSED"
"EXT-000652","D2_DSA","False","False","False","False","False","False","True","False","PROPOSITION_BOUNDARIES_MUST_BE_PRESERVED;TEMPORAL_SPATIAL_MANNER_MODIFIERS_ARE_NOT_CORE_ACTION_OR_OBJECT;OBJECT_MUST_NOT_FUNCTION_AS_RESIDUAL_BUCKET","YES","MODERATE","NO","NOT_ASSESSED","NOT_ASSESSED"
"EXT-000653","D2_DSA","False","False","False","False","False","False","True","False","PROPOSITION_BOUNDARIES_MUST_BE_PRESERVED;TEMPORAL_SPATIAL_MANNER_MODIFIERS_ARE_NOT_CORE_ACTION_OR_OBJECT;OBJECT_MUST_NOT_FUNCTION_AS_RESIDUAL_BUCKET","YES","MODERATE","NO","NOT_ASSESSED","NOT_ASSESSED"
"EXT-000654","D2_DSA","False","False","False","False","False","False","True","False","PROPOSITION_BOUNDARIES_MUST_BE_PRESERVED;TEMPORAL_SPATIAL_MANNER_MODIFIERS_ARE_NOT_CORE_ACTION_OR_OBJECT;OBJECT_MUST_NOT_FUNCTION_AS_RESIDUAL_BUCKET","YES","MODERATE","NO","NOT_ASSESSED","NOT_ASSESSED"
"EXT-000655","D2_DSA","False","False","False","False","False","False","False","False","PREPOSITION_DOES_NOT_IMPLY_RECIPIENT;RELATIONAL_ENTITY_MUST_BE_ACTOR_CAPABLE;OBJECT_MUST_NOT_FUNCTION_AS_RESIDUAL_BUCKET","YES","COMPLEX","NO","NOT_ASSESSED","NOT_ASSESSED"
"EXT-000656","D2_DSA","False","False","False","False","False","False","False","False","","NO","NONE","NO","NOT_ASSESSED","NOT_ASSESSED"
"EXT-000657","D2_DSA","False","True","False","False","False","False","True","False","RELATIONAL_ENTITY_MUST_BE_ACTOR_CAPABLE;PROPOSITION_BOUNDARIES_MUST_BE_PRESERVED;TEMPORAL_SPATIAL_MANNER_MODIFIERS_ARE_NOT_CORE_ACTION_OR_OBJECT;OBJECT_MUST_NOT_FUNCTION_AS_RESIDUAL_BUCKET","YES","MODERATE","NO","NOT_ASSESSED","NOT_ASSESSED"
"EXT-000658","D2_DSA","False","True","False","False","False","False","False","False","","NO","NONE","NO","NOT_ASSESSED","NOT_ASSESSED"
"EXT-000659","D2_DSA","False","False","False","False","False","False","False","False","","NO","NONE","NO","NOT_ASSESSED","NOT_ASSESSED"
"EXT-000660","D2_DSA","False","False","False","False","False","False","False","False","OBJECT_MUST_NOT_FUNCTION_AS_RESIDUAL_BUCKET","UNCERTAIN","COMPLEX","NO","NOT_ASSESSED","NOT_ASSESSED"
"EXT-000661","D2_DSA","False","False","False","False","False","False","False","False","","NO","NONE","NO","NOT_ASSESSED","NOT_ASSESSED"
"EXT-000662","D2_DSA","False","False","False","False","False","False","False","False","","NO","NONE","NO","NOT_ASSESSED","NOT_ASSESSED"
"EXT-000663","D2_DSA","False","False","False","False","False","False","False","False","","NO","NONE","NO","NOT_ASSESSED","NOT_ASSESSED"
"EXT-000664","D2_DSA","False","False","False","False","False","False","False","False","","NO","NONE","NO","NOT_ASSESSED","NOT_ASSESSED"
"EXT-000665","D2_DSA","False","False","False","False","False","False","False","False","PREPOSITION_DOES_NOT_IMPLY_RECIPIENT","UNCERTAIN","MODERATE","NO","NOT_ASSESSED","NOT_ASSESSED"
"EXT-000666","D2_DSA","False","False","False","False","False","False","False","False","PREPOSITION_DOES_NOT_IMPLY_RECIPIENT","UNCERTAIN","MODERATE","NO","NOT_ASSESSED","NOT_ASSESSED"
"EXT-000667","D2_DSA","False","False","False","False","False","False","False","False","","NO","NONE","NO","NOT_ASSESSED","NOT_ASSESSED"
"EXT-000668","D2_DSA","False","False","False","False","False","False","False","False","","NO","NONE","NO","NOT_ASSESSED","NOT_ASSESSED"
"EXT-000669","D2_DSA","False","False","False","False","False","False","False","False","PREPOSITION_DOES_NOT_IMPLY_RECIPIENT","UNCERTAIN","MODERATE","NO","NOT_ASSESSED","NOT_ASSESSED"
"EXT-000670","D2_DSA","False","False","False","False","False","False","True","False","PREPOSITION_DOES_NOT_IMPLY_RECIPIENT;PROPOSITION_BOUNDARIES_MUST_BE_PRESERVED;TEMPORAL_SPATIAL_MANNER_MODIFIERS_ARE_NOT_CORE_ACTION_OR_OBJECT;OBJECT_MUST_NOT_FUNCTION_AS_RESIDUAL_BUCKET","YES","MODERATE","NO","NOT_ASSESSED","NOT_ASSESSED"
"EXT-000671","D2_DSA","False","False","True","False","False","False","False","False","PRESERVE_LEGAL_MODALITY;PREPOSITION_DOES_NOT_IMPLY_RECIPIENT;OBJECT_MUST_NOT_FUNCTION_AS_RESIDUAL_BUCKET","YES","COMPLEX","NO","NOT_ASSESSED","NOT_ASSESSED"
"EXT-000672","D2_DSA","False","False","False","False","False","False","False","False","PREPOSITION_DOES_NOT_IMPLY_RECIPIENT","UNCERTAIN","MODERATE","NO","NOT_ASSESSED","NOT_ASSESSED"
"EXT-000673","D2_DSA","False","False","False","False","False","False","True","False","PROPOSITION_BOUNDARIES_MUST_BE_PRESERVED;TEMPORAL_SPATIAL_MANNER_MODIFIERS_ARE_NOT_CORE_ACTION_OR_OBJECT;OBJECT_MUST_NOT_FUNCTION_AS_RESIDUAL_BUCKET","YES","MODERATE","NO","NOT_ASSESSED","NOT_ASSESSED"
"EXT-000674","D2_DSA","False","False","False","False","False","False","False","False","PREPOSITION_DOES_NOT_IMPLY_RECIPIENT","UNCERTAIN","MODERATE","NO","NOT_ASSESSED","NOT_ASSESSED"
"EXT-000675","D2_DSA","False","False","False","False","False","False","False","False","PREPOSITION_DOES_NOT_IMPLY_RECIPIENT","UNCERTAIN","MODERATE","NO","NOT_ASSESSED","NOT_ASSESSED"
"EXT-000676","D2_DSA","False","False","False","False","False","False","False","False","","NO","NONE","NO","NOT_ASSESSED","NOT_ASSESSED"
"EXT-000677","D2_DSA","False","False","False","True","False","False","False","False","STRUCTURAL_EXTRACTION_MUST_PRESERVE_LEGAL_VERB","YES","MODERATE","NO","NOT_ASSESSED","NOT_ASSESSED"
"EXT-000678","D2_DSA","False","False","False","False","False","False","False","False","OBJECT_MUST_NOT_FUNCTION_AS_RESIDUAL_BUCKET","UNCERTAIN","COMPLEX","NO","NOT_ASSESSED","NOT_ASSESSED"
"EXT-000679","D2_DSA","False","False","False","False","False","False","False","False","PREPOSITION_DOES_NOT_IMPLY_RECIPIENT","UNCERTAIN","MODERATE","NO","NOT_ASSESSED","NOT_ASSESSED"
"EXT-000680","D2_DSA","False","False","False","False","False","False","True","True","PREPOSITION_DOES_NOT_IMPLY_RECIPIENT;RELATIONAL_ENTITY_MUST_BE_ACTOR_CAPABLE;PROPOSITION_BOUNDARIES_MUST_BE_PRESERVED;COORDINATED_PREDICATES_MUST_REMAIN_DISTINCT;TEMPORAL_SPATIAL_MANNER_MODIFIERS_ARE_NOT_CORE_ACTION_OR_OBJECT;OBJECT_MUST_NOT_FUNCTION_AS_RESIDUAL_BUCKET","YES","COMPLEX","NO","NOT_ASSESSED","NOT_ASSESSED"
"EXT-000681","D2_DSA","False","False","False","False","False","False","False","False","PREPOSITION_DOES_NOT_IMPLY_RECIPIENT;RELATIONAL_ENTITY_MUST_BE_ACTOR_CAPABLE;OBJECT_MUST_NOT_FUNCTION_AS_RESIDUAL_BUCKET","YES","COMPLEX","NO","NOT_ASSESSED","NOT_ASSESSED"
"EXT-000682","D2_DSA","False","False","False","False","False","False","False","False","","NO","NONE","NO","NOT_ASSESSED","NOT_ASSESSED"
"EXT-000683","D2_DSA","False","False","False","False","False","False","False","True","COORDINATED_PREDICATES_MUST_REMAIN_DISTINCT;OBJECT_MUST_NOT_FUNCTION_AS_RESIDUAL_BUCKET","YES","COMPLEX","NO","NOT_ASSESSED","NOT_ASSESSED"
"EXT-000684","D2_DSA","False","False","False","False","False","False","True","True","PROPOSITION_BOUNDARIES_MUST_BE_PRESERVED;COORDINATED_PREDICATES_MUST_REMAIN_DISTINCT;TEMPORAL_SPATIAL_MANNER_MODIFIERS_ARE_NOT_CORE_ACTION_OR_OBJECT;OBJECT_MUST_NOT_FUNCTION_AS_RESIDUAL_BUCKET","YES","COMPLEX","NO","NOT_ASSESSED","NOT_ASSESSED"
"EXT-000685","D2_DSA","False","False","False","False","False","False","False","False","PREPOSITION_DOES_NOT_IMPLY_RECIPIENT","UNCERTAIN","MODERATE","NO","NOT_ASSESSED","NOT_ASSESSED"
"EXT-000686","D2_DSA","False","False","False","False","False","False","False","False","","NO","NONE","NO","NOT_ASSESSED","NOT_ASSESSED"
"EXT-000687","D2_DSA","False","False","False","False","False","False","False","False","","NO","NONE","NO","NOT_ASSESSED","NOT_ASSESSED"
"EXT-000688","D2_DSA","False","False","False","False","False","False","False","False","","NO","NONE","NO","NOT_ASSESSED","NOT_ASSESSED"
"EXT-000689","D2_DSA","False","False","False","False","False","False","True","False","PREPOSITION_DOES_NOT_IMPLY_RECIPIENT;PROPOSITION_BOUNDARIES_MUST_BE_PRESERVED;TEMPORAL_SPATIAL_MANNER_MODIFIERS_ARE_NOT_CORE_ACTION_OR_OBJECT;OBJECT_MUST_NOT_FUNCTION_AS_RESIDUAL_BUCKET","YES","MODERATE","NO","NOT_ASSESSED","NOT_ASSESSED"
"EXT-000690","D2_DSA","False","False","False","False","False","False","False","False","OBJECT_MUST_NOT_FUNCTION_AS_RESIDUAL_BUCKET","UNCERTAIN","COMPLEX","NO","NOT_ASSESSED","NOT_ASSESSED"
"EXT-000691","D2_DSA","False","False","False","False","False","False","False","False","PREPOSITION_DOES_NOT_IMPLY_RECIPIENT","UNCERTAIN","MODERATE","NO","NOT_ASSESSED","NOT_ASSESSED"
"EXT-000692","D2_DSA","False","False","False","False","False","False","False","False","OBJECT_MUST_NOT_FUNCTION_AS_RESIDUAL_BUCKET","UNCERTAIN","COMPLEX","NO","NOT_ASSESSED","NOT_ASSESSED"
"EXT-000693","D2_DSA","False","False","False","False","False","False","False","True","COORDINATED_PREDICATES_MUST_REMAIN_DISTINCT;OBJECT_MUST_NOT_FUNCTION_AS_RESIDUAL_BUCKET","YES","COMPLEX","NO","NOT_ASSESSED","NOT_ASSESSED"
"EXT-000694","D2_DSA","False","False","False","False","False","False","False","False","","NO","NONE","NO","NOT_ASSESSED","NOT_ASSESSED"
"EXT-000695","D2_DSA","False","False","False","False","False","False","False","True","COORDINATED_PREDICATES_MUST_REMAIN_DISTINCT;OBJECT_MUST_NOT_FUNCTION_AS_RESIDUAL_BUCKET","YES","COMPLEX","NO","NOT_ASSESSED","NOT_ASSESSED"
"EXT-000696","D2_DSA","False","False","False","False","False","False","False","False","","NO","NONE","NO","NOT_ASSESSED","NOT_ASSESSED"
"EXT-000697","D2_DSA","False","False","False","False","False","False","True","False","PREPOSITION_DOES_NOT_IMPLY_RECIPIENT;PROPOSITION_BOUNDARIES_MUST_BE_PRESERVED;TEMPORAL_SPATIAL_MANNER_MODIFIERS_ARE_NOT_CORE_ACTION_OR_OBJECT;OBJECT_MUST_NOT_FUNCTION_AS_RESIDUAL_BUCKET","YES","MODERATE","NO","NOT_ASSESSED","NOT_ASSESSED"
"EXT-000698","D2_DSA","False","False","False","False","False","False","False","False","","NO","NONE","NO","NOT_ASSESSED","NOT_ASSESSED"
"EXT-000699","D2_DSA","False","False","False","False","False","False","False","False","","NO","NONE","NO","NOT_ASSESSED","NOT_ASSESSED"
"EXT-000700","D2_DSA","False","False","False","False","False","False","False","False","","NO","NONE","NO","NOT_ASSESSED","NOT_ASSESSED"
"EXT-000701","D2_DSA","False","False","False","False","False","False","False","False","","NO","NONE","NO","NOT_ASSESSED","NOT_ASSESSED"
"EXT-000702","D2_DSA","False","False","False","False","False","False","False","False","OBJECT_MUST_NOT_FUNCTION_AS_RESIDUAL_BUCKET","UNCERTAIN","COMPLEX","NO","NOT_ASSESSED","NOT_ASSESSED"
"EXT-000703","D2_DSA","False","False","True","False","False","False","False","False","PRESERVE_LEGAL_MODALITY;OBJECT_MUST_NOT_FUNCTION_AS_RESIDUAL_BUCKET","YES","COMPLEX","NO","NOT_ASSESSED","NOT_ASSESSED"
"EXT-000704","D2_DSA","False","False","False","False","False","False","False","True","COORDINATED_PREDICATES_MUST_REMAIN_DISTINCT;OBJECT_MUST_NOT_FUNCTION_AS_RESIDUAL_BUCKET","YES","COMPLEX","NO","NOT_ASSESSED","NOT_ASSESSED"
"EXT-000705","D2_DSA","False","False","False","False","False","False","False","False","PREPOSITION_DOES_NOT_IMPLY_RECIPIENT","UNCERTAIN","MODERATE","NO","NOT_ASSESSED","NOT_ASSESSED"
"EXT-000706","D2_DSA","False","False","False","False","False","False","False","False","PREPOSITION_DOES_NOT_IMPLY_RECIPIENT","UNCERTAIN","MODERATE","NO","NOT_ASSESSED","NOT_ASSESSED"
"EXT-000707","D2_DSA","False","False","False","False","False","False","False","False","","NO","NONE","NO","NOT_ASSESSED","NOT_ASSESSED"
"EXT-000708","D2_DSA","False","False","False","False","False","False","False","False","","NO","NONE","NO","NOT_ASSESSED","NOT_ASSESSED"
"EXT-000709","D2_DSA","False","False","True","False","False","False","False","False","PRESERVE_LEGAL_MODALITY;OBJECT_MUST_NOT_FUNCTION_AS_RESIDUAL_BUCKET","YES","COMPLEX","NO","NOT_ASSESSED","NOT_ASSESSED"
"EXT-000710","D2_DSA","False","False","False","False","False","False","False","False","OBJECT_MUST_NOT_FUNCTION_AS_RESIDUAL_BUCKET","UNCERTAIN","COMPLEX","NO","NOT_ASSESSED","NOT_ASSESSED"
"EXT-000711","D2_DSA","False","False","False","False","False","False","False","False","","NO","NONE","NO","NOT_ASSESSED","NOT_ASSESSED"
"EXT-000712","D2_DSA","False","False","False","False","False","False","False","False","","NO","NONE","NO","NOT_ASSESSED","NOT_ASSESSED"
"EXT-000713","D2_DSA","False","False","False","False","False","False","False","True","PREPOSITION_DOES_NOT_IMPLY_RECIPIENT;COORDINATED_PREDICATES_MUST_REMAIN_DISTINCT;OBJECT_MUST_NOT_FUNCTION_AS_RESIDUAL_BUCKET","YES","COMPLEX","NO","NOT_ASSESSED","NOT_ASSESSED"
"EXT-000714","D2_DSA","False","False","False","False","False","False","False","False","","NO","NONE","NO","NOT_ASSESSED","NOT_ASSESSED"
"EXT-000715","D2_DSA","False","False","False","False","False","False","False","False","EXPLICIT_RELATIONAL_ACTOR_MUST_NOT_BE_DROPPED;OBJECT_MUST_NOT_FUNCTION_AS_RESIDUAL_BUCKET","YES","COMPLEX","NO","NOT_ASSESSED","NOT_ASSESSED"
"EXT-000716","D2_DSA","False","False","False","True","False","False","False","False","STRUCTURAL_EXTRACTION_MUST_PRESERVE_LEGAL_VERB;PREPOSITION_DOES_NOT_IMPLY_RECIPIENT","YES","MODERATE","NO","NOT_ASSESSED","NOT_ASSESSED"
"EXT-000717","D2_DSA","False","False","False","False","False","False","False","False","","NO","NONE","NO","NOT_ASSESSED","NOT_ASSESSED"
"EXT-000718","D2_DSA","False","False","False","False","False","False","False","False","OBJECT_MUST_NOT_FUNCTION_AS_RESIDUAL_BUCKET","UNCERTAIN","COMPLEX","NO","NOT_ASSESSED","NOT_ASSESSED"
"EXT-000719","D2_DSA","False","False","False","False","False","False","False","False","","NO","NONE","NO","NOT_ASSESSED","NOT_ASSESSED"
"EXT-000720","D2_DSA","False","False","False","False","False","False","True","False","PREPOSITION_DOES_NOT_IMPLY_RECIPIENT;PROPOSITION_BOUNDARIES_MUST_BE_PRESERVED;TEMPORAL_SPATIAL_MANNER_MODIFIERS_ARE_NOT_CORE_ACTION_OR_OBJECT;OBJECT_MUST_NOT_FUNCTION_AS_RESIDUAL_BUCKET","YES","MODERATE","NO","NOT_ASSESSED","NOT_ASSESSED"
"EXT-000721","D2_DSA","False","False","False","False","False","False","False","False","","NO","NONE","NO","NOT_ASSESSED","NOT_ASSESSED"
"EXT-000722","D2_DSA","False","False","False","False","False","False","False","True","PREPOSITION_DOES_NOT_IMPLY_RECIPIENT;COORDINATED_PREDICATES_MUST_REMAIN_DISTINCT;OBJECT_MUST_NOT_FUNCTION_AS_RESIDUAL_BUCKET","YES","COMPLEX","NO","NOT_ASSESSED","NOT_ASSESSED"
"EXT-000723","D2_DSA","False","False","False","False","False","False","True","False","PREPOSITION_DOES_NOT_IMPLY_RECIPIENT;PROPOSITION_BOUNDARIES_MUST_BE_PRESERVED;TEMPORAL_SPATIAL_MANNER_MODIFIERS_ARE_NOT_CORE_ACTION_OR_OBJECT;OBJECT_MUST_NOT_FUNCTION_AS_RESIDUAL_BUCKET","YES","MODERATE","NO","NOT_ASSESSED","NOT_ASSESSED"
"EXT-000724","D2_DSA","False","False","False","False","False","False","True","False","PROPOSITION_BOUNDARIES_MUST_BE_PRESERVED;TEMPORAL_SPATIAL_MANNER_MODIFIERS_ARE_NOT_CORE_ACTION_OR_OBJECT;OBJECT_MUST_NOT_FUNCTION_AS_RESIDUAL_BUCKET","YES","MODERATE","NO","NOT_ASSESSED","NOT_ASSESSED"
"EXT-000725","D2_DSA","False","False","False","False","False","False","True","True","PROPOSITION_BOUNDARIES_MUST_BE_PRESERVED;COORDINATED_PREDICATES_MUST_REMAIN_DISTINCT;TEMPORAL_SPATIAL_MANNER_MODIFIERS_ARE_NOT_CORE_ACTION_OR_OBJECT;OBJECT_MUST_NOT_FUNCTION_AS_RESIDUAL_BUCKET","YES","COMPLEX","NO","NOT_ASSESSED","NOT_ASSESSED"
"EXT-000726","D2_DSA","False","False","False","False","False","False","False","False","EXPLICIT_RELATIONAL_ACTOR_MUST_NOT_BE_DROPPED","YES","MODERATE","NO","NOT_ASSESSED","NOT_ASSESSED"
"EXT-000727","D2_DSA","False","False","False","False","False","False","False","True","COORDINATED_PREDICATES_MUST_REMAIN_DISTINCT","UNCERTAIN","COMPLEX","NO","NOT_ASSESSED","NOT_ASSESSED"
"EXT-000728","D2_DSA","True","False","False","False","False","False","True","True","PREPOSITION_DOES_NOT_IMPLY_RECIPIENT;RELATIONAL_ENTITY_MUST_BE_ACTOR_CAPABLE;PROPOSITION_BOUNDARIES_MUST_BE_PRESERVED;COORDINATED_PREDICATES_MUST_REMAIN_DISTINCT;OBJECT_MUST_NOT_FUNCTION_AS_RESIDUAL_BUCKET","YES","COMPLEX","YES","YES","YES"
"EXT-000729","D2_DSA","False","False","False","False","False","False","False","False","PREPOSITION_DOES_NOT_IMPLY_RECIPIENT;RELATIONAL_ENTITY_MUST_BE_ACTOR_CAPABLE","YES","SIMPLE","NO","YES","NO"
"EXT-000730","D2_DSA","False","False","False","False","False","False","True","False","PREPOSITION_DOES_NOT_IMPLY_RECIPIENT;RELATIONAL_ENTITY_MUST_BE_ACTOR_CAPABLE;PROPOSITION_BOUNDARIES_MUST_BE_PRESERVED;TEMPORAL_SPATIAL_MANNER_MODIFIERS_ARE_NOT_CORE_ACTION_OR_OBJECT;OBJECT_MUST_NOT_FUNCTION_AS_RESIDUAL_BUCKET","YES","COMPLEX","NO","NOT_ASSESSED","NOT_ASSESSED"
"EXT-000731","D2_DSA","False","False","False","False","False","False","False","False","PREPOSITION_DOES_NOT_IMPLY_RECIPIENT;RELATIONAL_ENTITY_MUST_BE_ACTOR_CAPABLE","YES","SIMPLE","NO","NOT_ASSESSED","NOT_ASSESSED"
"EXT-000732","D2_DSA","False","False","False","False","False","False","False","False","PREPOSITION_DOES_NOT_IMPLY_RECIPIENT;RELATIONAL_ENTITY_MUST_BE_ACTOR_CAPABLE;OBJECT_MUST_NOT_FUNCTION_AS_RESIDUAL_BUCKET","YES","COMPLEX","NO","NOT_ASSESSED","NOT_ASSESSED"
"EXT-000733","D2_DSA","False","False","False","False","False","False","False","False","PREPOSITION_DOES_NOT_IMPLY_RECIPIENT;RELATIONAL_ENTITY_MUST_BE_ACTOR_CAPABLE","YES","SIMPLE","NO","NOT_ASSESSED","NOT_ASSESSED"
"EXT-000734","D2_DSA","False","False","False","False","False","False","False","False","PREPOSITION_DOES_NOT_IMPLY_RECIPIENT;RELATIONAL_ENTITY_MUST_BE_ACTOR_CAPABLE;OBJECT_MUST_NOT_FUNCTION_AS_RESIDUAL_BUCKET","YES","COMPLEX","NO","YES","YES"
"EXT-000735","D2_DSA","False","False","False","False","False","False","False","False","","NO","NONE","NO","NOT_ASSESSED","NOT_ASSESSED"
"EXT-000736","D2_DSA","False","False","False","False","False","False","False","False","","YES","MODERATE","YES","YES","YES"
"EXT-000737","D2_DSA","False","False","False","False","False","False","False","False","PREPOSITION_DOES_NOT_IMPLY_RECIPIENT;RELATIONAL_ENTITY_MUST_BE_ACTOR_CAPABLE","YES","SIMPLE","NO","NOT_ASSESSED","NOT_ASSESSED"
"EXT-000738","D2_DSA","False","False","False","False","False","False","False","True","PREPOSITION_DOES_NOT_IMPLY_RECIPIENT;RELATIONAL_ENTITY_MUST_BE_ACTOR_CAPABLE;COORDINATED_PREDICATES_MUST_REMAIN_DISTINCT;OBJECT_MUST_NOT_FUNCTION_AS_RESIDUAL_BUCKET","YES","COMPLEX","NO","NOT_ASSESSED","NOT_ASSESSED"
"EXT-000739","D2_DSA","False","False","False","False","False","False","False","False","PREPOSITION_DOES_NOT_IMPLY_RECIPIENT;RELATIONAL_ENTITY_MUST_BE_ACTOR_CAPABLE","YES","SIMPLE","NO","NOT_ASSESSED","NOT_ASSESSED"
"EXT-000740","D2_DSA","False","True","False","False","False","True","True","False","ALLOW_NO_EXPLICIT_ACTOR;DO_NOT_INFER_ACTOR_IN_PASSIVE_CONSTRUCTION;PREPOSITION_DOES_NOT_IMPLY_RECIPIENT;RELATIONAL_ENTITY_MUST_BE_ACTOR_CAPABLE;PROPOSITION_BOUNDARIES_MUST_BE_PRESERVED;TEMPORAL_SPATIAL_MANNER_MODIFIERS_ARE_NOT_CORE_ACTION_OR_OBJECT;OBJECT_MUST_NOT_FUNCTION_AS_RESIDUAL_BUCKET","YES","COMPLEX","NO","NOT_ASSESSED","NOT_ASSESSED"
"EXT-000741","D2_DSA","False","False","False","False","False","False","False","False","PREPOSITION_DOES_NOT_IMPLY_RECIPIENT;RELATIONAL_ENTITY_MUST_BE_ACTOR_CAPABLE","YES","SIMPLE","NO","NOT_ASSESSED","NOT_ASSESSED"
"EXT-000742","D2_DSA","False","False","False","False","False","False","False","False","PREPOSITION_DOES_NOT_IMPLY_RECIPIENT;RELATIONAL_ENTITY_MUST_BE_ACTOR_CAPABLE","YES","SIMPLE","NO","NOT_ASSESSED","NOT_ASSESSED"
"EXT-000743","D2_DSA","False","False","False","False","False","False","False","False","PREPOSITION_DOES_NOT_IMPLY_RECIPIENT;RELATIONAL_ENTITY_MUST_BE_ACTOR_CAPABLE","YES","SIMPLE","NO","NOT_ASSESSED","NOT_ASSESSED"
"EXT-000744","D2_DSA","False","False","False","False","False","False","True","False","PREPOSITION_DOES_NOT_IMPLY_RECIPIENT;RELATIONAL_ENTITY_MUST_BE_ACTOR_CAPABLE;PROPOSITION_BOUNDARIES_MUST_BE_PRESERVED;TEMPORAL_SPATIAL_MANNER_MODIFIERS_ARE_NOT_CORE_ACTION_OR_OBJECT;OBJECT_MUST_NOT_FUNCTION_AS_RESIDUAL_BUCKET","YES","COMPLEX","NO","NOT_ASSESSED","NOT_ASSESSED"
"EXT-000745","D2_DSA","False","False","False","False","False","False","False","False","PREPOSITION_DOES_NOT_IMPLY_RECIPIENT","UNCERTAIN","MODERATE","NO","NOT_ASSESSED","NOT_ASSESSED"
"EXT-000746","D2_DSA","False","False","False","False","False","False","True","False","PREPOSITION_DOES_NOT_IMPLY_RECIPIENT;PROPOSITION_BOUNDARIES_MUST_BE_PRESERVED;TEMPORAL_SPATIAL_MANNER_MODIFIERS_ARE_NOT_CORE_ACTION_OR_OBJECT;OBJECT_MUST_NOT_FUNCTION_AS_RESIDUAL_BUCKET","YES","MODERATE","NO","NOT_ASSESSED","NOT_ASSESSED"
"EXT-000747","D2_DSA","False","False","False","False","False","False","False","False","PREPOSITION_DOES_NOT_IMPLY_RECIPIENT","UNCERTAIN","MODERATE","NO","NOT_ASSESSED","NOT_ASSESSED"
"EXT-000748","D2_DSA","False","False","False","False","False","False","True","False","PREPOSITION_DOES_NOT_IMPLY_RECIPIENT;RELATIONAL_ENTITY_MUST_BE_ACTOR_CAPABLE;PROPOSITION_BOUNDARIES_MUST_BE_PRESERVED;TEMPORAL_SPATIAL_MANNER_MODIFIERS_ARE_NOT_CORE_ACTION_OR_OBJECT;OBJECT_MUST_NOT_FUNCTION_AS_RESIDUAL_BUCKET","YES","MODERATE","NO","NOT_ASSESSED","NOT_ASSESSED"
"EXT-000749","D2_DSA","False","True","False","False","False","True","False","False","ALLOW_NO_EXPLICIT_ACTOR;DO_NOT_INFER_ACTOR_IN_PASSIVE_CONSTRUCTION;PREPOSITION_DOES_NOT_IMPLY_RECIPIENT;RELATIONAL_ENTITY_MUST_BE_ACTOR_CAPABLE","YES","COMPLEX","NO","NOT_ASSESSED","NOT_ASSESSED"
"EXT-000750","D2_DSA","False","False","False","False","False","False","True","False","PROPOSITION_BOUNDARIES_MUST_BE_PRESERVED;TEMPORAL_SPATIAL_MANNER_MODIFIERS_ARE_NOT_CORE_ACTION_OR_OBJECT;OBJECT_MUST_NOT_FUNCTION_AS_RESIDUAL_BUCKET","YES","MODERATE","NO","YES","YES"
"EXT-000751","D2_DSA","False","False","False","False","False","False","False","False","PREPOSITION_DOES_NOT_IMPLY_RECIPIENT;OBJECT_MUST_NOT_FUNCTION_AS_RESIDUAL_BUCKET","UNCERTAIN","COMPLEX","NO","NOT_ASSESSED","NOT_ASSESSED"
"EXT-000752","D2_DSA","False","False","False","False","False","False","False","False","PREPOSITION_DOES_NOT_IMPLY_RECIPIENT","UNCERTAIN","MODERATE","NO","NOT_ASSESSED","NOT_ASSESSED"
"EXT-000753","D2_DSA","False","False","False","False","False","False","False","False","PREPOSITION_DOES_NOT_IMPLY_RECIPIENT","UNCERTAIN","MODERATE","NO","NOT_ASSESSED","NOT_ASSESSED"
"EXT-000754","D2_DSA","False","False","False","False","False","False","False","False","PREPOSITION_DOES_NOT_IMPLY_RECIPIENT;RELATIONAL_ENTITY_MUST_BE_ACTOR_CAPABLE","YES","SIMPLE","NO","NOT_ASSESSED","NOT_ASSESSED"
"EXT-000755","D2_DSA","False","False","False","False","False","False","False","False","","NO","NONE","NO","NO","NO"
"EXT-000756","D2_DSA","False","False","False","False","False","False","False","False","PREPOSITION_DOES_NOT_IMPLY_RECIPIENT;OBJECT_MUST_NOT_FUNCTION_AS_RESIDUAL_BUCKET","UNCERTAIN","COMPLEX","NO","NOT_ASSESSED","NOT_ASSESSED"
"EXT-000757","D2_DSA","False","False","False","False","False","False","True","False","PROPOSITION_BOUNDARIES_MUST_BE_PRESERVED;TEMPORAL_SPATIAL_MANNER_MODIFIERS_ARE_NOT_CORE_ACTION_OR_OBJECT;OBJECT_MUST_NOT_FUNCTION_AS_RESIDUAL_BUCKET","YES","MODERATE","NO","NOT_ASSESSED","NOT_ASSESSED"
"EXT-000758","D2_DSA","False","False","False","False","False","False","True","False","PROPOSITION_BOUNDARIES_MUST_BE_PRESERVED;TEMPORAL_SPATIAL_MANNER_MODIFIERS_ARE_NOT_CORE_ACTION_OR_OBJECT;OBJECT_MUST_NOT_FUNCTION_AS_RESIDUAL_BUCKET","YES","MODERATE","NO","NOT_ASSESSED","NOT_ASSESSED"
"EXT-000759","D2_DSA","False","False","False","False","False","False","False","False","","NO","NONE","NO","NOT_ASSESSED","NOT_ASSESSED"
"EXT-000760","D2_DSA","False","False","False","False","False","False","False","False","","NO","NONE","NO","NOT_ASSESSED","NOT_ASSESSED"
"EXT-000761","D2_DSA","False","False","False","False","False","False","True","False","PREPOSITION_DOES_NOT_IMPLY_RECIPIENT;PROPOSITION_BOUNDARIES_MUST_BE_PRESERVED;TEMPORAL_SPATIAL_MANNER_MODIFIERS_ARE_NOT_CORE_ACTION_OR_OBJECT;OBJECT_MUST_NOT_FUNCTION_AS_RESIDUAL_BUCKET","YES","MODERATE","NO","NOT_ASSESSED","NOT_ASSESSED"
"EXT-000762","D2_DSA","False","False","False","False","False","False","False","True","PREPOSITION_DOES_NOT_IMPLY_RECIPIENT;COORDINATED_PREDICATES_MUST_REMAIN_DISTINCT","UNCERTAIN","COMPLEX","NO","NOT_ASSESSED","NOT_ASSESSED"
"EXT-000763","D2_DSA","False","False","False","False","False","False","False","True","PREPOSITION_DOES_NOT_IMPLY_RECIPIENT;COORDINATED_PREDICATES_MUST_REMAIN_DISTINCT;OBJECT_MUST_NOT_FUNCTION_AS_RESIDUAL_BUCKET","YES","COMPLEX","NO","NOT_ASSESSED","NOT_ASSESSED"
"EXT-000764","D2_DSA","False","False","False","False","False","False","False","False","PREPOSITION_DOES_NOT_IMPLY_RECIPIENT","UNCERTAIN","MODERATE","NO","NOT_ASSESSED","NOT_ASSESSED"
"EXT-000765","D2_DSA","False","False","False","False","False","False","False","False","RELATIONAL_ENTITY_MUST_BE_ACTOR_CAPABLE","YES","SIMPLE","NO","NOT_ASSESSED","NOT_ASSESSED"
"EXT-000766","D2_DSA","False","False","False","False","False","False","False","False","PREPOSITION_DOES_NOT_IMPLY_RECIPIENT","UNCERTAIN","MODERATE","NO","YES","YES"
"EXT-000767","D2_DSA","False","False","False","False","False","False","False","False","PREPOSITION_DOES_NOT_IMPLY_RECIPIENT","UNCERTAIN","MODERATE","NO","NOT_ASSESSED","NOT_ASSESSED"
"EXT-000768","D2_DSA","False","False","False","False","False","False","False","False","PREPOSITION_DOES_NOT_IMPLY_RECIPIENT","UNCERTAIN","MODERATE","NO","NOT_ASSESSED","NOT_ASSESSED"
"EXT-000769","D2_DSA","False","False","False","False","False","False","False","False","PREPOSITION_DOES_NOT_IMPLY_RECIPIENT;OBJECT_MUST_NOT_FUNCTION_AS_RESIDUAL_BUCKET","UNCERTAIN","COMPLEX","NO","NOT_ASSESSED","NOT_ASSESSED"
"EXT-000770","D2_DSA","False","False","False","False","False","False","True","False","PREPOSITION_DOES_NOT_IMPLY_RECIPIENT;PROPOSITION_BOUNDARIES_MUST_BE_PRESERVED;TEMPORAL_SPATIAL_MANNER_MODIFIERS_ARE_NOT_CORE_ACTION_OR_OBJECT;OBJECT_MUST_NOT_FUNCTION_AS_RESIDUAL_BUCKET","YES","MODERATE","NO","NOT_ASSESSED","NOT_ASSESSED"
"EXT-000771","D2_DSA","False","False","False","False","False","False","False","False","","NO","NONE","NO","NOT_ASSESSED","NOT_ASSESSED"
"EXT-000772","D2_DSA","False","False","False","False","False","False","False","False","","NO","NONE","NO","NOT_ASSESSED","NOT_ASSESSED"
"EXT-000773","D2_DSA","False","False","False","False","False","False","True","False","PROPOSITION_BOUNDARIES_MUST_BE_PRESERVED;TEMPORAL_SPATIAL_MANNER_MODIFIERS_ARE_NOT_CORE_ACTION_OR_OBJECT;OBJECT_MUST_NOT_FUNCTION_AS_RESIDUAL_BUCKET","YES","MODERATE","NO","NO","NO"
"EXT-000774","D2_DSA","False","False","False","False","False","False","False","False","PREPOSITION_DOES_NOT_IMPLY_RECIPIENT","UNCERTAIN","MODERATE","NO","NOT_ASSESSED","NOT_ASSESSED"
"EXT-000775","D2_DSA","False","False","False","False","False","False","False","False","PREPOSITION_DOES_NOT_IMPLY_RECIPIENT","UNCERTAIN","MODERATE","NO","NOT_ASSESSED","NOT_ASSESSED"
"EXT-000776","D2_DSA","False","False","False","False","False","False","False","False","","UNCERTAIN","MODERATE","NO","YES","YES"
"EXT-000777","D2_DSA","False","False","False","False","False","False","False","False","OBJECT_MUST_NOT_FUNCTION_AS_RESIDUAL_BUCKET","UNCERTAIN","COMPLEX","NO","NOT_ASSESSED","NOT_ASSESSED"
"EXT-000778","D2_DSA","False","False","False","False","False","False","False","False","","NO","NONE","NO","NOT_ASSESSED","NOT_ASSESSED"
"EXT-000779","D2_DSA","False","False","False","False","False","False","False","False","PREPOSITION_DOES_NOT_IMPLY_RECIPIENT;RELATIONAL_ENTITY_MUST_BE_ACTOR_CAPABLE","YES","SIMPLE","NO","NOT_ASSESSED","NOT_ASSESSED"
"EXT-000780","D2_DSA","False","False","False","False","False","False","True","False","PREPOSITION_DOES_NOT_IMPLY_RECIPIENT;RELATIONAL_ENTITY_MUST_BE_ACTOR_CAPABLE;PROPOSITION_BOUNDARIES_MUST_BE_PRESERVED;TEMPORAL_SPATIAL_MANNER_MODIFIERS_ARE_NOT_CORE_ACTION_OR_OBJECT;OBJECT_MUST_NOT_FUNCTION_AS_RESIDUAL_BUCKET","YES","MODERATE","NO","NOT_ASSESSED","NOT_ASSESSED"
"EXT-000781","D2_DSA","False","False","False","False","False","False","False","False","PREPOSITION_DOES_NOT_IMPLY_RECIPIENT;RELATIONAL_ENTITY_MUST_BE_ACTOR_CAPABLE","YES","SIMPLE","NO","NOT_ASSESSED","NOT_ASSESSED"
"EXT-000782","D2_DSA","False","False","False","False","False","False","False","False","PREPOSITION_DOES_NOT_IMPLY_RECIPIENT;RELATIONAL_ENTITY_MUST_BE_ACTOR_CAPABLE","YES","SIMPLE","NO","NOT_ASSESSED","NOT_ASSESSED"
"EXT-000783","D2_DSA","False","False","False","False","False","False","True","False","PREPOSITION_DOES_NOT_IMPLY_RECIPIENT;RELATIONAL_ENTITY_MUST_BE_ACTOR_CAPABLE;PROPOSITION_BOUNDARIES_MUST_BE_PRESERVED;TEMPORAL_SPATIAL_MANNER_MODIFIERS_ARE_NOT_CORE_ACTION_OR_OBJECT;OBJECT_MUST_NOT_FUNCTION_AS_RESIDUAL_BUCKET","YES","COMPLEX","NO","NOT_ASSESSED","NOT_ASSESSED"
"EXT-000784","D2_DSA","False","False","False","False","False","False","False","False","PREPOSITION_DOES_NOT_IMPLY_RECIPIENT","UNCERTAIN","MODERATE","NO","NOT_ASSESSED","NOT_ASSESSED"
"EXT-000785","D2_DSA","False","False","False","False","False","False","False","False","PREPOSITION_DOES_NOT_IMPLY_RECIPIENT","UNCERTAIN","MODERATE","NO","NOT_ASSESSED","NOT_ASSESSED"
"EXT-000786","D2_DSA","False","False","False","False","False","False","False","True","PREPOSITION_DOES_NOT_IMPLY_RECIPIENT;COORDINATED_PREDICATES_MUST_REMAIN_DISTINCT","UNCERTAIN","COMPLEX","NO","NOT_ASSESSED","NOT_ASSESSED"
"EXT-000787","D2_DSA","False","False","False","False","False","False","False","False","PREPOSITION_DOES_NOT_IMPLY_RECIPIENT","UNCERTAIN","MODERATE","NO","NOT_ASSESSED","NOT_ASSESSED"
"EXT-000788","D2_DSA","False","False","False","False","False","False","False","False","PREPOSITION_DOES_NOT_IMPLY_RECIPIENT","UNCERTAIN","MODERATE","NO","NOT_ASSESSED","NOT_ASSESSED"
"EXT-000789","D2_DSA","False","False","False","False","False","False","False","False","PREPOSITION_DOES_NOT_IMPLY_RECIPIENT","UNCERTAIN","MODERATE","NO","NOT_ASSESSED","NOT_ASSESSED"
"EXT-000790","D2_DSA","False","False","False","False","False","False","False","False","PREPOSITION_DOES_NOT_IMPLY_RECIPIENT;RELATIONAL_ENTITY_MUST_BE_ACTOR_CAPABLE","YES","SIMPLE","NO","NOT_ASSESSED","NOT_ASSESSED"
"EXT-000791","D2_DSA","False","False","False","False","False","False","False","False","PREPOSITION_DOES_NOT_IMPLY_RECIPIENT;RELATIONAL_ENTITY_MUST_BE_ACTOR_CAPABLE","YES","SIMPLE","NO","NOT_ASSESSED","NOT_ASSESSED"
"EXT-000792","D2_DSA","False","False","False","False","False","False","False","True","PREPOSITION_DOES_NOT_IMPLY_RECIPIENT;RELATIONAL_ENTITY_MUST_BE_ACTOR_CAPABLE;COORDINATED_PREDICATES_MUST_REMAIN_DISTINCT;OBJECT_MUST_NOT_FUNCTION_AS_RESIDUAL_BUCKET","YES","COMPLEX","NO","NOT_ASSESSED","NOT_ASSESSED"
"EXT-000793","D2_DSA","False","False","False","False","False","False","False","False","PREPOSITION_DOES_NOT_IMPLY_RECIPIENT;RELATIONAL_ENTITY_MUST_BE_ACTOR_CAPABLE;TEMPORAL_SPATIAL_MANNER_MODIFIERS_ARE_NOT_CORE_ACTION_OR_OBJECT","YES","SIMPLE","NO","NOT_ASSESSED","NOT_ASSESSED"
"EXT-000794","D2_DSA","False","False","False","False","False","False","True","False","PREPOSITION_DOES_NOT_IMPLY_RECIPIENT;RELATIONAL_ENTITY_MUST_BE_ACTOR_CAPABLE;PROPOSITION_BOUNDARIES_MUST_BE_PRESERVED;TEMPORAL_SPATIAL_MANNER_MODIFIERS_ARE_NOT_CORE_ACTION_OR_OBJECT;OBJECT_MUST_NOT_FUNCTION_AS_RESIDUAL_BUCKET","YES","MODERATE","NO","NOT_ASSESSED","NOT_ASSESSED"
"EXT-000795","D2_DSA","False","False","False","False","False","False","True","False","PREPOSITION_DOES_NOT_IMPLY_RECIPIENT;RELATIONAL_ENTITY_MUST_BE_ACTOR_CAPABLE;PROPOSITION_BOUNDARIES_MUST_BE_PRESERVED;TEMPORAL_SPATIAL_MANNER_MODIFIERS_ARE_NOT_CORE_ACTION_OR_OBJECT;OBJECT_MUST_NOT_FUNCTION_AS_RESIDUAL_BUCKET","YES","MODERATE","NO","NOT_ASSESSED","NOT_ASSESSED"
"EXT-000796","D2_DSA","False","False","False","False","False","False","False","True","PREPOSITION_DOES_NOT_IMPLY_RECIPIENT;RELATIONAL_ENTITY_MUST_BE_ACTOR_CAPABLE;COORDINATED_PREDICATES_MUST_REMAIN_DISTINCT;OBJECT_MUST_NOT_FUNCTION_AS_RESIDUAL_BUCKET","YES","COMPLEX","NO","NOT_ASSESSED","NOT_ASSESSED"
"EXT-000797","D2_DSA","False","False","False","False","False","False","False","False","PREPOSITION_DOES_NOT_IMPLY_RECIPIENT;RELATIONAL_ENTITY_MUST_BE_ACTOR_CAPABLE;OBJECT_MUST_NOT_FUNCTION_AS_RESIDUAL_BUCKET","YES","COMPLEX","NO","NOT_ASSESSED","NOT_ASSESSED"
"EXT-000798","D2_DSA","False","False","False","False","False","False","False","True","PREPOSITION_DOES_NOT_IMPLY_RECIPIENT;RELATIONAL_ENTITY_MUST_BE_ACTOR_CAPABLE;COORDINATED_PREDICATES_MUST_REMAIN_DISTINCT;OBJECT_MUST_NOT_FUNCTION_AS_RESIDUAL_BUCKET","YES","COMPLEX","NO","NOT_ASSESSED","NOT_ASSESSED"
"EXT-000799","D2_DSA","False","False","False","False","False","False","True","False","PREPOSITION_DOES_NOT_IMPLY_RECIPIENT;RELATIONAL_ENTITY_MUST_BE_ACTOR_CAPABLE;PROPOSITION_BOUNDARIES_MUST_BE_PRESERVED;TEMPORAL_SPATIAL_MANNER_MODIFIERS_ARE_NOT_CORE_ACTION_OR_OBJECT;OBJECT_MUST_NOT_FUNCTION_AS_RESIDUAL_BUCKET","YES","MODERATE","NO","NOT_ASSESSED","NOT_ASSESSED"
"EXT-000800","D2_DSA","False","False","False","False","False","False","False","False","PREPOSITION_DOES_NOT_IMPLY_RECIPIENT;RELATIONAL_ENTITY_MUST_BE_ACTOR_CAPABLE","YES","SIMPLE","NO","NOT_ASSESSED","NOT_ASSESSED"
"EXT-000801","D2_DSA","False","False","False","False","False","False","False","True","PREPOSITION_DOES_NOT_IMPLY_RECIPIENT;RELATIONAL_ENTITY_MUST_BE_ACTOR_CAPABLE;COORDINATED_PREDICATES_MUST_REMAIN_DISTINCT;OBJECT_MUST_NOT_FUNCTION_AS_RESIDUAL_BUCKET","YES","COMPLEX","NO","NOT_ASSESSED","NOT_ASSESSED"
"EXT-000802","D2_DSA","False","False","False","False","False","False","False","False","PREPOSITION_DOES_NOT_IMPLY_RECIPIENT;RELATIONAL_ENTITY_MUST_BE_ACTOR_CAPABLE","YES","SIMPLE","NO","NOT_ASSESSED","NOT_ASSESSED"
"EXT-000803","D2_DSA","False","False","False","False","False","False","False","False","PREPOSITION_DOES_NOT_IMPLY_RECIPIENT","UNCERTAIN","MODERATE","NO","NOT_ASSESSED","NOT_ASSESSED"
"EXT-000804","D2_DSA","False","False","False","False","False","False","False","False","PREPOSITION_DOES_NOT_IMPLY_RECIPIENT","UNCERTAIN","MODERATE","NO","NOT_ASSESSED","NOT_ASSESSED"
"EXT-000805","D2_DSA","False","False","False","False","False","False","False","False","PREPOSITION_DOES_NOT_IMPLY_RECIPIENT","UNCERTAIN","MODERATE","NO","NOT_ASSESSED","NOT_ASSESSED"
"EXT-000806","D2_DSA","False","False","False","False","False","False","False","True","PREPOSITION_DOES_NOT_IMPLY_RECIPIENT;RELATIONAL_ENTITY_MUST_BE_ACTOR_CAPABLE;COORDINATED_PREDICATES_MUST_REMAIN_DISTINCT;OBJECT_MUST_NOT_FUNCTION_AS_RESIDUAL_BUCKET","YES","COMPLEX","NO","NOT_ASSESSED","NOT_ASSESSED"
"EXT-000807","D2_DSA","False","False","False","False","False","False","True","False","PREPOSITION_DOES_NOT_IMPLY_RECIPIENT;PROPOSITION_BOUNDARIES_MUST_BE_PRESERVED;TEMPORAL_SPATIAL_MANNER_MODIFIERS_ARE_NOT_CORE_ACTION_OR_OBJECT;OBJECT_MUST_NOT_FUNCTION_AS_RESIDUAL_BUCKET","YES","MODERATE","NO","NOT_ASSESSED","NOT_ASSESSED"
"EXT-000808","D2_DSA","False","False","False","False","False","False","False","True","PREPOSITION_DOES_NOT_IMPLY_RECIPIENT;RELATIONAL_ENTITY_MUST_BE_ACTOR_CAPABLE;COORDINATED_PREDICATES_MUST_REMAIN_DISTINCT;OBJECT_MUST_NOT_FUNCTION_AS_RESIDUAL_BUCKET","YES","COMPLEX","NO","NOT_ASSESSED","NOT_ASSESSED"
"EXT-000809","D2_DSA","False","False","False","False","False","False","True","False","PREPOSITION_DOES_NOT_IMPLY_RECIPIENT;PROPOSITION_BOUNDARIES_MUST_BE_PRESERVED;TEMPORAL_SPATIAL_MANNER_MODIFIERS_ARE_NOT_CORE_ACTION_OR_OBJECT;OBJECT_MUST_NOT_FUNCTION_AS_RESIDUAL_BUCKET","YES","MODERATE","NO","NOT_ASSESSED","NOT_ASSESSED"
"EXT-000810","D2_DSA","False","False","False","False","False","False","False","False","PREPOSITION_DOES_NOT_IMPLY_RECIPIENT","UNCERTAIN","MODERATE","NO","NOT_ASSESSED","NOT_ASSESSED"
"EXT-000811","D2_DSA","False","False","False","False","False","False","True","False","PROPOSITION_BOUNDARIES_MUST_BE_PRESERVED;TEMPORAL_SPATIAL_MANNER_MODIFIERS_ARE_NOT_CORE_ACTION_OR_OBJECT;OBJECT_MUST_NOT_FUNCTION_AS_RESIDUAL_BUCKET","YES","COMPLEX","NO","NOT_ASSESSED","NOT_ASSESSED"
"EXT-000812","D2_DSA","False","True","False","False","False","False","False","False","OBJECT_MUST_NOT_FUNCTION_AS_RESIDUAL_BUCKET","UNCERTAIN","COMPLEX","NO","NOT_ASSESSED","NOT_ASSESSED"
"EXT-000813","D2_DSA","False","True","False","False","False","False","True","False","PROPOSITION_BOUNDARIES_MUST_BE_PRESERVED;TEMPORAL_SPATIAL_MANNER_MODIFIERS_ARE_NOT_CORE_ACTION_OR_OBJECT;OBJECT_MUST_NOT_FUNCTION_AS_RESIDUAL_BUCKET","YES","MODERATE","NO","NOT_ASSESSED","NOT_ASSESSED"
"EXT-000814","D2_DSA","False","False","False","False","False","False","False","False","OBJECT_MUST_NOT_FUNCTION_AS_RESIDUAL_BUCKET","UNCERTAIN","COMPLEX","NO","NOT_ASSESSED","NOT_ASSESSED"
"EXT-000815","D2_DSA","False","False","False","False","False","False","False","False","","NO","NONE","NO","NOT_ASSESSED","NOT_ASSESSED"
"EXT-000816","D2_DSA","False","False","False","False","False","False","False","False","PREPOSITION_DOES_NOT_IMPLY_RECIPIENT","UNCERTAIN","MODERATE","NO","NOT_ASSESSED","NOT_ASSESSED"
"EXT-000817","D2_DSA","False","False","False","False","False","False","False","False","PREPOSITION_DOES_NOT_IMPLY_RECIPIENT","UNCERTAIN","MODERATE","NO","NOT_ASSESSED","NOT_ASSESSED"
"EXT-000818","D2_DSA","False","False","False","False","False","False","False","False","PREPOSITION_DOES_NOT_IMPLY_RECIPIENT;RELATIONAL_ENTITY_MUST_BE_ACTOR_CAPABLE;OBJECT_MUST_NOT_FUNCTION_AS_RESIDUAL_BUCKET","YES","COMPLEX","NO","NOT_ASSESSED","NOT_ASSESSED"
"EXT-000819","D2_DSA","False","False","False","False","False","False","False","False","PREPOSITION_DOES_NOT_IMPLY_RECIPIENT;RELATIONAL_ENTITY_MUST_BE_ACTOR_CAPABLE","YES","SIMPLE","NO","NOT_ASSESSED","NOT_ASSESSED"
"EXT-000820","D2_DSA","False","False","False","False","False","False","True","False","PREPOSITION_DOES_NOT_IMPLY_RECIPIENT;RELATIONAL_ENTITY_MUST_BE_ACTOR_CAPABLE;PROPOSITION_BOUNDARIES_MUST_BE_PRESERVED;TEMPORAL_SPATIAL_MANNER_MODIFIERS_ARE_NOT_CORE_ACTION_OR_OBJECT;OBJECT_MUST_NOT_FUNCTION_AS_RESIDUAL_BUCKET","YES","MODERATE","NO","NOT_ASSESSED","NOT_ASSESSED"
"EXT-000821","D2_DSA","False","False","False","False","False","False","True","False","PREPOSITION_DOES_NOT_IMPLY_RECIPIENT;RELATIONAL_ENTITY_MUST_BE_ACTOR_CAPABLE;PROPOSITION_BOUNDARIES_MUST_BE_PRESERVED;TEMPORAL_SPATIAL_MANNER_MODIFIERS_ARE_NOT_CORE_ACTION_OR_OBJECT;OBJECT_MUST_NOT_FUNCTION_AS_RESIDUAL_BUCKET","YES","COMPLEX","NO","NOT_ASSESSED","NOT_ASSESSED"
"EXT-000822","D2_DSA","False","False","False","False","False","False","True","False","PREPOSITION_DOES_NOT_IMPLY_RECIPIENT;RELATIONAL_ENTITY_MUST_BE_ACTOR_CAPABLE;PROPOSITION_BOUNDARIES_MUST_BE_PRESERVED;TEMPORAL_SPATIAL_MANNER_MODIFIERS_ARE_NOT_CORE_ACTION_OR_OBJECT;OBJECT_MUST_NOT_FUNCTION_AS_RESIDUAL_BUCKET","YES","MODERATE","NO","NOT_ASSESSED","NOT_ASSESSED"
"EXT-000823","D2_DSA","False","False","False","False","False","False","False","False","PREPOSITION_DOES_NOT_IMPLY_RECIPIENT","UNCERTAIN","MODERATE","NO","NOT_ASSESSED","NOT_ASSESSED"
"EXT-000824","D2_DSA","False","False","False","False","False","False","False","False","PREPOSITION_DOES_NOT_IMPLY_RECIPIENT;OBJECT_MUST_NOT_FUNCTION_AS_RESIDUAL_BUCKET","UNCERTAIN","COMPLEX","NO","NOT_ASSESSED","NOT_ASSESSED"
"EXT-000825","D2_DSA","False","False","False","False","False","False","False","False","PREPOSITION_DOES_NOT_IMPLY_RECIPIENT;TEMPORAL_SPATIAL_MANNER_MODIFIERS_ARE_NOT_CORE_ACTION_OR_OBJECT","UNCERTAIN","MODERATE","NO","YES","YES"
"EXT-000826","D2_DSA","False","False","False","False","False","False","False","False","PREPOSITION_DOES_NOT_IMPLY_RECIPIENT","UNCERTAIN","MODERATE","NO","NOT_ASSESSED","NOT_ASSESSED"
"EXT-000827","D2_DSA","False","False","False","False","False","False","False","True","COORDINATED_PREDICATES_MUST_REMAIN_DISTINCT;OBJECT_MUST_NOT_FUNCTION_AS_RESIDUAL_BUCKET","YES","COMPLEX","NO","NOT_ASSESSED","NOT_ASSESSED"
"EXT-000828","D2_DSA","False","False","False","False","False","False","False","False","","NO","NONE","NO","NOT_ASSESSED","NOT_ASSESSED"
"EXT-000829","D2_DSA","False","False","False","False","False","False","False","False","","NO","NONE","NO","NOT_ASSESSED","NOT_ASSESSED"
"EXT-000830","D2_DSA","False","False","False","False","False","False","False","False","OBJECT_MUST_NOT_FUNCTION_AS_RESIDUAL_BUCKET","UNCERTAIN","COMPLEX","NO","NOT_ASSESSED","NOT_ASSESSED"
"EXT-000831","D2_DSA","False","False","False","False","False","False","False","False","","NO","NONE","NO","NOT_ASSESSED","NOT_ASSESSED"
"EXT-000832","D2_DSA","False","False","False","False","False","False","False","False","","NO","NONE","NO","NOT_ASSESSED","NOT_ASSESSED"
"EXT-000833","D2_DSA","False","False","False","False","False","False","False","False","","NO","NONE","NO","NOT_ASSESSED","NOT_ASSESSED"
"EXT-000834","D2_DSA","False","False","False","False","False","False","False","False","PREPOSITION_DOES_NOT_IMPLY_RECIPIENT","UNCERTAIN","MODERATE","NO","NOT_ASSESSED","NOT_ASSESSED"
"EXT-000835","D2_DSA","False","False","False","False","False","False","False","False","PREPOSITION_DOES_NOT_IMPLY_RECIPIENT;OBJECT_MUST_NOT_FUNCTION_AS_RESIDUAL_BUCKET","UNCERTAIN","COMPLEX","NO","NOT_ASSESSED","NOT_ASSESSED"
"EXT-000836","D2_DSA","False","False","False","False","False","False","False","True","PREPOSITION_DOES_NOT_IMPLY_RECIPIENT;COORDINATED_PREDICATES_MUST_REMAIN_DISTINCT;OBJECT_MUST_NOT_FUNCTION_AS_RESIDUAL_BUCKET","YES","COMPLEX","NO","NOT_ASSESSED","NOT_ASSESSED"
"EXT-000837","D2_DSA","False","False","False","False","False","False","True","False","PREPOSITION_DOES_NOT_IMPLY_RECIPIENT;PROPOSITION_BOUNDARIES_MUST_BE_PRESERVED;TEMPORAL_SPATIAL_MANNER_MODIFIERS_ARE_NOT_CORE_ACTION_OR_OBJECT;OBJECT_MUST_NOT_FUNCTION_AS_RESIDUAL_BUCKET","YES","MODERATE","NO","NOT_ASSESSED","NOT_ASSESSED"
"EXT-000838","D2_DSA","False","False","False","False","False","False","False","False","","NO","NONE","NO","NOT_ASSESSED","NOT_ASSESSED"
"EXT-000839","D2_DSA","False","False","False","False","False","False","False","False","","NO","NONE","NO","NOT_ASSESSED","NOT_ASSESSED"
"EXT-000840","D2_DSA","False","False","False","False","False","False","False","True","COORDINATED_PREDICATES_MUST_REMAIN_DISTINCT;OBJECT_MUST_NOT_FUNCTION_AS_RESIDUAL_BUCKET","YES","COMPLEX","NO","NOT_ASSESSED","NOT_ASSESSED"
"EXT-000841","D2_DSA","False","False","False","False","False","False","False","True","PREPOSITION_DOES_NOT_IMPLY_RECIPIENT;RELATIONAL_ENTITY_MUST_BE_ACTOR_CAPABLE;COORDINATED_PREDICATES_MUST_REMAIN_DISTINCT;OBJECT_MUST_NOT_FUNCTION_AS_RESIDUAL_BUCKET","YES","COMPLEX","NO","NOT_ASSESSED","NOT_ASSESSED"
"EXT-000842","D2_DSA","False","False","False","False","False","False","False","False","PREPOSITION_DOES_NOT_IMPLY_RECIPIENT","UNCERTAIN","MODERATE","NO","NOT_ASSESSED","NOT_ASSESSED"
"EXT-000843","D2_DSA","False","False","False","False","False","False","False","False","OBJECT_MUST_NOT_FUNCTION_AS_RESIDUAL_BUCKET","UNCERTAIN","COMPLEX","NO","NOT_ASSESSED","NOT_ASSESSED"
"EXT-000844","D2_DSA","False","False","False","False","False","False","False","False","PREPOSITION_DOES_NOT_IMPLY_RECIPIENT","UNCERTAIN","MODERATE","NO","NOT_ASSESSED","NOT_ASSESSED"
"EXT-000845","D2_DSA","False","False","False","False","False","False","True","False","PREPOSITION_DOES_NOT_IMPLY_RECIPIENT;PROPOSITION_BOUNDARIES_MUST_BE_PRESERVED;TEMPORAL_SPATIAL_MANNER_MODIFIERS_ARE_NOT_CORE_ACTION_OR_OBJECT;OBJECT_MUST_NOT_FUNCTION_AS_RESIDUAL_BUCKET","YES","MODERATE","NO","NOT_ASSESSED","NOT_ASSESSED"
"EXT-000846","D2_DSA","False","False","False","False","False","False","False","False","PREPOSITION_DOES_NOT_IMPLY_RECIPIENT;TEMPORAL_SPATIAL_MANNER_MODIFIERS_ARE_NOT_CORE_ACTION_OR_OBJECT","UNCERTAIN","MODERATE","NO","NOT_ASSESSED","NOT_ASSESSED"
"EXT-000847","D2_DSA","False","False","False","False","False","False","True","False","PREPOSITION_DOES_NOT_IMPLY_RECIPIENT;PROPOSITION_BOUNDARIES_MUST_BE_PRESERVED;TEMPORAL_SPATIAL_MANNER_MODIFIERS_ARE_NOT_CORE_ACTION_OR_OBJECT;OBJECT_MUST_NOT_FUNCTION_AS_RESIDUAL_BUCKET","YES","MODERATE","NO","NOT_ASSESSED","NOT_ASSESSED"
"EXT-000848","D2_DSA","False","False","False","False","False","False","False","False","PREPOSITION_DOES_NOT_IMPLY_RECIPIENT;OBJECT_MUST_NOT_FUNCTION_AS_RESIDUAL_BUCKET","UNCERTAIN","COMPLEX","NO","NOT_ASSESSED","NOT_ASSESSED"
"EXT-000849","D2_DSA","False","False","False","False","False","False","False","False","PREPOSITION_DOES_NOT_IMPLY_RECIPIENT;RELATIONAL_ENTITY_MUST_BE_ACTOR_CAPABLE","YES","SIMPLE","NO","NOT_ASSESSED","NOT_ASSESSED"
"EXT-000850","D2_DSA","False","False","False","False","False","False","False","False","PREPOSITION_DOES_NOT_IMPLY_RECIPIENT;RELATIONAL_ENTITY_MUST_BE_ACTOR_CAPABLE","YES","SIMPLE","NO","NOT_ASSESSED","NOT_ASSESSED"
"EXT-000851","D2_DSA","False","False","False","False","False","False","False","False","PREPOSITION_DOES_NOT_IMPLY_RECIPIENT;EMBEDDED_SOURCE_RELATION_MUST_NOT_BE_PROMOTED","UNCERTAIN","MODERATE","NO","NOT_ASSESSED","NOT_ASSESSED"
"EXT-000852","D2_DSA","False","False","False","False","False","False","False","False","PREPOSITION_DOES_NOT_IMPLY_RECIPIENT;EMBEDDED_SOURCE_RELATION_MUST_NOT_BE_PROMOTED;OBJECT_MUST_NOT_FUNCTION_AS_RESIDUAL_BUCKET","YES","COMPLEX","NO","NOT_ASSESSED","NOT_ASSESSED"
"EXT-000853","D2_DSA","False","False","False","False","False","False","True","False","PROPOSITION_BOUNDARIES_MUST_BE_PRESERVED;TEMPORAL_SPATIAL_MANNER_MODIFIERS_ARE_NOT_CORE_ACTION_OR_OBJECT;OBJECT_MUST_NOT_FUNCTION_AS_RESIDUAL_BUCKET","YES","MODERATE","NO","NOT_ASSESSED","NOT_ASSESSED"
"EXT-000854","D2_DSA","False","False","False","False","False","False","False","True","COORDINATED_PREDICATES_MUST_REMAIN_DISTINCT;OBJECT_MUST_NOT_FUNCTION_AS_RESIDUAL_BUCKET","YES","COMPLEX","NO","NOT_ASSESSED","NOT_ASSESSED"
"EXT-000855","D2_DSA","False","False","False","False","False","False","True","False","PROPOSITION_BOUNDARIES_MUST_BE_PRESERVED;TEMPORAL_SPATIAL_MANNER_MODIFIERS_ARE_NOT_CORE_ACTION_OR_OBJECT;OBJECT_MUST_NOT_FUNCTION_AS_RESIDUAL_BUCKET","YES","MODERATE","NO","NOT_ASSESSED","NOT_ASSESSED"
"EXT-000856","D2_DSA","False","False","False","False","False","False","False","False","","NO","NONE","NO","NOT_ASSESSED","NOT_ASSESSED"
"EXT-000857","D2_DSA","False","False","False","False","False","False","True","False","PROPOSITION_BOUNDARIES_MUST_BE_PRESERVED;TEMPORAL_SPATIAL_MANNER_MODIFIERS_ARE_NOT_CORE_ACTION_OR_OBJECT;OBJECT_MUST_NOT_FUNCTION_AS_RESIDUAL_BUCKET","YES","MODERATE","NO","NOT_ASSESSED","NOT_ASSESSED"
"EXT-000858","D2_DSA","False","False","False","False","False","False","False","False","PREPOSITION_DOES_NOT_IMPLY_RECIPIENT","UNCERTAIN","MODERATE","NO","NOT_ASSESSED","NOT_ASSESSED"
"EXT-000859","D2_DSA","False","False","False","False","False","False","True","False","PREPOSITION_DOES_NOT_IMPLY_RECIPIENT;PROPOSITION_BOUNDARIES_MUST_BE_PRESERVED;TEMPORAL_SPATIAL_MANNER_MODIFIERS_ARE_NOT_CORE_ACTION_OR_OBJECT;OBJECT_MUST_NOT_FUNCTION_AS_RESIDUAL_BUCKET","YES","MODERATE","NO","NOT_ASSESSED","NOT_ASSESSED"
"EXT-000860","D2_DSA","False","False","False","False","False","False","False","False","PREPOSITION_DOES_NOT_IMPLY_RECIPIENT;RELATIONAL_ENTITY_MUST_BE_ACTOR_CAPABLE","YES","SIMPLE","NO","NOT_ASSESSED","NOT_ASSESSED"
"EXT-000861","D2_DSA","False","False","False","False","False","False","False","False","PREPOSITION_DOES_NOT_IMPLY_RECIPIENT;RELATIONAL_ENTITY_MUST_BE_ACTOR_CAPABLE","YES","SIMPLE","NO","NOT_ASSESSED","NOT_ASSESSED"
"EXT-000862","D2_DSA","False","False","False","False","False","False","True","False","PROPOSITION_BOUNDARIES_MUST_BE_PRESERVED;TEMPORAL_SPATIAL_MANNER_MODIFIERS_ARE_NOT_CORE_ACTION_OR_OBJECT;OBJECT_MUST_NOT_FUNCTION_AS_RESIDUAL_BUCKET","YES","MODERATE","NO","NOT_ASSESSED","NOT_ASSESSED"
"EXT-000863","D2_DSA","False","False","False","False","False","False","False","False","OBJECT_MUST_NOT_FUNCTION_AS_RESIDUAL_BUCKET","UNCERTAIN","COMPLEX","NO","NOT_ASSESSED","NOT_ASSESSED"
"EXT-000864","D2_DSA","False","False","False","False","False","False","False","False","","NO","NONE","NO","NOT_ASSESSED","NOT_ASSESSED"
"EXT-000865","D2_DSA","False","False","False","False","False","False","False","False","","NO","NONE","NO","NOT_ASSESSED","NOT_ASSESSED"
"EXT-000866","D2_DSA","False","True","False","False","False","False","False","False","","NO","NONE","NO","NOT_ASSESSED","NOT_ASSESSED"
"EXT-000867","D2_DSA","False","False","False","False","False","False","False","True","COORDINATED_PREDICATES_MUST_REMAIN_DISTINCT;OBJECT_MUST_NOT_FUNCTION_AS_RESIDUAL_BUCKET","YES","COMPLEX","NO","NOT_ASSESSED","NOT_ASSESSED"
"EXT-000868","D2_DSA","False","False","False","False","False","False","False","False","PREPOSITION_DOES_NOT_IMPLY_RECIPIENT;OBJECT_MUST_NOT_FUNCTION_AS_RESIDUAL_BUCKET","UNCERTAIN","COMPLEX","NO","NOT_ASSESSED","NOT_ASSESSED"
"EXT-000869","D2_DSA","False","True","False","False","False","False","False","False","PREPOSITION_DOES_NOT_IMPLY_RECIPIENT;RELATIONAL_ENTITY_MUST_BE_ACTOR_CAPABLE;OBJECT_MUST_NOT_FUNCTION_AS_RESIDUAL_BUCKET","YES","COMPLEX","NO","NOT_ASSESSED","NOT_ASSESSED"
"EXT-000870","D2_DSA","False","False","False","False","False","False","False","True","PREPOSITION_DOES_NOT_IMPLY_RECIPIENT;RELATIONAL_ENTITY_MUST_BE_ACTOR_CAPABLE;COORDINATED_PREDICATES_MUST_REMAIN_DISTINCT;OBJECT_MUST_NOT_FUNCTION_AS_RESIDUAL_BUCKET","YES","COMPLEX","NO","NOT_ASSESSED","NOT_ASSESSED"
"EXT-000871","D2_DSA","False","False","False","False","False","False","False","False","PREPOSITION_DOES_NOT_IMPLY_RECIPIENT;RELATIONAL_ENTITY_MUST_BE_ACTOR_CAPABLE","YES","SIMPLE","NO","NOT_ASSESSED","NOT_ASSESSED"
"EXT-000872","D2_DSA","False","False","False","False","False","False","False","False","PREPOSITION_DOES_NOT_IMPLY_RECIPIENT","UNCERTAIN","MODERATE","NO","NOT_ASSESSED","NOT_ASSESSED"
"EXT-000873","D2_DSA","False","False","False","False","False","False","True","False","PREPOSITION_DOES_NOT_IMPLY_RECIPIENT;PROPOSITION_BOUNDARIES_MUST_BE_PRESERVED;TEMPORAL_SPATIAL_MANNER_MODIFIERS_ARE_NOT_CORE_ACTION_OR_OBJECT;OBJECT_MUST_NOT_FUNCTION_AS_RESIDUAL_BUCKET","YES","MODERATE","NO","NOT_ASSESSED","NOT_ASSESSED"
"EXT-000874","D2_DSA","False","False","False","False","False","False","False","False","PREPOSITION_DOES_NOT_IMPLY_RECIPIENT","UNCERTAIN","MODERATE","NO","NOT_ASSESSED","NOT_ASSESSED"
"EXT-000875","D2_DSA","False","False","False","False","False","False","False","False","PREPOSITION_DOES_NOT_IMPLY_RECIPIENT;OBJECT_MUST_NOT_FUNCTION_AS_RESIDUAL_BUCKET","UNCERTAIN","COMPLEX","NO","NOT_ASSESSED","NOT_ASSESSED"
"EXT-000876","D2_DSA","False","False","False","False","False","False","False","False","RELATIONAL_ENTITY_MUST_BE_ACTOR_CAPABLE","YES","SIMPLE","NO","NOT_ASSESSED","NOT_ASSESSED"
"EXT-000877","D2_DSA","False","False","False","False","False","False","False","False","PREPOSITION_DOES_NOT_IMPLY_RECIPIENT;RELATIONAL_ENTITY_MUST_BE_ACTOR_CAPABLE","YES","SIMPLE","NO","NOT_ASSESSED","NOT_ASSESSED"
"EXT-000878","D2_DSA","False","False","False","False","False","False","False","False","PREPOSITION_DOES_NOT_IMPLY_RECIPIENT;RELATIONAL_ENTITY_MUST_BE_ACTOR_CAPABLE","YES","SIMPLE","NO","NOT_ASSESSED","NOT_ASSESSED"
"EXT-000879","D2_DSA","False","False","False","False","False","False","False","False","PREPOSITION_DOES_NOT_IMPLY_RECIPIENT","UNCERTAIN","MODERATE","NO","NOT_ASSESSED","NOT_ASSESSED"
"EXT-000880","D2_DSA","False","False","False","False","False","False","False","True","COORDINATED_PREDICATES_MUST_REMAIN_DISTINCT;OBJECT_MUST_NOT_FUNCTION_AS_RESIDUAL_BUCKET","YES","COMPLEX","NO","NOT_ASSESSED","NOT_ASSESSED"
"EXT-000881","D2_DSA","False","False","False","False","False","False","False","True","PREPOSITION_DOES_NOT_IMPLY_RECIPIENT;RELATIONAL_ENTITY_MUST_BE_ACTOR_CAPABLE;COORDINATED_PREDICATES_MUST_REMAIN_DISTINCT;OBJECT_MUST_NOT_FUNCTION_AS_RESIDUAL_BUCKET","YES","COMPLEX","NO","NOT_ASSESSED","NOT_ASSESSED"
"EXT-000882","D2_DSA","False","False","False","False","False","False","True","False","PREPOSITION_DOES_NOT_IMPLY_RECIPIENT;RELATIONAL_ENTITY_MUST_BE_ACTOR_CAPABLE;PROPOSITION_BOUNDARIES_MUST_BE_PRESERVED;TEMPORAL_SPATIAL_MANNER_MODIFIERS_ARE_NOT_CORE_ACTION_OR_OBJECT;OBJECT_MUST_NOT_FUNCTION_AS_RESIDUAL_BUCKET","YES","MODERATE","NO","NOT_ASSESSED","NOT_ASSESSED"
"EXT-000883","D2_DSA","False","False","False","False","False","False","False","True","PREPOSITION_DOES_NOT_IMPLY_RECIPIENT;RELATIONAL_ENTITY_MUST_BE_ACTOR_CAPABLE;COORDINATED_PREDICATES_MUST_REMAIN_DISTINCT;OBJECT_MUST_NOT_FUNCTION_AS_RESIDUAL_BUCKET","YES","COMPLEX","NO","NOT_ASSESSED","NOT_ASSESSED"
"EXT-000884","D2_DSA","False","False","False","False","False","False","False","False","PREPOSITION_DOES_NOT_IMPLY_RECIPIENT;RELATIONAL_ENTITY_MUST_BE_ACTOR_CAPABLE;OBJECT_MUST_NOT_FUNCTION_AS_RESIDUAL_BUCKET","YES","COMPLEX","NO","NOT_ASSESSED","NOT_ASSESSED"
"EXT-000885","D2_DSA","False","False","False","False","False","False","False","False","PREPOSITION_DOES_NOT_IMPLY_RECIPIENT;RELATIONAL_ENTITY_MUST_BE_ACTOR_CAPABLE","YES","SIMPLE","NO","NOT_ASSESSED","NOT_ASSESSED"
"EXT-000886","D2_DSA","False","False","False","False","False","False","False","False","","NO","NONE","NO","NOT_ASSESSED","NOT_ASSESSED"
"EXT-000887","D2_DSA","False","False","False","False","False","False","False","False","PREPOSITION_DOES_NOT_IMPLY_RECIPIENT","UNCERTAIN","MODERATE","NO","NOT_ASSESSED","NOT_ASSESSED"
"EXT-000888","D2_DSA","False","False","False","False","False","False","False","False","PREPOSITION_DOES_NOT_IMPLY_RECIPIENT","UNCERTAIN","MODERATE","NO","NOT_ASSESSED","NOT_ASSESSED"
"EXT-000889","D2_DSA","False","False","False","False","False","False","False","False","PREPOSITION_DOES_NOT_IMPLY_RECIPIENT","UNCERTAIN","MODERATE","NO","NOT_ASSESSED","NOT_ASSESSED"
"EXT-000890","D2_DSA","False","False","False","False","False","False","False","False","PREPOSITION_DOES_NOT_IMPLY_RECIPIENT","UNCERTAIN","MODERATE","NO","NOT_ASSESSED","NOT_ASSESSED"
"EXT-000891","D2_DSA","False","False","False","False","False","False","False","False","","NO","NONE","NO","NOT_ASSESSED","NOT_ASSESSED"
"EXT-000892","D2_DSA","False","False","False","False","False","False","False","False","PREPOSITION_DOES_NOT_IMPLY_RECIPIENT","UNCERTAIN","MODERATE","NO","NOT_ASSESSED","NOT_ASSESSED"
"EXT-000893","D2_DSA","False","False","False","False","False","False","False","True","PREPOSITION_DOES_NOT_IMPLY_RECIPIENT;COORDINATED_PREDICATES_MUST_REMAIN_DISTINCT;OBJECT_MUST_NOT_FUNCTION_AS_RESIDUAL_BUCKET","YES","COMPLEX","NO","NOT_ASSESSED","NOT_ASSESSED"
"EXT-000894","D2_DSA","False","False","False","False","False","False","False","False","PREPOSITION_DOES_NOT_IMPLY_RECIPIENT;OBJECT_MUST_NOT_FUNCTION_AS_RESIDUAL_BUCKET","UNCERTAIN","COMPLEX","NO","NOT_ASSESSED","NOT_ASSESSED"
"EXT-000895","D2_DSA","False","False","False","False","False","False","True","False","PREPOSITION_DOES_NOT_IMPLY_RECIPIENT;PROPOSITION_BOUNDARIES_MUST_BE_PRESERVED;TEMPORAL_SPATIAL_MANNER_MODIFIERS_ARE_NOT_CORE_ACTION_OR_OBJECT;OBJECT_MUST_NOT_FUNCTION_AS_RESIDUAL_BUCKET","YES","MODERATE","NO","NOT_ASSESSED","NOT_ASSESSED"
"EXT-000896","D2_DSA","False","False","False","False","False","False","False","False","PREPOSITION_DOES_NOT_IMPLY_RECIPIENT","UNCERTAIN","MODERATE","NO","NOT_ASSESSED","NOT_ASSESSED"
"EXT-000897","D2_DSA","False","False","False","False","False","False","False","False","PREPOSITION_DOES_NOT_IMPLY_RECIPIENT;RELATIONAL_ENTITY_MUST_BE_ACTOR_CAPABLE","YES","SIMPLE","NO","NOT_ASSESSED","NOT_ASSESSED"
"EXT-000898","D2_DSA","False","False","False","False","False","False","True","False","PROPOSITION_BOUNDARIES_MUST_BE_PRESERVED;TEMPORAL_SPATIAL_MANNER_MODIFIERS_ARE_NOT_CORE_ACTION_OR_OBJECT;OBJECT_MUST_NOT_FUNCTION_AS_RESIDUAL_BUCKET","YES","MODERATE","NO","NOT_ASSESSED","NOT_ASSESSED"
"EXT-000899","D2_DSA","False","False","False","False","False","False","True","False","PROPOSITION_BOUNDARIES_MUST_BE_PRESERVED;TEMPORAL_SPATIAL_MANNER_MODIFIERS_ARE_NOT_CORE_ACTION_OR_OBJECT;OBJECT_MUST_NOT_FUNCTION_AS_RESIDUAL_BUCKET","YES","MODERATE","NO","NOT_ASSESSED","NOT_ASSESSED"
"EXT-000900","D2_DSA","False","False","False","False","False","False","False","False","PREPOSITION_DOES_NOT_IMPLY_RECIPIENT","UNCERTAIN","MODERATE","NO","NOT_ASSESSED","NOT_ASSESSED"
"EXT-000901","D2_DSA","False","False","False","False","False","False","True","False","PREPOSITION_DOES_NOT_IMPLY_RECIPIENT;PROPOSITION_BOUNDARIES_MUST_BE_PRESERVED;TEMPORAL_SPATIAL_MANNER_MODIFIERS_ARE_NOT_CORE_ACTION_OR_OBJECT;OBJECT_MUST_NOT_FUNCTION_AS_RESIDUAL_BUCKET","YES","MODERATE","NO","NOT_ASSESSED","NOT_ASSESSED"
"EXT-000902","D2_DSA","False","False","False","False","False","False","True","False","PREPOSITION_DOES_NOT_IMPLY_RECIPIENT;PROPOSITION_BOUNDARIES_MUST_BE_PRESERVED;TEMPORAL_SPATIAL_MANNER_MODIFIERS_ARE_NOT_CORE_ACTION_OR_OBJECT;OBJECT_MUST_NOT_FUNCTION_AS_RESIDUAL_BUCKET","YES","MODERATE","NO","NOT_ASSESSED","NOT_ASSESSED"
"EXT-000903","D2_DSA","False","False","False","False","False","False","False","False","PREPOSITION_DOES_NOT_IMPLY_RECIPIENT;RELATIONAL_ENTITY_MUST_BE_ACTOR_CAPABLE","YES","SIMPLE","NO","NOT_ASSESSED","NOT_ASSESSED"
"EXT-000904","D2_DSA","False","False","False","False","False","False","False","True","PREPOSITION_DOES_NOT_IMPLY_RECIPIENT;RELATIONAL_ENTITY_MUST_BE_ACTOR_CAPABLE;COORDINATED_PREDICATES_MUST_REMAIN_DISTINCT;OBJECT_MUST_NOT_FUNCTION_AS_RESIDUAL_BUCKET","YES","COMPLEX","NO","NOT_ASSESSED","NOT_ASSESSED"
"EXT-000905","D2_DSA","False","False","False","False","False","False","False","False","","NO","NONE","NO","NOT_ASSESSED","NOT_ASSESSED"
"EXT-000906","D2_DSA","False","False","False","False","False","False","True","False","PROPOSITION_BOUNDARIES_MUST_BE_PRESERVED;TEMPORAL_SPATIAL_MANNER_MODIFIERS_ARE_NOT_CORE_ACTION_OR_OBJECT;OBJECT_MUST_NOT_FUNCTION_AS_RESIDUAL_BUCKET","YES","MODERATE","NO","NOT_ASSESSED","NOT_ASSESSED"
"EXT-000907","D2_DSA","False","False","False","False","False","False","False","False","PREPOSITION_DOES_NOT_IMPLY_RECIPIENT","UNCERTAIN","MODERATE","NO","NOT_ASSESSED","NOT_ASSESSED"
"EXT-000908","D2_DSA","False","False","False","False","False","False","False","False","PREPOSITION_DOES_NOT_IMPLY_RECIPIENT;OBJECT_MUST_NOT_FUNCTION_AS_RESIDUAL_BUCKET","UNCERTAIN","COMPLEX","NO","NOT_ASSESSED","NOT_ASSESSED"
"EXT-000909","D2_DSA","False","False","False","False","False","False","False","True","PREPOSITION_DOES_NOT_IMPLY_RECIPIENT;COORDINATED_PREDICATES_MUST_REMAIN_DISTINCT;OBJECT_MUST_NOT_FUNCTION_AS_RESIDUAL_BUCKET","YES","COMPLEX","NO","NOT_ASSESSED","NOT_ASSESSED"
"EXT-000910","D3_AI_ACT","False","False","False","False","False","False","False","False","","UNCERTAIN","MODERATE","NO","YES","YES"
"EXT-000911","D3_AI_ACT","False","False","False","False","False","False","False","False","","NO","NONE","NO","NOT_ASSESSED","NOT_ASSESSED"
"EXT-000912","D3_AI_ACT","False","False","False","False","False","False","False","True","COORDINATED_PREDICATES_MUST_REMAIN_DISTINCT;OBJECT_MUST_NOT_FUNCTION_AS_RESIDUAL_BUCKET","YES","COMPLEX","NO","YES","YES"
"EXT-000913","D3_AI_ACT","False","False","False","False","False","False","True","False","PROPOSITION_BOUNDARIES_MUST_BE_PRESERVED;TEMPORAL_SPATIAL_MANNER_MODIFIERS_ARE_NOT_CORE_ACTION_OR_OBJECT;OBJECT_MUST_NOT_FUNCTION_AS_RESIDUAL_BUCKET","YES","MODERATE","NO","NOT_ASSESSED","NOT_ASSESSED"
"EXT-000914","D3_AI_ACT","False","False","False","False","False","False","False","True","COORDINATED_PREDICATES_MUST_REMAIN_DISTINCT;OBJECT_MUST_NOT_FUNCTION_AS_RESIDUAL_BUCKET","YES","COMPLEX","NO","NOT_ASSESSED","NOT_ASSESSED"
"EXT-000915","D3_AI_ACT","False","False","False","False","False","False","True","False","PROPOSITION_BOUNDARIES_MUST_BE_PRESERVED;TEMPORAL_SPATIAL_MANNER_MODIFIERS_ARE_NOT_CORE_ACTION_OR_OBJECT;OBJECT_MUST_NOT_FUNCTION_AS_RESIDUAL_BUCKET","YES","MODERATE","NO","NOT_ASSESSED","NOT_ASSESSED"
"EXT-000916","D3_AI_ACT","False","False","False","False","False","False","True","True","PROPOSITION_BOUNDARIES_MUST_BE_PRESERVED;COORDINATED_PREDICATES_MUST_REMAIN_DISTINCT;TEMPORAL_SPATIAL_MANNER_MODIFIERS_ARE_NOT_CORE_ACTION_OR_OBJECT;OBJECT_MUST_NOT_FUNCTION_AS_RESIDUAL_BUCKET","YES","COMPLEX","NO","NOT_ASSESSED","NOT_ASSESSED"
"EXT-000917","D3_AI_ACT","False","False","False","False","False","False","True","False","PROPOSITION_BOUNDARIES_MUST_BE_PRESERVED;TEMPORAL_SPATIAL_MANNER_MODIFIERS_ARE_NOT_CORE_ACTION_OR_OBJECT;OBJECT_MUST_NOT_FUNCTION_AS_RESIDUAL_BUCKET","YES","MODERATE","NO","NOT_ASSESSED","NOT_ASSESSED"
"EXT-000918","D3_AI_ACT","False","False","False","False","False","False","True","True","PROPOSITION_BOUNDARIES_MUST_BE_PRESERVED;COORDINATED_PREDICATES_MUST_REMAIN_DISTINCT;TEMPORAL_SPATIAL_MANNER_MODIFIERS_ARE_NOT_CORE_ACTION_OR_OBJECT;OBJECT_MUST_NOT_FUNCTION_AS_RESIDUAL_BUCKET","YES","COMPLEX","NO","NOT_ASSESSED","NOT_ASSESSED"
"EXT-000919","D3_AI_ACT","False","False","False","False","False","False","False","True","COORDINATED_PREDICATES_MUST_REMAIN_DISTINCT","UNCERTAIN","COMPLEX","NO","NOT_ASSESSED","NOT_ASSESSED"
"EXT-000920","D3_AI_ACT","False","False","False","False","False","False","False","False","","NO","NONE","NO","NOT_ASSESSED","NOT_ASSESSED"
"EXT-000921","D3_AI_ACT","False","False","False","False","False","False","False","False","","NO","NONE","NO","NOT_ASSESSED","NOT_ASSESSED"
"EXT-000922","D3_AI_ACT","False","False","False","False","False","False","False","True","COORDINATED_PREDICATES_MUST_REMAIN_DISTINCT;OBJECT_MUST_NOT_FUNCTION_AS_RESIDUAL_BUCKET","YES","COMPLEX","NO","NOT_ASSESSED","NOT_ASSESSED"
"EXT-000923","D3_AI_ACT","False","False","False","False","False","False","False","False","","NO","NONE","NO","NOT_ASSESSED","NOT_ASSESSED"
"EXT-000924","D3_AI_ACT","False","False","False","False","False","False","True","True","PROPOSITION_BOUNDARIES_MUST_BE_PRESERVED;COORDINATED_PREDICATES_MUST_REMAIN_DISTINCT;TEMPORAL_SPATIAL_MANNER_MODIFIERS_ARE_NOT_CORE_ACTION_OR_OBJECT;OBJECT_MUST_NOT_FUNCTION_AS_RESIDUAL_BUCKET","YES","COMPLEX","YES","YES","YES"
"EXT-000925","D3_AI_ACT","False","False","False","False","False","False","True","False","PROPOSITION_BOUNDARIES_MUST_BE_PRESERVED;TEMPORAL_SPATIAL_MANNER_MODIFIERS_ARE_NOT_CORE_ACTION_OR_OBJECT;OBJECT_MUST_NOT_FUNCTION_AS_RESIDUAL_BUCKET","YES","MODERATE","NO","NOT_ASSESSED","NOT_ASSESSED"
"EXT-000926","D3_AI_ACT","False","False","False","False","False","False","True","False","PREPOSITION_DOES_NOT_IMPLY_RECIPIENT;RELATIONAL_ENTITY_MUST_BE_ACTOR_CAPABLE;PROPOSITION_BOUNDARIES_MUST_BE_PRESERVED;TEMPORAL_SPATIAL_MANNER_MODIFIERS_ARE_NOT_CORE_ACTION_OR_OBJECT;OBJECT_MUST_NOT_FUNCTION_AS_RESIDUAL_BUCKET","YES","COMPLEX","NO","YES","YES"
"EXT-000927","D3_AI_ACT","False","False","False","False","False","False","False","False","","NO","NONE","NO","NO","NO"
"EXT-000928","D3_AI_ACT","False","False","False","False","False","False","False","False","RELATIONAL_ENTITY_MUST_BE_ACTOR_CAPABLE","YES","SIMPLE","NO","YES","YES"
"EXT-000929","D3_AI_ACT","False","False","False","False","False","False","False","False","RELATIONAL_ENTITY_MUST_BE_ACTOR_CAPABLE","YES","SIMPLE","NO","YES","YES"
"EXT-000930","D3_AI_ACT","False","False","False","False","False","False","False","False","OBJECT_MUST_NOT_FUNCTION_AS_RESIDUAL_BUCKET","UNCERTAIN","COMPLEX","NO","YES","NO"
"EXT-000931","D3_AI_ACT","False","False","False","False","False","False","False","False","PREPOSITION_DOES_NOT_IMPLY_RECIPIENT;OBJECT_MUST_NOT_FUNCTION_AS_RESIDUAL_BUCKET","YES","COMPLEX","NO","YES","YES"
"EXT-000932","D3_AI_ACT","False","False","False","False","False","False","False","False","","NO","NONE","NO","NOT_ASSESSED","NOT_ASSESSED"
"EXT-000933","D3_AI_ACT","False","False","False","False","False","False","False","False","","NO","NONE","NO","NOT_ASSESSED","NOT_ASSESSED"
"EXT-000934","D3_AI_ACT","False","False","False","False","False","False","False","False","PREPOSITION_DOES_NOT_IMPLY_RECIPIENT;RELATIONAL_ENTITY_MUST_BE_ACTOR_CAPABLE","YES","SIMPLE","NO","NOT_ASSESSED","NOT_ASSESSED"
"EXT-000935","D3_AI_ACT","False","False","False","False","False","False","False","False","","NO","NONE","NO","NOT_ASSESSED","NOT_ASSESSED"
"EXT-000936","D3_AI_ACT","False","False","False","False","False","False","False","False","","NO","NONE","NO","NOT_ASSESSED","NOT_ASSESSED"
"EXT-000937","D3_AI_ACT","False","False","False","False","False","False","False","True","COORDINATED_PREDICATES_MUST_REMAIN_DISTINCT","UNCERTAIN","COMPLEX","NO","NOT_ASSESSED","NOT_ASSESSED"
"EXT-000938","D3_AI_ACT","False","False","False","False","False","False","False","False","","UNCERTAIN","MODERATE","NO","YES","YES"
"EXT-000939","D3_AI_ACT","False","False","False","False","False","False","False","True","COORDINATED_PREDICATES_MUST_REMAIN_DISTINCT;OBJECT_MUST_NOT_FUNCTION_AS_RESIDUAL_BUCKET","YES","COMPLEX","NO","NOT_ASSESSED","NOT_ASSESSED"
"EXT-000940","D3_AI_ACT","False","False","False","False","False","False","True","False","PROPOSITION_BOUNDARIES_MUST_BE_PRESERVED;TEMPORAL_SPATIAL_MANNER_MODIFIERS_ARE_NOT_CORE_ACTION_OR_OBJECT;OBJECT_MUST_NOT_FUNCTION_AS_RESIDUAL_BUCKET","YES","MODERATE","NO","NOT_ASSESSED","NOT_ASSESSED"
"EXT-000941","D3_AI_ACT","False","False","False","False","False","False","False","False","","NO","NONE","NO","NOT_ASSESSED","NOT_ASSESSED"
"EXT-000942","D3_AI_ACT","False","False","False","False","False","False","False","False","","NO","NONE","NO","NOT_ASSESSED","NOT_ASSESSED"
"EXT-000943","D3_AI_ACT","False","False","False","False","False","False","False","False","","NO","NONE","NO","NO","NO"
"EXT-000944","D3_AI_ACT","False","False","False","False","False","False","False","False","TEMPORAL_SPATIAL_MANNER_MODIFIERS_ARE_NOT_CORE_ACTION_OR_OBJECT","UNCERTAIN","MODERATE","NO","YES","YES"
"EXT-000945","D3_AI_ACT","False","False","False","False","False","False","False","False","","NO","NONE","NO","NOT_ASSESSED","NOT_ASSESSED"
"EXT-000946","D3_AI_ACT","False","True","True","False","False","False","False","False","PRESERVE_LEGAL_MODALITY;PREPOSITION_DOES_NOT_IMPLY_RECIPIENT","UNCERTAIN","MODERATE","NO","NOT_ASSESSED","NOT_ASSESSED"
"EXT-000947","D3_AI_ACT","False","False","False","False","False","False","False","False","OBJECT_MUST_NOT_FUNCTION_AS_RESIDUAL_BUCKET","UNCERTAIN","COMPLEX","NO","NOT_ASSESSED","NOT_ASSESSED"
"EXT-000948","D3_AI_ACT","False","False","False","False","False","False","False","False","PREPOSITION_DOES_NOT_IMPLY_RECIPIENT","UNCERTAIN","MODERATE","NO","NOT_ASSESSED","NOT_ASSESSED"
"EXT-000949","D3_AI_ACT","False","False","False","False","False","False","False","False","PREPOSITION_DOES_NOT_IMPLY_RECIPIENT","UNCERTAIN","MODERATE","NO","NOT_ASSESSED","NOT_ASSESSED"
"EXT-000950","D3_AI_ACT","False","False","False","False","False","False","True","False","PREPOSITION_DOES_NOT_IMPLY_RECIPIENT;RELATIONAL_ENTITY_MUST_BE_ACTOR_CAPABLE;PROPOSITION_BOUNDARIES_MUST_BE_PRESERVED;TEMPORAL_SPATIAL_MANNER_MODIFIERS_ARE_NOT_CORE_ACTION_OR_OBJECT;OBJECT_MUST_NOT_FUNCTION_AS_RESIDUAL_BUCKET","YES","COMPLEX","NO","YES","YES"
"EXT-000951","D3_AI_ACT","False","False","False","False","False","False","False","False","PREPOSITION_DOES_NOT_IMPLY_RECIPIENT;RELATIONAL_ENTITY_MUST_BE_ACTOR_CAPABLE","YES","SIMPLE","NO","NOT_ASSESSED","NOT_ASSESSED"
"EXT-000952","D3_AI_ACT","False","False","False","False","False","False","False","False","EMBEDDED_SOURCE_RELATION_MUST_NOT_BE_PROMOTED","YES","MODERATE","YES","YES","YES"
"EXT-000953","D3_AI_ACT","False","False","False","False","False","False","False","True","EMBEDDED_SOURCE_RELATION_MUST_NOT_BE_PROMOTED;COORDINATED_PREDICATES_MUST_REMAIN_DISTINCT;OBJECT_MUST_NOT_FUNCTION_AS_RESIDUAL_BUCKET","YES","COMPLEX","NO","NOT_ASSESSED","NOT_ASSESSED"
"EXT-000954","D3_AI_ACT","False","False","False","False","False","False","False","False","OBJECT_MUST_NOT_FUNCTION_AS_RESIDUAL_BUCKET","UNCERTAIN","COMPLEX","NO","NOT_ASSESSED","NOT_ASSESSED"
"EXT-000955","D3_AI_ACT","False","False","False","False","False","False","True","False","PROPOSITION_BOUNDARIES_MUST_BE_PRESERVED;TEMPORAL_SPATIAL_MANNER_MODIFIERS_ARE_NOT_CORE_ACTION_OR_OBJECT;OBJECT_MUST_NOT_FUNCTION_AS_RESIDUAL_BUCKET","YES","MODERATE","NO","NOT_ASSESSED","NOT_ASSESSED"
"EXT-000956","D3_AI_ACT","False","False","False","False","False","False","False","False","PREPOSITION_DOES_NOT_IMPLY_RECIPIENT","UNCERTAIN","MODERATE","NO","NOT_ASSESSED","NOT_ASSESSED"
"EXT-000957","D3_AI_ACT","False","False","False","False","False","False","False","False","PREPOSITION_DOES_NOT_IMPLY_RECIPIENT","UNCERTAIN","MODERATE","NO","NOT_ASSESSED","NOT_ASSESSED"
"EXT-000958","D3_AI_ACT","True","False","False","False","False","False","False","True","RELATIONAL_ENTITY_MUST_BE_ACTOR_CAPABLE;COORDINATED_PREDICATES_MUST_REMAIN_DISTINCT","YES","COMPLEX","YES","YES","YES"
"EXT-000959","D3_AI_ACT","False","False","False","False","False","False","False","False","PREPOSITION_DOES_NOT_IMPLY_RECIPIENT;RELATIONAL_ENTITY_MUST_BE_ACTOR_CAPABLE","YES","SIMPLE","NO","NOT_ASSESSED","NOT_ASSESSED"
"EXT-000960","D3_AI_ACT","False","False","False","False","False","False","False","True","PREPOSITION_DOES_NOT_IMPLY_RECIPIENT;RELATIONAL_ENTITY_MUST_BE_ACTOR_CAPABLE;COORDINATED_PREDICATES_MUST_REMAIN_DISTINCT","YES","COMPLEX","NO","NOT_ASSESSED","NOT_ASSESSED"
"EXT-000961","D3_AI_ACT","False","False","False","False","False","False","False","False","PREPOSITION_DOES_NOT_IMPLY_RECIPIENT","UNCERTAIN","MODERATE","NO","NOT_ASSESSED","NOT_ASSESSED"
"EXT-000962","D3_AI_ACT","False","False","False","False","False","False","True","False","PREPOSITION_DOES_NOT_IMPLY_RECIPIENT;PROPOSITION_BOUNDARIES_MUST_BE_PRESERVED;TEMPORAL_SPATIAL_MANNER_MODIFIERS_ARE_NOT_CORE_ACTION_OR_OBJECT;OBJECT_MUST_NOT_FUNCTION_AS_RESIDUAL_BUCKET","YES","MODERATE","NO","NOT_ASSESSED","NOT_ASSESSED"
"EXT-000963","D3_AI_ACT","False","False","False","False","False","False","True","False","PREPOSITION_DOES_NOT_IMPLY_RECIPIENT;PROPOSITION_BOUNDARIES_MUST_BE_PRESERVED;TEMPORAL_SPATIAL_MANNER_MODIFIERS_ARE_NOT_CORE_ACTION_OR_OBJECT;OBJECT_MUST_NOT_FUNCTION_AS_RESIDUAL_BUCKET","YES","MODERATE","NO","NOT_ASSESSED","NOT_ASSESSED"
"EXT-000964","D3_AI_ACT","False","False","False","False","False","False","False","False","PREPOSITION_DOES_NOT_IMPLY_RECIPIENT;RELATIONAL_ENTITY_MUST_BE_ACTOR_CAPABLE","YES","SIMPLE","NO","YES","YES"
"EXT-000965","D3_AI_ACT","False","False","False","False","False","False","False","False","PREPOSITION_DOES_NOT_IMPLY_RECIPIENT","UNCERTAIN","MODERATE","NO","YES","YES"
"EXT-000966","D3_AI_ACT","False","False","False","False","False","False","False","False","PREPOSITION_DOES_NOT_IMPLY_RECIPIENT;RELATIONAL_ENTITY_MUST_BE_ACTOR_CAPABLE","YES","SIMPLE","NO","NOT_ASSESSED","NOT_ASSESSED"
"EXT-000967","D3_AI_ACT","False","False","False","False","False","False","False","False","EXPLICIT_RELATIONAL_ACTOR_MUST_NOT_BE_DROPPED;OBJECT_MUST_NOT_FUNCTION_AS_RESIDUAL_BUCKET","YES","COMPLEX","NO","NOT_ASSESSED","NOT_ASSESSED"
"EXT-000968","D3_AI_ACT","False","False","False","False","False","False","False","False","","NO","NONE","NO","NOT_ASSESSED","NOT_ASSESSED"
"EXT-000969","D3_AI_ACT","False","False","False","False","False","False","False","False","","NO","NONE","NO","NOT_ASSESSED","NOT_ASSESSED"
"EXT-000970","D3_AI_ACT","False","False","False","False","False","False","True","False","PROPOSITION_BOUNDARIES_MUST_BE_PRESERVED;TEMPORAL_SPATIAL_MANNER_MODIFIERS_ARE_NOT_CORE_ACTION_OR_OBJECT;OBJECT_MUST_NOT_FUNCTION_AS_RESIDUAL_BUCKET","YES","MODERATE","NO","NO","NO"
"EXT-000971","D3_AI_ACT","False","False","False","False","False","False","False","False","PREPOSITION_DOES_NOT_IMPLY_RECIPIENT","UNCERTAIN","MODERATE","NO","NOT_ASSESSED","NOT_ASSESSED"
"EXT-000972","D3_AI_ACT","False","False","False","False","False","False","False","False","","NO","NONE","NO","NOT_ASSESSED","NOT_ASSESSED"
"EXT-000973","D3_AI_ACT","False","False","False","False","False","False","False","False","","NO","NONE","NO","NOT_ASSESSED","NOT_ASSESSED"
"EXT-000974","D3_AI_ACT","False","False","False","False","False","False","False","False","OBJECT_MUST_NOT_FUNCTION_AS_RESIDUAL_BUCKET","UNCERTAIN","COMPLEX","NO","NOT_ASSESSED","NOT_ASSESSED"
"EXT-000975","D3_AI_ACT","False","False","False","False","False","False","False","False","","NO","NONE","NO","NOT_ASSESSED","NOT_ASSESSED"
"EXT-000976","D3_AI_ACT","False","False","False","False","False","False","True","False","PROPOSITION_BOUNDARIES_MUST_BE_PRESERVED;TEMPORAL_SPATIAL_MANNER_MODIFIERS_ARE_NOT_CORE_ACTION_OR_OBJECT;OBJECT_MUST_NOT_FUNCTION_AS_RESIDUAL_BUCKET","YES","MODERATE","NO","NOT_ASSESSED","NOT_ASSESSED"
"EXT-000977","D3_AI_ACT","False","False","False","False","False","False","True","False","PREPOSITION_DOES_NOT_IMPLY_RECIPIENT;PROPOSITION_BOUNDARIES_MUST_BE_PRESERVED;TEMPORAL_SPATIAL_MANNER_MODIFIERS_ARE_NOT_CORE_ACTION_OR_OBJECT;OBJECT_MUST_NOT_FUNCTION_AS_RESIDUAL_BUCKET","YES","MODERATE","NO","NOT_ASSESSED","NOT_ASSESSED"
"EXT-000978","D3_AI_ACT","False","False","False","False","False","False","False","False","","NO","NONE","NO","NOT_ASSESSED","NOT_ASSESSED"
"EXT-000979","D3_AI_ACT","False","False","False","False","False","False","False","False","EXPLICIT_RELATIONAL_ACTOR_MUST_NOT_BE_DROPPED","YES","MODERATE","NO","NOT_ASSESSED","NOT_ASSESSED"
"EXT-000980","D3_AI_ACT","False","False","False","False","False","False","False","False","EXPLICIT_RELATIONAL_ACTOR_MUST_NOT_BE_DROPPED","YES","MODERATE","NO","NOT_ASSESSED","NOT_ASSESSED"
"EXT-000981","D3_AI_ACT","False","False","False","False","False","False","False","False","","NO","NONE","NO","NOT_ASSESSED","NOT_ASSESSED"
"EXT-000982","D3_AI_ACT","False","False","False","False","False","False","False","False","","NO","NONE","NO","NOT_ASSESSED","NOT_ASSESSED"
"EXT-000983","D3_AI_ACT","False","False","False","False","False","False","False","False","","NO","NONE","NO","NOT_ASSESSED","NOT_ASSESSED"
"EXT-000984","D3_AI_ACT","False","False","False","False","False","False","True","True","PROPOSITION_BOUNDARIES_MUST_BE_PRESERVED;COORDINATED_PREDICATES_MUST_REMAIN_DISTINCT;TEMPORAL_SPATIAL_MANNER_MODIFIERS_ARE_NOT_CORE_ACTION_OR_OBJECT;OBJECT_MUST_NOT_FUNCTION_AS_RESIDUAL_BUCKET","YES","COMPLEX","NO","NOT_ASSESSED","NOT_ASSESSED"
"EXT-000985","D3_AI_ACT","False","False","False","False","False","False","True","False","PROPOSITION_BOUNDARIES_MUST_BE_PRESERVED;TEMPORAL_SPATIAL_MANNER_MODIFIERS_ARE_NOT_CORE_ACTION_OR_OBJECT;OBJECT_MUST_NOT_FUNCTION_AS_RESIDUAL_BUCKET","YES","MODERATE","NO","NOT_ASSESSED","NOT_ASSESSED"
"EXT-000986","D3_AI_ACT","False","False","False","False","False","False","False","True","COORDINATED_PREDICATES_MUST_REMAIN_DISTINCT","UNCERTAIN","COMPLEX","NO","NOT_ASSESSED","NOT_ASSESSED"
"EXT-000987","D3_AI_ACT","False","False","False","False","False","False","False","False","PREPOSITION_DOES_NOT_IMPLY_RECIPIENT","UNCERTAIN","MODERATE","NO","NOT_ASSESSED","NOT_ASSESSED"
"EXT-000988","D3_AI_ACT","False","False","False","False","False","False","False","False","PREPOSITION_DOES_NOT_IMPLY_RECIPIENT;OBJECT_MUST_NOT_FUNCTION_AS_RESIDUAL_BUCKET","UNCERTAIN","COMPLEX","NO","NOT_ASSESSED","NOT_ASSESSED"
"EXT-000989","D3_AI_ACT","False","False","False","False","False","False","True","False","PREPOSITION_DOES_NOT_IMPLY_RECIPIENT;PROPOSITION_BOUNDARIES_MUST_BE_PRESERVED;TEMPORAL_SPATIAL_MANNER_MODIFIERS_ARE_NOT_CORE_ACTION_OR_OBJECT;OBJECT_MUST_NOT_FUNCTION_AS_RESIDUAL_BUCKET","YES","MODERATE","NO","NOT_ASSESSED","NOT_ASSESSED"
"EXT-000990","D3_AI_ACT","False","False","False","False","False","False","False","False","OBJECT_MUST_NOT_FUNCTION_AS_RESIDUAL_BUCKET","UNCERTAIN","COMPLEX","NO","NOT_ASSESSED","NOT_ASSESSED"
"EXT-000991","D3_AI_ACT","False","False","False","False","False","False","True","False","PROPOSITION_BOUNDARIES_MUST_BE_PRESERVED;TEMPORAL_SPATIAL_MANNER_MODIFIERS_ARE_NOT_CORE_ACTION_OR_OBJECT;OBJECT_MUST_NOT_FUNCTION_AS_RESIDUAL_BUCKET","YES","MODERATE","NO","NOT_ASSESSED","NOT_ASSESSED"
"EXT-000992","D3_AI_ACT","False","False","False","False","False","False","True","False","PROPOSITION_BOUNDARIES_MUST_BE_PRESERVED;TEMPORAL_SPATIAL_MANNER_MODIFIERS_ARE_NOT_CORE_ACTION_OR_OBJECT;OBJECT_MUST_NOT_FUNCTION_AS_RESIDUAL_BUCKET","YES","MODERATE","NO","NOT_ASSESSED","NOT_ASSESSED"
"EXT-000993","D3_AI_ACT","False","False","False","False","False","False","False","False","OBJECT_MUST_NOT_FUNCTION_AS_RESIDUAL_BUCKET","UNCERTAIN","COMPLEX","NO","NOT_ASSESSED","NOT_ASSESSED"
"EXT-000994","D3_AI_ACT","False","False","False","False","False","False","False","False","OBJECT_MUST_NOT_FUNCTION_AS_RESIDUAL_BUCKET","UNCERTAIN","COMPLEX","NO","NOT_ASSESSED","NOT_ASSESSED"
"EXT-000995","D3_AI_ACT","False","False","False","False","False","False","False","True","COORDINATED_PREDICATES_MUST_REMAIN_DISTINCT;OBJECT_MUST_NOT_FUNCTION_AS_RESIDUAL_BUCKET","YES","COMPLEX","NO","NOT_ASSESSED","NOT_ASSESSED"
"EXT-000996","D3_AI_ACT","False","False","False","False","False","False","False","False","","NO","NONE","NO","NOT_ASSESSED","NOT_ASSESSED"
"EXT-000997","D3_AI_ACT","False","False","False","False","False","False","False","False","","NO","NONE","NO","NOT_ASSESSED","NOT_ASSESSED"
"EXT-000998","D3_AI_ACT","False","False","False","False","False","False","False","False","","NO","NONE","NO","NOT_ASSESSED","NOT_ASSESSED"
"EXT-000999","D3_AI_ACT","False","False","False","False","False","False","False","False","","NO","NONE","NO","NO","NO"
"EXT-001000","D3_AI_ACT","False","False","False","False","False","False","False","False","","NO","NONE","NO","NOT_ASSESSED","NOT_ASSESSED"
"EXT-001001","D3_AI_ACT","False","False","False","False","False","False","False","False","","NO","NONE","NO","NOT_ASSESSED","NOT_ASSESSED"
"EXT-001002","D3_AI_ACT","False","False","False","False","False","False","False","False","","NO","NONE","NO","NOT_ASSESSED","NOT_ASSESSED"
"EXT-001003","D3_AI_ACT","False","False","False","False","False","False","False","False","PREPOSITION_DOES_NOT_IMPLY_RECIPIENT","UNCERTAIN","MODERATE","NO","NOT_ASSESSED","NOT_ASSESSED"
"EXT-001004","D3_AI_ACT","False","False","False","False","False","False","False","False","PREPOSITION_DOES_NOT_IMPLY_RECIPIENT","UNCERTAIN","MODERATE","NO","NOT_ASSESSED","NOT_ASSESSED"
"EXT-001005","D3_AI_ACT","False","False","False","False","False","False","False","False","","NO","NONE","NO","NOT_ASSESSED","NOT_ASSESSED"
"EXT-001006","D3_AI_ACT","False","False","False","False","False","False","False","False","","NO","NONE","NO","NOT_ASSESSED","NOT_ASSESSED"
"EXT-001007","D3_AI_ACT","False","False","False","False","False","False","False","False","","NO","NONE","NO","NOT_ASSESSED","NOT_ASSESSED"
"EXT-001008","D3_AI_ACT","False","False","False","False","False","False","False","True","COORDINATED_PREDICATES_MUST_REMAIN_DISTINCT;OBJECT_MUST_NOT_FUNCTION_AS_RESIDUAL_BUCKET","YES","COMPLEX","NO","NOT_ASSESSED","NOT_ASSESSED"
"EXT-001009","D3_AI_ACT","False","False","False","False","False","False","False","False","","NO","NONE","NO","NOT_ASSESSED","NOT_ASSESSED"
"EXT-001010","D3_AI_ACT","False","False","False","False","False","False","False","False","","NO","NONE","NO","NOT_ASSESSED","NOT_ASSESSED"
"EXT-001011","D3_AI_ACT","False","False","False","False","False","False","False","False","","NO","NONE","NO","NOT_ASSESSED","NOT_ASSESSED"
"EXT-001012","D3_AI_ACT","False","False","False","False","False","False","True","False","PROPOSITION_BOUNDARIES_MUST_BE_PRESERVED;TEMPORAL_SPATIAL_MANNER_MODIFIERS_ARE_NOT_CORE_ACTION_OR_OBJECT;OBJECT_MUST_NOT_FUNCTION_AS_RESIDUAL_BUCKET","YES","MODERATE","NO","NOT_ASSESSED","NOT_ASSESSED"
"EXT-001013","D3_AI_ACT","False","False","False","False","False","False","False","False","PREPOSITION_DOES_NOT_IMPLY_RECIPIENT;OBJECT_MUST_NOT_FUNCTION_AS_RESIDUAL_BUCKET","UNCERTAIN","COMPLEX","NO","NOT_ASSESSED","NOT_ASSESSED"
"EXT-001014","D3_AI_ACT","False","False","False","False","False","False","False","False","","NO","NONE","NO","NOT_ASSESSED","NOT_ASSESSED"
"EXT-001015","D3_AI_ACT","False","False","False","False","False","False","False","False","","NO","NONE","NO","NOT_ASSESSED","NOT_ASSESSED"
"EXT-001016","D3_AI_ACT","False","False","False","False","False","False","True","False","PROPOSITION_BOUNDARIES_MUST_BE_PRESERVED;TEMPORAL_SPATIAL_MANNER_MODIFIERS_ARE_NOT_CORE_ACTION_OR_OBJECT;OBJECT_MUST_NOT_FUNCTION_AS_RESIDUAL_BUCKET","YES","MODERATE","NO","NOT_ASSESSED","NOT_ASSESSED"
"EXT-001017","D3_AI_ACT","False","False","False","False","False","False","False","False","PREPOSITION_DOES_NOT_IMPLY_RECIPIENT","UNCERTAIN","MODERATE","NO","YES","YES"
"EXT-001018","D3_AI_ACT","False","True","False","False","False","False","True","False","PROPOSITION_BOUNDARIES_MUST_BE_PRESERVED;TEMPORAL_SPATIAL_MANNER_MODIFIERS_ARE_NOT_CORE_ACTION_OR_OBJECT;OBJECT_MUST_NOT_FUNCTION_AS_RESIDUAL_BUCKET","YES","MODERATE","NO","NOT_ASSESSED","NOT_ASSESSED"
"EXT-001019","D3_AI_ACT","False","False","False","False","False","False","True","False","PROPOSITION_BOUNDARIES_MUST_BE_PRESERVED;TEMPORAL_SPATIAL_MANNER_MODIFIERS_ARE_NOT_CORE_ACTION_OR_OBJECT;OBJECT_MUST_NOT_FUNCTION_AS_RESIDUAL_BUCKET","YES","MODERATE","NO","NOT_ASSESSED","NOT_ASSESSED"
"EXT-001020","D3_AI_ACT","False","False","False","False","False","False","False","False","","NO","NONE","NO","NOT_ASSESSED","NOT_ASSESSED"
"EXT-001021","D3_AI_ACT","False","False","False","False","False","False","True","False","PROPOSITION_BOUNDARIES_MUST_BE_PRESERVED;TEMPORAL_SPATIAL_MANNER_MODIFIERS_ARE_NOT_CORE_ACTION_OR_OBJECT;OBJECT_MUST_NOT_FUNCTION_AS_RESIDUAL_BUCKET","YES","MODERATE","NO","NOT_ASSESSED","NOT_ASSESSED"
"EXT-001022","D3_AI_ACT","False","False","False","False","False","False","False","False","","NO","NONE","NO","NOT_ASSESSED","NOT_ASSESSED"
"EXT-001023","D3_AI_ACT","False","False","False","False","False","False","False","False","","NO","NONE","NO","NOT_ASSESSED","NOT_ASSESSED"
"EXT-001024","D3_AI_ACT","False","False","False","True","False","False","True","False","STRUCTURAL_EXTRACTION_MUST_PRESERVE_LEGAL_VERB;PREPOSITION_DOES_NOT_IMPLY_RECIPIENT;RELATIONAL_ENTITY_MUST_BE_ACTOR_CAPABLE;PROPOSITION_BOUNDARIES_MUST_BE_PRESERVED;TEMPORAL_SPATIAL_MANNER_MODIFIERS_ARE_NOT_CORE_ACTION_OR_OBJECT;OBJECT_MUST_NOT_FUNCTION_AS_RESIDUAL_BUCKET","YES","COMPLEX","NO","NOT_ASSESSED","NOT_ASSESSED"
"EXT-001025","D3_AI_ACT","False","False","False","False","False","False","True","False","PREPOSITION_DOES_NOT_IMPLY_RECIPIENT;RELATIONAL_ENTITY_MUST_BE_ACTOR_CAPABLE;PROPOSITION_BOUNDARIES_MUST_BE_PRESERVED;TEMPORAL_SPATIAL_MANNER_MODIFIERS_ARE_NOT_CORE_ACTION_OR_OBJECT;OBJECT_MUST_NOT_FUNCTION_AS_RESIDUAL_BUCKET","YES","MODERATE","NO","NOT_ASSESSED","NOT_ASSESSED"
"EXT-001026","D3_AI_ACT","False","False","False","False","False","False","False","False","PREPOSITION_DOES_NOT_IMPLY_RECIPIENT;RELATIONAL_ENTITY_MUST_BE_ACTOR_CAPABLE","YES","SIMPLE","NO","NOT_ASSESSED","NOT_ASSESSED"
"EXT-001027","D3_AI_ACT","False","False","False","False","False","False","True","False","PREPOSITION_DOES_NOT_IMPLY_RECIPIENT;RELATIONAL_ENTITY_MUST_BE_ACTOR_CAPABLE;PROPOSITION_BOUNDARIES_MUST_BE_PRESERVED;TEMPORAL_SPATIAL_MANNER_MODIFIERS_ARE_NOT_CORE_ACTION_OR_OBJECT;OBJECT_MUST_NOT_FUNCTION_AS_RESIDUAL_BUCKET","YES","MODERATE","NO","NOT_ASSESSED","NOT_ASSESSED"
"EXT-001028","D3_AI_ACT","False","False","False","False","False","False","True","False","PROPOSITION_BOUNDARIES_MUST_BE_PRESERVED;TEMPORAL_SPATIAL_MANNER_MODIFIERS_ARE_NOT_CORE_ACTION_OR_OBJECT;OBJECT_MUST_NOT_FUNCTION_AS_RESIDUAL_BUCKET","YES","MODERATE","NO","NOT_ASSESSED","NOT_ASSESSED"
"EXT-001029","D3_AI_ACT","False","False","False","True","False","False","False","True","STRUCTURAL_EXTRACTION_MUST_PRESERVE_LEGAL_VERB;PREPOSITION_DOES_NOT_IMPLY_RECIPIENT;COORDINATED_PREDICATES_MUST_REMAIN_DISTINCT;OBJECT_MUST_NOT_FUNCTION_AS_RESIDUAL_BUCKET","YES","COMPLEX","NO","NOT_ASSESSED","NOT_ASSESSED"
"EXT-001030","D3_AI_ACT","False","False","False","False","False","False","False","False","EXPLICIT_RELATIONAL_ACTOR_MUST_NOT_BE_DROPPED","YES","MODERATE","NO","NOT_ASSESSED","NOT_ASSESSED"
"EXT-001031","D3_AI_ACT","False","False","False","False","False","False","False","False","OBJECT_MUST_NOT_FUNCTION_AS_RESIDUAL_BUCKET","UNCERTAIN","COMPLEX","NO","NOT_ASSESSED","NOT_ASSESSED"
"EXT-001032","D3_AI_ACT","False","False","False","False","False","False","False","False","","NO","NONE","NO","NOT_ASSESSED","NOT_ASSESSED"
"EXT-001033","D3_AI_ACT","False","False","False","False","False","False","True","False","PREPOSITION_DOES_NOT_IMPLY_RECIPIENT;PROPOSITION_BOUNDARIES_MUST_BE_PRESERVED;TEMPORAL_SPATIAL_MANNER_MODIFIERS_ARE_NOT_CORE_ACTION_OR_OBJECT;OBJECT_MUST_NOT_FUNCTION_AS_RESIDUAL_BUCKET","YES","MODERATE","NO","NOT_ASSESSED","NOT_ASSESSED"
"EXT-001034","D3_AI_ACT","False","False","False","False","False","False","False","False","PREPOSITION_DOES_NOT_IMPLY_RECIPIENT","UNCERTAIN","MODERATE","NO","NOT_ASSESSED","NOT_ASSESSED"
"EXT-001035","D3_AI_ACT","False","False","False","False","False","False","False","False","","NO","NONE","NO","NOT_ASSESSED","NOT_ASSESSED"
"EXT-001036","D3_AI_ACT","False","False","False","False","False","False","True","False","PREPOSITION_DOES_NOT_IMPLY_RECIPIENT;PROPOSITION_BOUNDARIES_MUST_BE_PRESERVED;TEMPORAL_SPATIAL_MANNER_MODIFIERS_ARE_NOT_CORE_ACTION_OR_OBJECT;OBJECT_MUST_NOT_FUNCTION_AS_RESIDUAL_BUCKET","YES","MODERATE","NO","NOT_ASSESSED","NOT_ASSESSED"
"EXT-001037","D3_AI_ACT","False","False","False","False","False","False","False","False","","NO","NONE","NO","NOT_ASSESSED","NOT_ASSESSED"
"EXT-001038","D3_AI_ACT","False","False","False","False","False","False","False","False","PREPOSITION_DOES_NOT_IMPLY_RECIPIENT","UNCERTAIN","MODERATE","NO","NOT_ASSESSED","NOT_ASSESSED"
"EXT-001039","D3_AI_ACT","False","False","False","False","False","False","False","True","PREPOSITION_DOES_NOT_IMPLY_RECIPIENT;COORDINATED_PREDICATES_MUST_REMAIN_DISTINCT;OBJECT_MUST_NOT_FUNCTION_AS_RESIDUAL_BUCKET","YES","COMPLEX","NO","NOT_ASSESSED","NOT_ASSESSED"
"EXT-001040","D3_AI_ACT","False","False","False","False","False","False","False","False","PREPOSITION_DOES_NOT_IMPLY_RECIPIENT","UNCERTAIN","MODERATE","NO","NOT_ASSESSED","NOT_ASSESSED"
"EXT-001041","D3_AI_ACT","False","False","False","False","False","False","False","False","PREPOSITION_DOES_NOT_IMPLY_RECIPIENT","UNCERTAIN","MODERATE","NO","NOT_ASSESSED","NOT_ASSESSED"
"EXT-001042","D3_AI_ACT","False","False","False","False","False","False","False","False","","NO","NONE","NO","NOT_ASSESSED","NOT_ASSESSED"
"EXT-001043","D3_AI_ACT","False","False","False","False","False","False","True","False","PROPOSITION_BOUNDARIES_MUST_BE_PRESERVED;TEMPORAL_SPATIAL_MANNER_MODIFIERS_ARE_NOT_CORE_ACTION_OR_OBJECT;OBJECT_MUST_NOT_FUNCTION_AS_RESIDUAL_BUCKET","YES","COMPLEX","NO","NOT_ASSESSED","NOT_ASSESSED"
"EXT-001044","D3_AI_ACT","False","False","False","False","False","False","True","False","PROPOSITION_BOUNDARIES_MUST_BE_PRESERVED;TEMPORAL_SPATIAL_MANNER_MODIFIERS_ARE_NOT_CORE_ACTION_OR_OBJECT;EXPLICIT_RELATIONAL_ACTOR_MUST_NOT_BE_DROPPED;OBJECT_MUST_NOT_FUNCTION_AS_RESIDUAL_BUCKET","YES","MODERATE","NO","NOT_ASSESSED","NOT_ASSESSED"
"EXT-001045","D3_AI_ACT","False","False","False","False","False","False","True","False","PROPOSITION_BOUNDARIES_MUST_BE_PRESERVED;TEMPORAL_SPATIAL_MANNER_MODIFIERS_ARE_NOT_CORE_ACTION_OR_OBJECT;EXPLICIT_RELATIONAL_ACTOR_MUST_NOT_BE_DROPPED;OBJECT_MUST_NOT_FUNCTION_AS_RESIDUAL_BUCKET","YES","MODERATE","NO","NOT_ASSESSED","NOT_ASSESSED"
"EXT-001046","D3_AI_ACT","False","False","False","False","False","False","False","False","","NO","NONE","NO","NOT_ASSESSED","NOT_ASSESSED"
"EXT-001047","D3_AI_ACT","False","False","False","False","False","False","False","False","","NO","NONE","NO","NOT_ASSESSED","NOT_ASSESSED"
"EXT-001048","D3_AI_ACT","False","False","False","False","False","False","False","False","","NO","NONE","NO","NOT_ASSESSED","NOT_ASSESSED"
"EXT-001049","D3_AI_ACT","False","False","False","False","False","False","False","False","PREPOSITION_DOES_NOT_IMPLY_RECIPIENT","UNCERTAIN","MODERATE","NO","NOT_ASSESSED","NOT_ASSESSED"
"EXT-001050","D3_AI_ACT","False","False","False","False","False","False","False","True","PREPOSITION_DOES_NOT_IMPLY_RECIPIENT;COORDINATED_PREDICATES_MUST_REMAIN_DISTINCT;OBJECT_MUST_NOT_FUNCTION_AS_RESIDUAL_BUCKET","YES","COMPLEX","NO","NOT_ASSESSED","NOT_ASSESSED"
"EXT-001051","D3_AI_ACT","False","False","False","False","False","False","False","False","PREPOSITION_DOES_NOT_IMPLY_RECIPIENT","UNCERTAIN","MODERATE","NO","NOT_ASSESSED","NOT_ASSESSED"
"EXT-001052","D3_AI_ACT","False","False","False","False","False","False","True","True","PREPOSITION_DOES_NOT_IMPLY_RECIPIENT;PROPOSITION_BOUNDARIES_MUST_BE_PRESERVED;COORDINATED_PREDICATES_MUST_REMAIN_DISTINCT;TEMPORAL_SPATIAL_MANNER_MODIFIERS_ARE_NOT_CORE_ACTION_OR_OBJECT;OBJECT_MUST_NOT_FUNCTION_AS_RESIDUAL_BUCKET","YES","COMPLEX","NO","NOT_ASSESSED","NOT_ASSESSED"
"EXT-001053","D3_AI_ACT","False","False","False","False","False","False","True","False","PROPOSITION_BOUNDARIES_MUST_BE_PRESERVED;TEMPORAL_SPATIAL_MANNER_MODIFIERS_ARE_NOT_CORE_ACTION_OR_OBJECT;OBJECT_MUST_NOT_FUNCTION_AS_RESIDUAL_BUCKET","YES","MODERATE","NO","NOT_ASSESSED","NOT_ASSESSED"
"EXT-001054","D3_AI_ACT","False","False","False","False","False","False","False","False","PREPOSITION_DOES_NOT_IMPLY_RECIPIENT;OBJECT_MUST_NOT_FUNCTION_AS_RESIDUAL_BUCKET","UNCERTAIN","COMPLEX","NO","NOT_ASSESSED","NOT_ASSESSED"
"EXT-001055","D3_AI_ACT","False","False","False","False","False","False","False","False","PREPOSITION_DOES_NOT_IMPLY_RECIPIENT","UNCERTAIN","MODERATE","NO","NOT_ASSESSED","NOT_ASSESSED"
"EXT-001056","D3_AI_ACT","False","False","False","False","False","False","True","True","PROPOSITION_BOUNDARIES_MUST_BE_PRESERVED;COORDINATED_PREDICATES_MUST_REMAIN_DISTINCT;TEMPORAL_SPATIAL_MANNER_MODIFIERS_ARE_NOT_CORE_ACTION_OR_OBJECT;OBJECT_MUST_NOT_FUNCTION_AS_RESIDUAL_BUCKET","YES","COMPLEX","NO","NOT_ASSESSED","NOT_ASSESSED"
"EXT-001057","D3_AI_ACT","False","False","False","False","False","False","False","False","PREPOSITION_DOES_NOT_IMPLY_RECIPIENT;RELATIONAL_ENTITY_MUST_BE_ACTOR_CAPABLE","YES","SIMPLE","NO","NOT_ASSESSED","NOT_ASSESSED"
"EXT-001058","D3_AI_ACT","False","False","False","False","False","False","False","False","","NO","NONE","NO","NOT_ASSESSED","NOT_ASSESSED"
"EXT-001059","D3_AI_ACT","False","False","False","False","False","False","True","False","PREPOSITION_DOES_NOT_IMPLY_RECIPIENT;RELATIONAL_ENTITY_MUST_BE_ACTOR_CAPABLE;PROPOSITION_BOUNDARIES_MUST_BE_PRESERVED;TEMPORAL_SPATIAL_MANNER_MODIFIERS_ARE_NOT_CORE_ACTION_OR_OBJECT;OBJECT_MUST_NOT_FUNCTION_AS_RESIDUAL_BUCKET","YES","MODERATE","NO","NOT_ASSESSED","NOT_ASSESSED"
"EXT-001060","D3_AI_ACT","False","False","False","False","False","False","False","False","","NO","NONE","NO","NOT_ASSESSED","NOT_ASSESSED"
"EXT-001061","D3_AI_ACT","False","False","False","False","False","False","False","False","","NO","NONE","NO","NOT_ASSESSED","NOT_ASSESSED"
"EXT-001062","D3_AI_ACT","False","False","False","False","False","False","False","False","OBJECT_MUST_NOT_FUNCTION_AS_RESIDUAL_BUCKET","UNCERTAIN","COMPLEX","NO","NOT_ASSESSED","NOT_ASSESSED"
"EXT-001063","D3_AI_ACT","False","False","False","False","False","False","False","False","OBJECT_MUST_NOT_FUNCTION_AS_RESIDUAL_BUCKET","UNCERTAIN","COMPLEX","NO","NOT_ASSESSED","NOT_ASSESSED"
"EXT-001064","D3_AI_ACT","False","False","False","False","False","False","False","False","","NO","NONE","NO","NOT_ASSESSED","NOT_ASSESSED"
"EXT-001065","D3_AI_ACT","False","False","False","False","False","False","True","False","PROPOSITION_BOUNDARIES_MUST_BE_PRESERVED;TEMPORAL_SPATIAL_MANNER_MODIFIERS_ARE_NOT_CORE_ACTION_OR_OBJECT;OBJECT_MUST_NOT_FUNCTION_AS_RESIDUAL_BUCKET","YES","MODERATE","NO","NOT_ASSESSED","NOT_ASSESSED"
"EXT-001066","D3_AI_ACT","False","False","False","False","False","False","False","True","COORDINATED_PREDICATES_MUST_REMAIN_DISTINCT;OBJECT_MUST_NOT_FUNCTION_AS_RESIDUAL_BUCKET","YES","COMPLEX","NO","NOT_ASSESSED","NOT_ASSESSED"
"EXT-001067","D3_AI_ACT","False","False","False","False","False","False","False","False","","NO","NONE","NO","NOT_ASSESSED","NOT_ASSESSED"
"EXT-001068","D3_AI_ACT","False","False","False","False","False","False","False","False","","NO","NONE","NO","NOT_ASSESSED","NOT_ASSESSED"
"EXT-001069","D3_AI_ACT","False","False","False","False","False","False","False","False","","NO","NONE","NO","NOT_ASSESSED","NOT_ASSESSED"
"EXT-001070","D3_AI_ACT","False","False","False","False","False","False","False","False","PREPOSITION_DOES_NOT_IMPLY_RECIPIENT","UNCERTAIN","MODERATE","NO","NOT_ASSESSED","NOT_ASSESSED"
"EXT-001071","D3_AI_ACT","False","False","False","False","False","False","True","False","PREPOSITION_DOES_NOT_IMPLY_RECIPIENT;RELATIONAL_ENTITY_MUST_BE_ACTOR_CAPABLE;PROPOSITION_BOUNDARIES_MUST_BE_PRESERVED;TEMPORAL_SPATIAL_MANNER_MODIFIERS_ARE_NOT_CORE_ACTION_OR_OBJECT;OBJECT_MUST_NOT_FUNCTION_AS_RESIDUAL_BUCKET","YES","MODERATE","NO","NOT_ASSESSED","NOT_ASSESSED"
"EXT-001072","D3_AI_ACT","False","False","False","False","False","False","False","False","PREPOSITION_DOES_NOT_IMPLY_RECIPIENT","UNCERTAIN","MODERATE","NO","NOT_ASSESSED","NOT_ASSESSED"
"EXT-001073","D3_AI_ACT","False","False","False","False","False","False","False","False","","NO","NONE","NO","NOT_ASSESSED","NOT_ASSESSED"
"EXT-001074","D3_AI_ACT","False","False","False","False","False","False","False","True","COORDINATED_PREDICATES_MUST_REMAIN_DISTINCT;OBJECT_MUST_NOT_FUNCTION_AS_RESIDUAL_BUCKET","YES","COMPLEX","NO","NOT_ASSESSED","NOT_ASSESSED"
"EXT-001075","D3_AI_ACT","False","False","False","False","False","False","False","False","PREPOSITION_DOES_NOT_IMPLY_RECIPIENT","UNCERTAIN","MODERATE","NO","NOT_ASSESSED","NOT_ASSESSED"
"EXT-001076","D3_AI_ACT","False","False","False","False","False","False","False","True","COORDINATED_PREDICATES_MUST_REMAIN_DISTINCT;OBJECT_MUST_NOT_FUNCTION_AS_RESIDUAL_BUCKET","YES","COMPLEX","NO","NOT_ASSESSED","NOT_ASSESSED"
"EXT-001077","D3_AI_ACT","False","False","False","False","False","False","False","False","","NO","NONE","NO","NOT_ASSESSED","NOT_ASSESSED"
"EXT-001078","D3_AI_ACT","False","False","False","False","False","False","False","True","PREPOSITION_DOES_NOT_IMPLY_RECIPIENT;RELATIONAL_ENTITY_MUST_BE_ACTOR_CAPABLE;COORDINATED_PREDICATES_MUST_REMAIN_DISTINCT","YES","COMPLEX","NO","NOT_ASSESSED","NOT_ASSESSED"
"EXT-001079","D3_AI_ACT","False","False","False","False","False","False","False","False","","NO","NONE","NO","NOT_ASSESSED","NOT_ASSESSED"
"EXT-001080","D3_AI_ACT","False","False","False","False","False","False","False","False","PREPOSITION_DOES_NOT_IMPLY_RECIPIENT;RELATIONAL_ENTITY_MUST_BE_ACTOR_CAPABLE","YES","SIMPLE","NO","NOT_ASSESSED","NOT_ASSESSED"
"EXT-001081","D3_AI_ACT","False","False","False","False","False","False","False","False","EMBEDDED_SOURCE_RELATION_MUST_NOT_BE_PROMOTED","UNCERTAIN","MODERATE","NO","NOT_ASSESSED","NOT_ASSESSED"
"EXT-001082","D3_AI_ACT","False","False","False","False","False","False","False","True","EMBEDDED_SOURCE_RELATION_MUST_NOT_BE_PROMOTED;COORDINATED_PREDICATES_MUST_REMAIN_DISTINCT;OBJECT_MUST_NOT_FUNCTION_AS_RESIDUAL_BUCKET","YES","COMPLEX","NO","NOT_ASSESSED","NOT_ASSESSED"
"EXT-001083","D3_AI_ACT","False","False","False","False","False","False","False","False","OBJECT_MUST_NOT_FUNCTION_AS_RESIDUAL_BUCKET","UNCERTAIN","COMPLEX","NO","NOT_ASSESSED","NOT_ASSESSED"
"EXT-001084","D3_AI_ACT","False","False","False","False","False","False","False","False","PREPOSITION_DOES_NOT_IMPLY_RECIPIENT;RELATIONAL_ENTITY_MUST_BE_ACTOR_CAPABLE","YES","SIMPLE","NO","NOT_ASSESSED","NOT_ASSESSED"
"EXT-001085","D3_AI_ACT","False","False","False","False","False","False","False","False","","NO","NONE","NO","NOT_ASSESSED","NOT_ASSESSED"
"EXT-001086","D3_AI_ACT","False","False","False","False","False","False","False","False","","NO","NONE","NO","NOT_ASSESSED","NOT_ASSESSED"
"EXT-001087","D3_AI_ACT","False","False","False","False","False","False","False","True","PREPOSITION_DOES_NOT_IMPLY_RECIPIENT;RELATIONAL_ENTITY_MUST_BE_ACTOR_CAPABLE;COORDINATED_PREDICATES_MUST_REMAIN_DISTINCT;OBJECT_MUST_NOT_FUNCTION_AS_RESIDUAL_BUCKET","YES","COMPLEX","NO","NOT_ASSESSED","NOT_ASSESSED"
"EXT-001088","D3_AI_ACT","False","False","False","False","False","False","False","True","PREPOSITION_DOES_NOT_IMPLY_RECIPIENT;RELATIONAL_ENTITY_MUST_BE_ACTOR_CAPABLE;COORDINATED_PREDICATES_MUST_REMAIN_DISTINCT;OBJECT_MUST_NOT_FUNCTION_AS_RESIDUAL_BUCKET","YES","COMPLEX","NO","NOT_ASSESSED","NOT_ASSESSED"
"EXT-001089","D3_AI_ACT","False","False","False","False","False","False","True","False","PREPOSITION_DOES_NOT_IMPLY_RECIPIENT;PROPOSITION_BOUNDARIES_MUST_BE_PRESERVED;TEMPORAL_SPATIAL_MANNER_MODIFIERS_ARE_NOT_CORE_ACTION_OR_OBJECT;OBJECT_MUST_NOT_FUNCTION_AS_RESIDUAL_BUCKET","YES","MODERATE","NO","NOT_ASSESSED","NOT_ASSESSED"
"EXT-001090","D3_AI_ACT","False","False","False","False","False","False","True","True","PROPOSITION_BOUNDARIES_MUST_BE_PRESERVED;COORDINATED_PREDICATES_MUST_REMAIN_DISTINCT;TEMPORAL_SPATIAL_MANNER_MODIFIERS_ARE_NOT_CORE_ACTION_OR_OBJECT;OBJECT_MUST_NOT_FUNCTION_AS_RESIDUAL_BUCKET","YES","COMPLEX","NO","NOT_ASSESSED","NOT_ASSESSED"
"EXT-001091","D3_AI_ACT","False","False","False","False","False","False","False","True","COORDINATED_PREDICATES_MUST_REMAIN_DISTINCT;OBJECT_MUST_NOT_FUNCTION_AS_RESIDUAL_BUCKET","YES","COMPLEX","NO","NOT_ASSESSED","NOT_ASSESSED"
"EXT-001092","D3_AI_ACT","False","False","False","False","False","False","True","False","PREPOSITION_DOES_NOT_IMPLY_RECIPIENT;RELATIONAL_ENTITY_MUST_BE_ACTOR_CAPABLE;PROPOSITION_BOUNDARIES_MUST_BE_PRESERVED;TEMPORAL_SPATIAL_MANNER_MODIFIERS_ARE_NOT_CORE_ACTION_OR_OBJECT;OBJECT_MUST_NOT_FUNCTION_AS_RESIDUAL_BUCKET","YES","MODERATE","NO","NOT_ASSESSED","NOT_ASSESSED"
"EXT-001093","D3_AI_ACT","False","False","False","False","False","False","False","False","PREPOSITION_DOES_NOT_IMPLY_RECIPIENT","UNCERTAIN","MODERATE","NO","NOT_ASSESSED","NOT_ASSESSED"
"EXT-001094","D3_AI_ACT","False","False","False","False","False","False","False","False","PREPOSITION_DOES_NOT_IMPLY_RECIPIENT","UNCERTAIN","MODERATE","NO","NOT_ASSESSED","NOT_ASSESSED"
"EXT-001095","D3_AI_ACT","False","False","False","False","False","False","False","False","","NO","NONE","NO","NOT_ASSESSED","NOT_ASSESSED"
"EXT-001096","D3_AI_ACT","False","False","False","False","False","False","False","False","","NO","NONE","NO","NOT_ASSESSED","NOT_ASSESSED"
"EXT-001097","D3_AI_ACT","False","False","False","False","False","False","False","True","COORDINATED_PREDICATES_MUST_REMAIN_DISTINCT;EXPLICIT_RELATIONAL_ACTOR_MUST_NOT_BE_DROPPED;OBJECT_MUST_NOT_FUNCTION_AS_RESIDUAL_BUCKET","YES","COMPLEX","NO","NOT_ASSESSED","NOT_ASSESSED"
"EXT-001098","D3_AI_ACT","False","False","False","False","False","False","False","True","COORDINATED_PREDICATES_MUST_REMAIN_DISTINCT;OBJECT_MUST_NOT_FUNCTION_AS_RESIDUAL_BUCKET","YES","COMPLEX","NO","NOT_ASSESSED","NOT_ASSESSED"
"EXT-001099","D3_AI_ACT","False","False","False","False","False","False","False","True","COORDINATED_PREDICATES_MUST_REMAIN_DISTINCT;OBJECT_MUST_NOT_FUNCTION_AS_RESIDUAL_BUCKET","YES","COMPLEX","NO","NOT_ASSESSED","NOT_ASSESSED"
"EXT-001100","D3_AI_ACT","False","False","False","False","False","False","False","False","","NO","NONE","NO","NOT_ASSESSED","NOT_ASSESSED"
"EXT-001101","D3_AI_ACT","False","False","False","False","False","False","True","False","PROPOSITION_BOUNDARIES_MUST_BE_PRESERVED;TEMPORAL_SPATIAL_MANNER_MODIFIERS_ARE_NOT_CORE_ACTION_OR_OBJECT;OBJECT_MUST_NOT_FUNCTION_AS_RESIDUAL_BUCKET","YES","MODERATE","NO","NOT_ASSESSED","NOT_ASSESSED"
"EXT-001102","D3_AI_ACT","False","False","False","False","False","False","True","False","PROPOSITION_BOUNDARIES_MUST_BE_PRESERVED;TEMPORAL_SPATIAL_MANNER_MODIFIERS_ARE_NOT_CORE_ACTION_OR_OBJECT;OBJECT_MUST_NOT_FUNCTION_AS_RESIDUAL_BUCKET","YES","MODERATE","NO","NOT_ASSESSED","NOT_ASSESSED"
"EXT-001103","D3_AI_ACT","False","False","False","False","False","False","False","False","","NO","NONE","NO","NOT_ASSESSED","NOT_ASSESSED"
"EXT-001104","D3_AI_ACT","False","False","False","False","False","False","True","True","PROPOSITION_BOUNDARIES_MUST_BE_PRESERVED;COORDINATED_PREDICATES_MUST_REMAIN_DISTINCT;TEMPORAL_SPATIAL_MANNER_MODIFIERS_ARE_NOT_CORE_ACTION_OR_OBJECT;OBJECT_MUST_NOT_FUNCTION_AS_RESIDUAL_BUCKET","YES","COMPLEX","NO","NOT_ASSESSED","NOT_ASSESSED"
"EXT-001105","D3_AI_ACT","False","False","False","False","False","False","True","False","PREPOSITION_DOES_NOT_IMPLY_RECIPIENT;PROPOSITION_BOUNDARIES_MUST_BE_PRESERVED;TEMPORAL_SPATIAL_MANNER_MODIFIERS_ARE_NOT_CORE_ACTION_OR_OBJECT;OBJECT_MUST_NOT_FUNCTION_AS_RESIDUAL_BUCKET","YES","MODERATE","NO","NOT_ASSESSED","NOT_ASSESSED"
"EXT-001106","D3_AI_ACT","False","False","False","False","False","False","False","False","PREPOSITION_DOES_NOT_IMPLY_RECIPIENT","UNCERTAIN","MODERATE","NO","NOT_ASSESSED","NOT_ASSESSED"
"EXT-001107","D3_AI_ACT","False","False","False","False","False","False","False","False","PREPOSITION_DOES_NOT_IMPLY_RECIPIENT","UNCERTAIN","MODERATE","NO","NOT_ASSESSED","NOT_ASSESSED"
"EXT-001108","D3_AI_ACT","False","False","False","False","False","False","False","True","PREPOSITION_DOES_NOT_IMPLY_RECIPIENT;COORDINATED_PREDICATES_MUST_REMAIN_DISTINCT;OBJECT_MUST_NOT_FUNCTION_AS_RESIDUAL_BUCKET","YES","COMPLEX","NO","NOT_ASSESSED","NOT_ASSESSED"
"EXT-001109","D3_AI_ACT","False","False","False","False","False","False","False","True","PREPOSITION_DOES_NOT_IMPLY_RECIPIENT;COORDINATED_PREDICATES_MUST_REMAIN_DISTINCT;OBJECT_MUST_NOT_FUNCTION_AS_RESIDUAL_BUCKET","YES","COMPLEX","NO","NOT_ASSESSED","NOT_ASSESSED"
"EXT-001110","D3_AI_ACT","False","False","False","False","False","False","False","False","PREPOSITION_DOES_NOT_IMPLY_RECIPIENT","UNCERTAIN","MODERATE","NO","NOT_ASSESSED","NOT_ASSESSED"
"EXT-001111","D3_AI_ACT","False","False","False","False","False","False","False","True","PREPOSITION_DOES_NOT_IMPLY_RECIPIENT;COORDINATED_PREDICATES_MUST_REMAIN_DISTINCT","UNCERTAIN","COMPLEX","NO","NOT_ASSESSED","NOT_ASSESSED"
"EXT-001112","D3_AI_ACT","False","False","False","False","False","False","False","True","COORDINATED_PREDICATES_MUST_REMAIN_DISTINCT;OBJECT_MUST_NOT_FUNCTION_AS_RESIDUAL_BUCKET","YES","COMPLEX","NO","NOT_ASSESSED","NOT_ASSESSED"
"EXT-001113","D3_AI_ACT","False","False","False","False","False","False","False","False","","NO","NONE","NO","NOT_ASSESSED","NOT_ASSESSED"
"EXT-001114","D3_AI_ACT","False","False","False","False","False","False","True","False","PREPOSITION_DOES_NOT_IMPLY_RECIPIENT;PROPOSITION_BOUNDARIES_MUST_BE_PRESERVED;TEMPORAL_SPATIAL_MANNER_MODIFIERS_ARE_NOT_CORE_ACTION_OR_OBJECT;OBJECT_MUST_NOT_FUNCTION_AS_RESIDUAL_BUCKET","YES","MODERATE","NO","NOT_ASSESSED","NOT_ASSESSED"
"EXT-001115","D3_AI_ACT","False","False","False","False","False","False","False","False","","NO","NONE","NO","NOT_ASSESSED","NOT_ASSESSED"
"EXT-001116","D3_AI_ACT","False","False","False","False","False","False","True","False","PREPOSITION_DOES_NOT_IMPLY_RECIPIENT;RELATIONAL_ENTITY_MUST_BE_ACTOR_CAPABLE;PROPOSITION_BOUNDARIES_MUST_BE_PRESERVED;TEMPORAL_SPATIAL_MANNER_MODIFIERS_ARE_NOT_CORE_ACTION_OR_OBJECT;OBJECT_MUST_NOT_FUNCTION_AS_RESIDUAL_BUCKET","YES","MODERATE","NO","NOT_ASSESSED","NOT_ASSESSED"
"EXT-001117","D3_AI_ACT","False","False","False","False","False","False","False","False","PREPOSITION_DOES_NOT_IMPLY_RECIPIENT;RELATIONAL_ENTITY_MUST_BE_ACTOR_CAPABLE;OBJECT_MUST_NOT_FUNCTION_AS_RESIDUAL_BUCKET","YES","COMPLEX","NO","NOT_ASSESSED","NOT_ASSESSED"
"EXT-001118","D3_AI_ACT","False","False","False","False","False","False","False","False","","NO","NONE","NO","NOT_ASSESSED","NOT_ASSESSED"
"EXT-001119","D3_AI_ACT","False","False","False","False","False","False","False","False","","NO","NONE","NO","NOT_ASSESSED","NOT_ASSESSED"
"EXT-001120","D3_AI_ACT","False","False","False","False","False","False","False","False","","NO","NONE","NO","NOT_ASSESSED","NOT_ASSESSED"
"EXT-001121","D3_AI_ACT","False","False","False","False","False","False","False","False","PREPOSITION_DOES_NOT_IMPLY_RECIPIENT;RELATIONAL_ENTITY_MUST_BE_ACTOR_CAPABLE","YES","SIMPLE","NO","NOT_ASSESSED","NOT_ASSESSED"
"EXT-001122","D3_AI_ACT","False","False","False","False","False","False","False","False","","NO","NONE","NO","NOT_ASSESSED","NOT_ASSESSED"
"EXT-001123","D3_AI_ACT","False","False","False","False","False","False","False","False","","NO","NONE","NO","NOT_ASSESSED","NOT_ASSESSED"
"EXT-001124","D3_AI_ACT","False","False","False","False","False","False","False","False","","NO","NONE","NO","NOT_ASSESSED","NOT_ASSESSED"
"EXT-001125","D3_AI_ACT","False","False","False","False","False","False","True","True","PROPOSITION_BOUNDARIES_MUST_BE_PRESERVED;COORDINATED_PREDICATES_MUST_REMAIN_DISTINCT;TEMPORAL_SPATIAL_MANNER_MODIFIERS_ARE_NOT_CORE_ACTION_OR_OBJECT;OBJECT_MUST_NOT_FUNCTION_AS_RESIDUAL_BUCKET","YES","COMPLEX","NO","NOT_ASSESSED","NOT_ASSESSED"
"EXT-001126","D3_AI_ACT","False","False","False","False","False","False","False","False","EXPLICIT_RELATIONAL_ACTOR_MUST_NOT_BE_DROPPED","YES","MODERATE","NO","NOT_ASSESSED","NOT_ASSESSED"
"EXT-001127","D3_AI_ACT","False","False","False","False","False","False","False","False","","NO","NONE","NO","NOT_ASSESSED","NOT_ASSESSED"
"EXT-001128","D3_AI_ACT","False","False","False","False","False","False","True","False","PROPOSITION_BOUNDARIES_MUST_BE_PRESERVED;TEMPORAL_SPATIAL_MANNER_MODIFIERS_ARE_NOT_CORE_ACTION_OR_OBJECT;OBJECT_MUST_NOT_FUNCTION_AS_RESIDUAL_BUCKET","YES","MODERATE","NO","NOT_ASSESSED","NOT_ASSESSED"
"EXT-001129","D3_AI_ACT","False","False","False","False","False","False","True","False","PROPOSITION_BOUNDARIES_MUST_BE_PRESERVED;TEMPORAL_SPATIAL_MANNER_MODIFIERS_ARE_NOT_CORE_ACTION_OR_OBJECT;OBJECT_MUST_NOT_FUNCTION_AS_RESIDUAL_BUCKET","YES","MODERATE","NO","NOT_ASSESSED","NOT_ASSESSED"
"EXT-001130","D3_AI_ACT","False","False","False","False","False","False","False","False","PREPOSITION_DOES_NOT_IMPLY_RECIPIENT;RELATIONAL_ENTITY_MUST_BE_ACTOR_CAPABLE","YES","SIMPLE","NO","NOT_ASSESSED","NOT_ASSESSED"
"EXT-001131","D3_AI_ACT","False","False","False","False","False","False","False","False","","NO","NONE","NO","NOT_ASSESSED","NOT_ASSESSED"
"EXT-001132","D3_AI_ACT","False","False","False","False","False","False","False","False","PREPOSITION_DOES_NOT_IMPLY_RECIPIENT","UNCERTAIN","MODERATE","NO","NOT_ASSESSED","NOT_ASSESSED"
"EXT-001133","D3_AI_ACT","False","False","False","False","False","False","False","False","OBJECT_MUST_NOT_FUNCTION_AS_RESIDUAL_BUCKET","UNCERTAIN","COMPLEX","NO","NOT_ASSESSED","NOT_ASSESSED"
"EXT-001134","D3_AI_ACT","False","False","False","False","False","False","False","False","","NO","NONE","NO","NOT_ASSESSED","NOT_ASSESSED"
"EXT-001135","D3_AI_ACT","False","False","False","False","False","False","False","False","","NO","NONE","NO","NOT_ASSESSED","NOT_ASSESSED"
"EXT-001136","D3_AI_ACT","False","False","False","False","False","False","True","False","PROPOSITION_BOUNDARIES_MUST_BE_PRESERVED;TEMPORAL_SPATIAL_MANNER_MODIFIERS_ARE_NOT_CORE_ACTION_OR_OBJECT;OBJECT_MUST_NOT_FUNCTION_AS_RESIDUAL_BUCKET","YES","MODERATE","NO","NOT_ASSESSED","NOT_ASSESSED"
"EXT-001137","D3_AI_ACT","False","False","False","False","False","False","False","True","COORDINATED_PREDICATES_MUST_REMAIN_DISTINCT;OBJECT_MUST_NOT_FUNCTION_AS_RESIDUAL_BUCKET","YES","COMPLEX","NO","NOT_ASSESSED","NOT_ASSESSED"
"EXT-001138","D3_AI_ACT","False","False","False","False","False","False","False","False","","NO","NONE","NO","NOT_ASSESSED","NOT_ASSESSED"
"EXT-001139","D3_AI_ACT","False","False","False","False","False","False","False","False","","NO","NONE","NO","NOT_ASSESSED","NOT_ASSESSED"
"EXT-001140","D3_AI_ACT","False","False","False","False","False","False","False","False","OBJECT_MUST_NOT_FUNCTION_AS_RESIDUAL_BUCKET","UNCERTAIN","COMPLEX","NO","NOT_ASSESSED","NOT_ASSESSED"
"EXT-001141","D3_AI_ACT","False","False","False","False","False","False","False","False","","NO","NONE","NO","NOT_ASSESSED","NOT_ASSESSED"
"EXT-001142","D3_AI_ACT","False","False","False","False","False","False","False","False","RELATIONAL_ENTITY_MUST_BE_ACTOR_CAPABLE;OBJECT_MUST_NOT_FUNCTION_AS_RESIDUAL_BUCKET","YES","COMPLEX","NO","NOT_ASSESSED","NOT_ASSESSED"
"EXT-001143","D3_AI_ACT","False","False","False","False","False","False","True","False","PREPOSITION_DOES_NOT_IMPLY_RECIPIENT;PROPOSITION_BOUNDARIES_MUST_BE_PRESERVED;TEMPORAL_SPATIAL_MANNER_MODIFIERS_ARE_NOT_CORE_ACTION_OR_OBJECT;OBJECT_MUST_NOT_FUNCTION_AS_RESIDUAL_BUCKET","YES","MODERATE","NO","NOT_ASSESSED","NOT_ASSESSED"
"EXT-001144","D3_AI_ACT","False","False","False","False","False","False","False","False","","NO","NONE","NO","NOT_ASSESSED","NOT_ASSESSED"
"EXT-001145","D3_AI_ACT","False","False","False","False","False","False","False","True","COORDINATED_PREDICATES_MUST_REMAIN_DISTINCT;OBJECT_MUST_NOT_FUNCTION_AS_RESIDUAL_BUCKET","YES","COMPLEX","NO","NOT_ASSESSED","NOT_ASSESSED"
"EXT-001146","D3_AI_ACT","False","False","False","False","False","False","False","False","","NO","NONE","NO","NOT_ASSESSED","NOT_ASSESSED"
"EXT-001147","D3_AI_ACT","False","False","False","False","False","False","True","False","PROPOSITION_BOUNDARIES_MUST_BE_PRESERVED;TEMPORAL_SPATIAL_MANNER_MODIFIERS_ARE_NOT_CORE_ACTION_OR_OBJECT;OBJECT_MUST_NOT_FUNCTION_AS_RESIDUAL_BUCKET","YES","MODERATE","NO","NOT_ASSESSED","NOT_ASSESSED"
"EXT-001148","D3_AI_ACT","False","False","False","False","False","False","False","False","PREPOSITION_DOES_NOT_IMPLY_RECIPIENT","UNCERTAIN","MODERATE","NO","NOT_ASSESSED","NOT_ASSESSED"
"EXT-001149","D3_AI_ACT","False","False","False","False","False","False","False","False","PREPOSITION_DOES_NOT_IMPLY_RECIPIENT","UNCERTAIN","MODERATE","NO","NOT_ASSESSED","NOT_ASSESSED"
"EXT-001150","D3_AI_ACT","False","False","False","False","False","False","True","False","PREPOSITION_DOES_NOT_IMPLY_RECIPIENT;PROPOSITION_BOUNDARIES_MUST_BE_PRESERVED;TEMPORAL_SPATIAL_MANNER_MODIFIERS_ARE_NOT_CORE_ACTION_OR_OBJECT;OBJECT_MUST_NOT_FUNCTION_AS_RESIDUAL_BUCKET","YES","MODERATE","NO","NOT_ASSESSED","NOT_ASSESSED"
"EXT-001151","D3_AI_ACT","False","False","False","False","False","False","True","False","PROPOSITION_BOUNDARIES_MUST_BE_PRESERVED;TEMPORAL_SPATIAL_MANNER_MODIFIERS_ARE_NOT_CORE_ACTION_OR_OBJECT;OBJECT_MUST_NOT_FUNCTION_AS_RESIDUAL_BUCKET","YES","COMPLEX","NO","NOT_ASSESSED","NOT_ASSESSED"
"EXT-001152","D3_AI_ACT","False","False","False","False","False","False","False","False","","NO","NONE","NO","NOT_ASSESSED","NOT_ASSESSED"
"EXT-001153","D3_AI_ACT","False","False","False","False","False","False","False","True","COORDINATED_PREDICATES_MUST_REMAIN_DISTINCT;OBJECT_MUST_NOT_FUNCTION_AS_RESIDUAL_BUCKET","YES","COMPLEX","NO","NOT_ASSESSED","NOT_ASSESSED"
"EXT-001154","D3_AI_ACT","False","False","False","False","False","False","False","True","COORDINATED_PREDICATES_MUST_REMAIN_DISTINCT;OBJECT_MUST_NOT_FUNCTION_AS_RESIDUAL_BUCKET","YES","COMPLEX","NO","NOT_ASSESSED","NOT_ASSESSED"
"EXT-001155","D3_AI_ACT","False","False","False","False","False","False","False","False","OBJECT_MUST_NOT_FUNCTION_AS_RESIDUAL_BUCKET","UNCERTAIN","COMPLEX","NO","NOT_ASSESSED","NOT_ASSESSED"
"EXT-001156","D3_AI_ACT","False","False","False","False","False","False","True","False","PROPOSITION_BOUNDARIES_MUST_BE_PRESERVED;TEMPORAL_SPATIAL_MANNER_MODIFIERS_ARE_NOT_CORE_ACTION_OR_OBJECT;OBJECT_MUST_NOT_FUNCTION_AS_RESIDUAL_BUCKET","YES","MODERATE","NO","NOT_ASSESSED","NOT_ASSESSED"
"EXT-001157","D3_AI_ACT","False","False","False","False","False","False","False","False","","NO","NONE","NO","NOT_ASSESSED","NOT_ASSESSED"
"EXT-001158","D3_AI_ACT","False","False","False","False","False","False","False","True","COORDINATED_PREDICATES_MUST_REMAIN_DISTINCT","UNCERTAIN","COMPLEX","NO","NOT_ASSESSED","NOT_ASSESSED"
"EXT-001159","D3_AI_ACT","False","False","False","False","False","False","False","False","","NO","NONE","NO","NOT_ASSESSED","NOT_ASSESSED"
"EXT-001160","D3_AI_ACT","False","False","False","False","False","False","False","False","PREPOSITION_DOES_NOT_IMPLY_RECIPIENT;RELATIONAL_ENTITY_MUST_BE_ACTOR_CAPABLE","YES","SIMPLE","NO","NOT_ASSESSED","NOT_ASSESSED"
"EXT-001161","D3_AI_ACT","False","False","False","False","False","False","False","False","","NO","NONE","NO","NOT_ASSESSED","NOT_ASSESSED"
"EXT-001162","D3_AI_ACT","False","False","False","False","False","False","False","False","OBJECT_MUST_NOT_FUNCTION_AS_RESIDUAL_BUCKET","UNCERTAIN","COMPLEX","NO","NOT_ASSESSED","NOT_ASSESSED"
"EXT-001163","D3_AI_ACT","False","False","False","False","False","False","False","False","","NO","NONE","NO","NOT_ASSESSED","NOT_ASSESSED"
"EXT-001164","D3_AI_ACT","False","False","False","False","False","False","False","False","PREPOSITION_DOES_NOT_IMPLY_RECIPIENT","UNCERTAIN","MODERATE","NO","NOT_ASSESSED","NOT_ASSESSED"
"EXT-001165","D3_AI_ACT","False","False","False","False","False","False","True","False","PREPOSITION_DOES_NOT_IMPLY_RECIPIENT;PROPOSITION_BOUNDARIES_MUST_BE_PRESERVED;TEMPORAL_SPATIAL_MANNER_MODIFIERS_ARE_NOT_CORE_ACTION_OR_OBJECT;OBJECT_MUST_NOT_FUNCTION_AS_RESIDUAL_BUCKET","YES","MODERATE","NO","NOT_ASSESSED","NOT_ASSESSED"
"EXT-001166","D3_AI_ACT","False","False","False","True","False","False","True","True","STRUCTURAL_EXTRACTION_MUST_PRESERVE_LEGAL_VERB;PROPOSITION_BOUNDARIES_MUST_BE_PRESERVED;COORDINATED_PREDICATES_MUST_REMAIN_DISTINCT;TEMPORAL_SPATIAL_MANNER_MODIFIERS_ARE_NOT_CORE_ACTION_OR_OBJECT;OBJECT_MUST_NOT_FUNCTION_AS_RESIDUAL_BUCKET","YES","COMPLEX","NO","NOT_ASSESSED","NOT_ASSESSED"
"EXT-001167","D3_AI_ACT","False","False","False","False","False","False","True","True","PREPOSITION_DOES_NOT_IMPLY_RECIPIENT;PROPOSITION_BOUNDARIES_MUST_BE_PRESERVED;COORDINATED_PREDICATES_MUST_REMAIN_DISTINCT;TEMPORAL_SPATIAL_MANNER_MODIFIERS_ARE_NOT_CORE_ACTION_OR_OBJECT;OBJECT_MUST_NOT_FUNCTION_AS_RESIDUAL_BUCKET","YES","COMPLEX","NO","NOT_ASSESSED","NOT_ASSESSED"
"EXT-001168","D3_AI_ACT","False","False","False","False","False","False","False","False","PREPOSITION_DOES_NOT_IMPLY_RECIPIENT;RELATIONAL_ENTITY_MUST_BE_ACTOR_CAPABLE","YES","SIMPLE","NO","NOT_ASSESSED","NOT_ASSESSED"
"EXT-001169","D3_AI_ACT","False","False","False","False","False","False","False","True","PREPOSITION_DOES_NOT_IMPLY_RECIPIENT;COORDINATED_PREDICATES_MUST_REMAIN_DISTINCT;OBJECT_MUST_NOT_FUNCTION_AS_RESIDUAL_BUCKET","YES","COMPLEX","NO","NOT_ASSESSED","NOT_ASSESSED"
"EXT-001170","D3_AI_ACT","False","False","False","False","False","False","True","False","PROPOSITION_BOUNDARIES_MUST_BE_PRESERVED;TEMPORAL_SPATIAL_MANNER_MODIFIERS_ARE_NOT_CORE_ACTION_OR_OBJECT;OBJECT_MUST_NOT_FUNCTION_AS_RESIDUAL_BUCKET","YES","MODERATE","NO","NOT_ASSESSED","NOT_ASSESSED"
"EXT-001171","D3_AI_ACT","False","False","False","False","False","False","False","False","","NO","NONE","NO","NOT_ASSESSED","NOT_ASSESSED"
"EXT-001172","D3_AI_ACT","False","False","False","False","False","False","False","False","EXPLICIT_RELATIONAL_ACTOR_MUST_NOT_BE_DROPPED","YES","MODERATE","NO","NOT_ASSESSED","NOT_ASSESSED"
"EXT-001173","D3_AI_ACT","False","False","False","False","False","False","True","False","PREPOSITION_DOES_NOT_IMPLY_RECIPIENT;PROPOSITION_BOUNDARIES_MUST_BE_PRESERVED;TEMPORAL_SPATIAL_MANNER_MODIFIERS_ARE_NOT_CORE_ACTION_OR_OBJECT;OBJECT_MUST_NOT_FUNCTION_AS_RESIDUAL_BUCKET","YES","MODERATE","NO","NOT_ASSESSED","NOT_ASSESSED"
"EXT-001174","D3_AI_ACT","False","False","False","False","False","False","False","True","PREPOSITION_DOES_NOT_IMPLY_RECIPIENT;COORDINATED_PREDICATES_MUST_REMAIN_DISTINCT;OBJECT_MUST_NOT_FUNCTION_AS_RESIDUAL_BUCKET","YES","COMPLEX","NO","NOT_ASSESSED","NOT_ASSESSED"
"EXT-001175","D3_AI_ACT","False","False","False","False","False","False","False","True","PREPOSITION_DOES_NOT_IMPLY_RECIPIENT;COORDINATED_PREDICATES_MUST_REMAIN_DISTINCT;OBJECT_MUST_NOT_FUNCTION_AS_RESIDUAL_BUCKET","YES","COMPLEX","NO","NOT_ASSESSED","NOT_ASSESSED"
"EXT-001176","D3_AI_ACT","False","False","False","False","False","False","True","False","PREPOSITION_DOES_NOT_IMPLY_RECIPIENT;PROPOSITION_BOUNDARIES_MUST_BE_PRESERVED;TEMPORAL_SPATIAL_MANNER_MODIFIERS_ARE_NOT_CORE_ACTION_OR_OBJECT;OBJECT_MUST_NOT_FUNCTION_AS_RESIDUAL_BUCKET","YES","MODERATE","NO","NOT_ASSESSED","NOT_ASSESSED"
"EXT-001177","D3_AI_ACT","False","False","False","False","False","False","False","False","","NO","NONE","NO","NOT_ASSESSED","NOT_ASSESSED"
"EXT-001178","D3_AI_ACT","False","False","False","False","False","False","True","False","PROPOSITION_BOUNDARIES_MUST_BE_PRESERVED;TEMPORAL_SPATIAL_MANNER_MODIFIERS_ARE_NOT_CORE_ACTION_OR_OBJECT;OBJECT_MUST_NOT_FUNCTION_AS_RESIDUAL_BUCKET","YES","MODERATE","NO","NOT_ASSESSED","NOT_ASSESSED"
"EXT-001179","D3_AI_ACT","False","False","False","False","False","False","False","False","PREPOSITION_DOES_NOT_IMPLY_RECIPIENT","UNCERTAIN","MODERATE","NO","NOT_ASSESSED","NOT_ASSESSED"
"EXT-001180","D3_AI_ACT","False","False","False","False","False","False","False","False","PREPOSITION_DOES_NOT_IMPLY_RECIPIENT;RELATIONAL_ENTITY_MUST_BE_ACTOR_CAPABLE","YES","SIMPLE","NO","NOT_ASSESSED","NOT_ASSESSED"
"EXT-001181","D3_AI_ACT","False","False","False","False","False","False","False","False","PREPOSITION_DOES_NOT_IMPLY_RECIPIENT;RELATIONAL_ENTITY_MUST_BE_ACTOR_CAPABLE","YES","SIMPLE","NO","NOT_ASSESSED","NOT_ASSESSED"
"EXT-001182","D3_AI_ACT","False","False","False","False","False","False","False","False","RELATIONAL_ENTITY_MUST_BE_ACTOR_CAPABLE;OBJECT_MUST_NOT_FUNCTION_AS_RESIDUAL_BUCKET","YES","COMPLEX","NO","NOT_ASSESSED","NOT_ASSESSED"
"EXT-001183","D3_AI_ACT","False","False","False","False","False","False","False","False","RELATIONAL_ENTITY_MUST_BE_ACTOR_CAPABLE","YES","SIMPLE","NO","NOT_ASSESSED","NOT_ASSESSED"
"EXT-001184","D3_AI_ACT","False","False","False","False","False","False","False","False","PREPOSITION_DOES_NOT_IMPLY_RECIPIENT;OBJECT_MUST_NOT_FUNCTION_AS_RESIDUAL_BUCKET","UNCERTAIN","COMPLEX","NO","NOT_ASSESSED","NOT_ASSESSED"
"EXT-001185","D3_AI_ACT","False","False","False","False","False","False","False","False","PREPOSITION_DOES_NOT_IMPLY_RECIPIENT","UNCERTAIN","MODERATE","NO","NOT_ASSESSED","NOT_ASSESSED"
"EXT-001186","D3_AI_ACT","False","False","False","False","False","False","False","False","","NO","NONE","NO","NOT_ASSESSED","NOT_ASSESSED"
"EXT-001187","D3_AI_ACT","False","False","False","False","False","False","False","False","PREPOSITION_DOES_NOT_IMPLY_RECIPIENT","UNCERTAIN","MODERATE","NO","NOT_ASSESSED","NOT_ASSESSED"
"EXT-001188","D3_AI_ACT","False","False","False","False","False","False","False","False","PREPOSITION_DOES_NOT_IMPLY_RECIPIENT;RELATIONAL_ENTITY_MUST_BE_ACTOR_CAPABLE","YES","SIMPLE","NO","NOT_ASSESSED","NOT_ASSESSED"
"EXT-001189","D3_AI_ACT","False","False","False","False","False","False","False","False","PREPOSITION_DOES_NOT_IMPLY_RECIPIENT;RELATIONAL_ENTITY_MUST_BE_ACTOR_CAPABLE","YES","SIMPLE","NO","NOT_ASSESSED","NOT_ASSESSED"
"EXT-001190","D3_AI_ACT","False","False","False","False","False","False","False","False","PREPOSITION_DOES_NOT_IMPLY_RECIPIENT;RELATIONAL_ENTITY_MUST_BE_ACTOR_CAPABLE","YES","SIMPLE","NO","NOT_ASSESSED","NOT_ASSESSED"
"EXT-001191","D3_AI_ACT","False","False","False","False","False","False","False","False","PREPOSITION_DOES_NOT_IMPLY_RECIPIENT;RELATIONAL_ENTITY_MUST_BE_ACTOR_CAPABLE","YES","SIMPLE","NO","NOT_ASSESSED","NOT_ASSESSED"
"EXT-001192","D3_AI_ACT","False","False","False","False","False","False","False","False","PREPOSITION_DOES_NOT_IMPLY_RECIPIENT","UNCERTAIN","MODERATE","NO","NOT_ASSESSED","NOT_ASSESSED"
"EXT-001193","D3_AI_ACT","False","False","False","False","False","False","False","False","PREPOSITION_DOES_NOT_IMPLY_RECIPIENT;RELATIONAL_ENTITY_MUST_BE_ACTOR_CAPABLE","YES","SIMPLE","NO","NOT_ASSESSED","NOT_ASSESSED"
"EXT-001194","D3_AI_ACT","False","False","False","False","False","False","False","False","","NO","NONE","NO","NOT_ASSESSED","NOT_ASSESSED"
"EXT-001195","D3_AI_ACT","False","False","False","False","False","False","False","True","PREPOSITION_DOES_NOT_IMPLY_RECIPIENT;RELATIONAL_ENTITY_MUST_BE_ACTOR_CAPABLE;COORDINATED_PREDICATES_MUST_REMAIN_DISTINCT;OBJECT_MUST_NOT_FUNCTION_AS_RESIDUAL_BUCKET","YES","COMPLEX","NO","NOT_ASSESSED","NOT_ASSESSED"
"EXT-001196","D3_AI_ACT","False","False","False","False","False","False","True","False","PROPOSITION_BOUNDARIES_MUST_BE_PRESERVED;TEMPORAL_SPATIAL_MANNER_MODIFIERS_ARE_NOT_CORE_ACTION_OR_OBJECT;OBJECT_MUST_NOT_FUNCTION_AS_RESIDUAL_BUCKET","YES","MODERATE","NO","NOT_ASSESSED","NOT_ASSESSED"
"EXT-001197","D3_AI_ACT","False","False","False","False","False","False","False","False","PREPOSITION_DOES_NOT_IMPLY_RECIPIENT;RELATIONAL_ENTITY_MUST_BE_ACTOR_CAPABLE","YES","SIMPLE","NO","NOT_ASSESSED","NOT_ASSESSED"
"EXT-001198","D3_AI_ACT","False","False","False","False","False","False","False","True","COORDINATED_PREDICATES_MUST_REMAIN_DISTINCT;OBJECT_MUST_NOT_FUNCTION_AS_RESIDUAL_BUCKET","YES","COMPLEX","NO","NOT_ASSESSED","NOT_ASSESSED"
"EXT-001199","D3_AI_ACT","False","False","False","False","False","False","False","True","COORDINATED_PREDICATES_MUST_REMAIN_DISTINCT","UNCERTAIN","COMPLEX","NO","NOT_ASSESSED","NOT_ASSESSED"
"EXT-001200","D3_AI_ACT","False","False","False","False","False","False","False","False","","NO","NONE","NO","NOT_ASSESSED","NOT_ASSESSED"
"EXT-001201","D3_AI_ACT","False","False","True","False","False","False","False","False","PRESERVE_LEGAL_MODALITY;PREPOSITION_DOES_NOT_IMPLY_RECIPIENT","UNCERTAIN","MODERATE","NO","NOT_ASSESSED","NOT_ASSESSED"
"EXT-001202","D3_AI_ACT","False","False","False","False","False","False","False","False","PREPOSITION_DOES_NOT_IMPLY_RECIPIENT","UNCERTAIN","MODERATE","NO","NOT_ASSESSED","NOT_ASSESSED"
"EXT-001203","D3_AI_ACT","False","False","False","False","False","False","False","False","PREPOSITION_DOES_NOT_IMPLY_RECIPIENT","UNCERTAIN","MODERATE","NO","NOT_ASSESSED","NOT_ASSESSED"
"EXT-001204","D3_AI_ACT","False","False","False","False","False","False","True","False","PROPOSITION_BOUNDARIES_MUST_BE_PRESERVED;TEMPORAL_SPATIAL_MANNER_MODIFIERS_ARE_NOT_CORE_ACTION_OR_OBJECT;OBJECT_MUST_NOT_FUNCTION_AS_RESIDUAL_BUCKET","YES","MODERATE","NO","NOT_ASSESSED","NOT_ASSESSED"
"EXT-001205","D3_AI_ACT","False","False","False","False","False","False","False","True","COORDINATED_PREDICATES_MUST_REMAIN_DISTINCT;OBJECT_MUST_NOT_FUNCTION_AS_RESIDUAL_BUCKET","YES","COMPLEX","NO","NOT_ASSESSED","NOT_ASSESSED"
"EXT-001206","D3_AI_ACT","False","False","False","False","False","False","True","True","PROPOSITION_BOUNDARIES_MUST_BE_PRESERVED;COORDINATED_PREDICATES_MUST_REMAIN_DISTINCT;TEMPORAL_SPATIAL_MANNER_MODIFIERS_ARE_NOT_CORE_ACTION_OR_OBJECT;OBJECT_MUST_NOT_FUNCTION_AS_RESIDUAL_BUCKET","YES","COMPLEX","NO","NOT_ASSESSED","NOT_ASSESSED"
"EXT-001207","D3_AI_ACT","False","True","False","False","False","False","True","True","PROPOSITION_BOUNDARIES_MUST_BE_PRESERVED;COORDINATED_PREDICATES_MUST_REMAIN_DISTINCT;TEMPORAL_SPATIAL_MANNER_MODIFIERS_ARE_NOT_CORE_ACTION_OR_OBJECT;OBJECT_MUST_NOT_FUNCTION_AS_RESIDUAL_BUCKET","YES","COMPLEX","NO","NOT_ASSESSED","NOT_ASSESSED"
"EXT-001208","D3_AI_ACT","False","False","False","False","False","False","False","False","","NO","NONE","NO","NOT_ASSESSED","NOT_ASSESSED"
"EXT-001209","D3_AI_ACT","False","False","False","False","False","False","False","False","","NO","NONE","NO","NOT_ASSESSED","NOT_ASSESSED"
"EXT-001210","D3_AI_ACT","False","False","False","False","False","False","False","False","","NO","NONE","NO","NOT_ASSESSED","NOT_ASSESSED"
"EXT-001211","D3_AI_ACT","False","False","False","False","False","False","False","False","","NO","NONE","NO","NOT_ASSESSED","NOT_ASSESSED"
"EXT-001212","D3_AI_ACT","False","False","False","False","False","False","False","False","TEMPORAL_SPATIAL_MANNER_MODIFIERS_ARE_NOT_CORE_ACTION_OR_OBJECT","UNCERTAIN","MODERATE","NO","NOT_ASSESSED","NOT_ASSESSED"
"EXT-001213","D3_AI_ACT","False","False","False","False","False","False","False","False","PREPOSITION_DOES_NOT_IMPLY_RECIPIENT","UNCERTAIN","MODERATE","NO","NOT_ASSESSED","NOT_ASSESSED"
"EXT-001214","D3_AI_ACT","False","False","False","False","False","False","True","False","PREPOSITION_DOES_NOT_IMPLY_RECIPIENT;PROPOSITION_BOUNDARIES_MUST_BE_PRESERVED;TEMPORAL_SPATIAL_MANNER_MODIFIERS_ARE_NOT_CORE_ACTION_OR_OBJECT;OBJECT_MUST_NOT_FUNCTION_AS_RESIDUAL_BUCKET","YES","MODERATE","NO","NOT_ASSESSED","NOT_ASSESSED"
"EXT-001215","D3_AI_ACT","False","False","False","False","False","False","False","False","","NO","NONE","NO","NOT_ASSESSED","NOT_ASSESSED"
"EXT-001216","D3_AI_ACT","False","False","False","False","False","False","True","False","PREPOSITION_DOES_NOT_IMPLY_RECIPIENT;RELATIONAL_ENTITY_MUST_BE_ACTOR_CAPABLE;PROPOSITION_BOUNDARIES_MUST_BE_PRESERVED;TEMPORAL_SPATIAL_MANNER_MODIFIERS_ARE_NOT_CORE_ACTION_OR_OBJECT;OBJECT_MUST_NOT_FUNCTION_AS_RESIDUAL_BUCKET","YES","MODERATE","NO","NOT_ASSESSED","NOT_ASSESSED"
"EXT-001217","D3_AI_ACT","False","False","False","False","False","False","False","False","PREPOSITION_DOES_NOT_IMPLY_RECIPIENT;RELATIONAL_ENTITY_MUST_BE_ACTOR_CAPABLE","YES","SIMPLE","NO","NOT_ASSESSED","NOT_ASSESSED"
"EXT-001218","D3_AI_ACT","False","False","False","False","False","False","False","False","PREPOSITION_DOES_NOT_IMPLY_RECIPIENT;RELATIONAL_ENTITY_MUST_BE_ACTOR_CAPABLE","YES","SIMPLE","NO","NOT_ASSESSED","NOT_ASSESSED"
"EXT-001219","D3_AI_ACT","False","False","False","False","False","False","False","False","","NO","NONE","NO","NOT_ASSESSED","NOT_ASSESSED"
"EXT-001220","D3_AI_ACT","False","False","False","False","False","False","False","False","","NO","NONE","NO","NOT_ASSESSED","NOT_ASSESSED"
"EXT-001221","D3_AI_ACT","False","False","False","False","False","False","True","False","PROPOSITION_BOUNDARIES_MUST_BE_PRESERVED;TEMPORAL_SPATIAL_MANNER_MODIFIERS_ARE_NOT_CORE_ACTION_OR_OBJECT;OBJECT_MUST_NOT_FUNCTION_AS_RESIDUAL_BUCKET","YES","MODERATE","NO","NOT_ASSESSED","NOT_ASSESSED"
"EXT-001222","D3_AI_ACT","False","False","False","False","False","False","False","False","PREPOSITION_DOES_NOT_IMPLY_RECIPIENT","UNCERTAIN","MODERATE","NO","NOT_ASSESSED","NOT_ASSESSED"
"EXT-001223","D3_AI_ACT","False","False","False","False","False","False","False","True","PREPOSITION_DOES_NOT_IMPLY_RECIPIENT;COORDINATED_PREDICATES_MUST_REMAIN_DISTINCT;OBJECT_MUST_NOT_FUNCTION_AS_RESIDUAL_BUCKET","YES","COMPLEX","NO","NOT_ASSESSED","NOT_ASSESSED"
"EXT-001224","D3_AI_ACT","False","False","False","False","False","False","True","False","PROPOSITION_BOUNDARIES_MUST_BE_PRESERVED;TEMPORAL_SPATIAL_MANNER_MODIFIERS_ARE_NOT_CORE_ACTION_OR_OBJECT;OBJECT_MUST_NOT_FUNCTION_AS_RESIDUAL_BUCKET","YES","MODERATE","NO","NOT_ASSESSED","NOT_ASSESSED"
"EXT-001225","D3_AI_ACT","False","False","False","False","False","False","False","False","TEMPORAL_SPATIAL_MANNER_MODIFIERS_ARE_NOT_CORE_ACTION_OR_OBJECT","UNCERTAIN","MODERATE","NO","NOT_ASSESSED","NOT_ASSESSED"
"EXT-001226","D3_AI_ACT","False","False","False","False","False","False","False","False","","NO","NONE","NO","NOT_ASSESSED","NOT_ASSESSED"
"EXT-001227","D3_AI_ACT","False","False","False","False","False","False","False","False","","NO","NONE","NO","NOT_ASSESSED","NOT_ASSESSED"
"EXT-001228","D3_AI_ACT","False","False","False","False","False","False","False","True","COORDINATED_PREDICATES_MUST_REMAIN_DISTINCT;EXPLICIT_RELATIONAL_ACTOR_MUST_NOT_BE_DROPPED;OBJECT_MUST_NOT_FUNCTION_AS_RESIDUAL_BUCKET","YES","COMPLEX","NO","NOT_ASSESSED","NOT_ASSESSED"
"EXT-001229","D3_AI_ACT","False","False","False","False","False","False","True","False","PROPOSITION_BOUNDARIES_MUST_BE_PRESERVED;TEMPORAL_SPATIAL_MANNER_MODIFIERS_ARE_NOT_CORE_ACTION_OR_OBJECT;OBJECT_MUST_NOT_FUNCTION_AS_RESIDUAL_BUCKET","YES","MODERATE","NO","NOT_ASSESSED","NOT_ASSESSED"
"EXT-001230","D3_AI_ACT","False","False","False","False","False","False","False","True","COORDINATED_PREDICATES_MUST_REMAIN_DISTINCT;OBJECT_MUST_NOT_FUNCTION_AS_RESIDUAL_BUCKET","YES","COMPLEX","NO","NOT_ASSESSED","NOT_ASSESSED"
"EXT-001231","D3_AI_ACT","False","False","False","False","False","False","False","True","COORDINATED_PREDICATES_MUST_REMAIN_DISTINCT;OBJECT_MUST_NOT_FUNCTION_AS_RESIDUAL_BUCKET","YES","COMPLEX","NO","NOT_ASSESSED","NOT_ASSESSED"
"EXT-001232","D3_AI_ACT","False","False","False","False","False","False","False","False","PREPOSITION_DOES_NOT_IMPLY_RECIPIENT","UNCERTAIN","MODERATE","NO","NOT_ASSESSED","NOT_ASSESSED"
"EXT-001233","D3_AI_ACT","False","False","False","False","False","False","False","False","","NO","NONE","NO","NOT_ASSESSED","NOT_ASSESSED"
"EXT-001234","D3_AI_ACT","False","False","False","False","False","False","False","False","PREPOSITION_DOES_NOT_IMPLY_RECIPIENT","UNCERTAIN","MODERATE","NO","NOT_ASSESSED","NOT_ASSESSED"
"EXT-001235","D3_AI_ACT","False","False","False","False","False","False","False","True","PREPOSITION_DOES_NOT_IMPLY_RECIPIENT;COORDINATED_PREDICATES_MUST_REMAIN_DISTINCT;OBJECT_MUST_NOT_FUNCTION_AS_RESIDUAL_BUCKET","YES","COMPLEX","NO","NOT_ASSESSED","NOT_ASSESSED"
"EXT-001236","D3_AI_ACT","False","False","False","False","False","False","False","False","PREPOSITION_DOES_NOT_IMPLY_RECIPIENT;RELATIONAL_ENTITY_MUST_BE_ACTOR_CAPABLE","YES","SIMPLE","NO","NOT_ASSESSED","NOT_ASSESSED"
"EXT-001237","D3_AI_ACT","False","False","False","False","False","False","False","False","PRESERVE_MODAL_DEONTIC_LEXICAL_CONSTRUCTION;OBJECT_MUST_NOT_FUNCTION_AS_RESIDUAL_BUCKET","YES","COMPLEX","NO","NOT_ASSESSED","NOT_ASSESSED"
"EXT-001238","D3_AI_ACT","False","False","False","False","False","False","False","False","","NO","NONE","NO","NOT_ASSESSED","NOT_ASSESSED"
"EXT-001239","D3_AI_ACT","False","False","False","False","False","False","False","False","","NO","NONE","NO","NOT_ASSESSED","NOT_ASSESSED"
"EXT-001240","D3_AI_ACT","False","False","False","False","False","False","False","False","PREPOSITION_DOES_NOT_IMPLY_RECIPIENT","UNCERTAIN","MODERATE","NO","NOT_ASSESSED","NOT_ASSESSED"
"EXT-001241","D3_AI_ACT","False","False","False","False","False","False","True","False","PROPOSITION_BOUNDARIES_MUST_BE_PRESERVED;TEMPORAL_SPATIAL_MANNER_MODIFIERS_ARE_NOT_CORE_ACTION_OR_OBJECT;OBJECT_MUST_NOT_FUNCTION_AS_RESIDUAL_BUCKET","YES","MODERATE","NO","NOT_ASSESSED","NOT_ASSESSED"
"EXT-001242","D3_AI_ACT","False","False","False","False","False","False","False","False","PREPOSITION_DOES_NOT_IMPLY_RECIPIENT;OBJECT_MUST_NOT_FUNCTION_AS_RESIDUAL_BUCKET","UNCERTAIN","COMPLEX","NO","NOT_ASSESSED","NOT_ASSESSED"
"EXT-001243","D3_AI_ACT","False","False","False","False","False","False","False","False","PREPOSITION_DOES_NOT_IMPLY_RECIPIENT;RELATIONAL_ENTITY_MUST_BE_ACTOR_CAPABLE","YES","SIMPLE","NO","NOT_ASSESSED","NOT_ASSESSED"
"EXT-001244","D3_AI_ACT","False","False","False","False","False","False","True","False","PROPOSITION_BOUNDARIES_MUST_BE_PRESERVED;TEMPORAL_SPATIAL_MANNER_MODIFIERS_ARE_NOT_CORE_ACTION_OR_OBJECT;OBJECT_MUST_NOT_FUNCTION_AS_RESIDUAL_BUCKET","YES","MODERATE","NO","NOT_ASSESSED","NOT_ASSESSED"
"EXT-001245","D3_AI_ACT","False","False","False","False","False","False","False","False","PREPOSITION_DOES_NOT_IMPLY_RECIPIENT","UNCERTAIN","MODERATE","NO","NOT_ASSESSED","NOT_ASSESSED"
"EXT-001246","D3_AI_ACT","False","False","False","False","False","False","True","False","PROPOSITION_BOUNDARIES_MUST_BE_PRESERVED;TEMPORAL_SPATIAL_MANNER_MODIFIERS_ARE_NOT_CORE_ACTION_OR_OBJECT;OBJECT_MUST_NOT_FUNCTION_AS_RESIDUAL_BUCKET","YES","MODERATE","NO","NOT_ASSESSED","NOT_ASSESSED"
"EXT-001247","D3_AI_ACT","False","False","False","False","False","False","False","False","","NO","NONE","NO","NOT_ASSESSED","NOT_ASSESSED"
"EXT-001248","D3_AI_ACT","False","False","False","False","False","False","False","False","","NO","NONE","NO","NOT_ASSESSED","NOT_ASSESSED"
"EXT-001249","D3_AI_ACT","False","False","False","False","False","False","False","False","","NO","NONE","NO","NOT_ASSESSED","NOT_ASSESSED"
"EXT-001250","D3_AI_ACT","False","False","False","False","False","False","False","False","","NO","NONE","NO","NOT_ASSESSED","NOT_ASSESSED"
"EXT-001251","D3_AI_ACT","False","False","False","False","False","False","False","False","PREPOSITION_DOES_NOT_IMPLY_RECIPIENT","UNCERTAIN","MODERATE","NO","NOT_ASSESSED","NOT_ASSESSED"
"EXT-001252","D3_AI_ACT","False","False","False","False","False","False","True","False","PROPOSITION_BOUNDARIES_MUST_BE_PRESERVED;TEMPORAL_SPATIAL_MANNER_MODIFIERS_ARE_NOT_CORE_ACTION_OR_OBJECT;OBJECT_MUST_NOT_FUNCTION_AS_RESIDUAL_BUCKET","YES","MODERATE","NO","NOT_ASSESSED","NOT_ASSESSED"
"EXT-001253","D3_AI_ACT","False","False","False","False","False","False","False","False","EXPLICIT_RELATIONAL_ACTOR_MUST_NOT_BE_DROPPED;OBJECT_MUST_NOT_FUNCTION_AS_RESIDUAL_BUCKET","YES","COMPLEX","NO","NOT_ASSESSED","NOT_ASSESSED"
"EXT-001254","D3_AI_ACT","False","False","False","True","False","False","False","False","STRUCTURAL_EXTRACTION_MUST_PRESERVE_LEGAL_VERB;PREPOSITION_DOES_NOT_IMPLY_RECIPIENT","YES","MODERATE","NO","NOT_ASSESSED","NOT_ASSESSED"
"EXT-001255","D3_AI_ACT","False","False","False","False","False","False","False","False","","NO","NONE","NO","NOT_ASSESSED","NOT_ASSESSED"
"EXT-001256","D3_AI_ACT","False","False","False","False","False","False","True","False","PROPOSITION_BOUNDARIES_MUST_BE_PRESERVED;TEMPORAL_SPATIAL_MANNER_MODIFIERS_ARE_NOT_CORE_ACTION_OR_OBJECT;OBJECT_MUST_NOT_FUNCTION_AS_RESIDUAL_BUCKET","YES","COMPLEX","NO","NOT_ASSESSED","NOT_ASSESSED"
"EXT-001257","D3_AI_ACT","False","False","False","False","False","False","False","False","","NO","NONE","NO","NOT_ASSESSED","NOT_ASSESSED"
"EXT-001258","D3_AI_ACT","False","False","False","False","False","False","False","True","PREPOSITION_DOES_NOT_IMPLY_RECIPIENT;RELATIONAL_ENTITY_MUST_BE_ACTOR_CAPABLE;COORDINATED_PREDICATES_MUST_REMAIN_DISTINCT","YES","COMPLEX","NO","NOT_ASSESSED","NOT_ASSESSED"
"EXT-001259","D3_AI_ACT","False","False","False","False","False","False","False","True","PREPOSITION_DOES_NOT_IMPLY_RECIPIENT;COORDINATED_PREDICATES_MUST_REMAIN_DISTINCT","UNCERTAIN","COMPLEX","NO","NOT_ASSESSED","NOT_ASSESSED"
"EXT-001260","D3_AI_ACT","False","False","False","False","False","False","False","False","","NO","NONE","NO","NOT_ASSESSED","NOT_ASSESSED"
"EXT-001261","D3_AI_ACT","False","False","False","False","False","False","True","False","PROPOSITION_BOUNDARIES_MUST_BE_PRESERVED;TEMPORAL_SPATIAL_MANNER_MODIFIERS_ARE_NOT_CORE_ACTION_OR_OBJECT;OBJECT_MUST_NOT_FUNCTION_AS_RESIDUAL_BUCKET","YES","MODERATE","NO","NOT_ASSESSED","NOT_ASSESSED"
"EXT-001262","D3_AI_ACT","False","False","False","False","False","False","False","False","","UNCERTAIN","MODERATE","NO","YES","YES"
"EXT-001263","D3_AI_ACT","False","False","False","False","False","False","True","False","PREPOSITION_DOES_NOT_IMPLY_RECIPIENT;RELATIONAL_ENTITY_MUST_BE_ACTOR_CAPABLE;PROPOSITION_BOUNDARIES_MUST_BE_PRESERVED;TEMPORAL_SPATIAL_MANNER_MODIFIERS_ARE_NOT_CORE_ACTION_OR_OBJECT","YES","COMPLEX","YES","YES","YES"
"EXT-001264","D3_AI_ACT","False","False","False","False","False","False","True","False","PREPOSITION_DOES_NOT_IMPLY_RECIPIENT;RELATIONAL_ENTITY_MUST_BE_ACTOR_CAPABLE;PROPOSITION_BOUNDARIES_MUST_BE_PRESERVED;TEMPORAL_SPATIAL_MANNER_MODIFIERS_ARE_NOT_CORE_ACTION_OR_OBJECT;OBJECT_MUST_NOT_FUNCTION_AS_RESIDUAL_BUCKET","YES","MODERATE","NO","NOT_ASSESSED","NOT_ASSESSED"
"EXT-001265","D3_AI_ACT","False","False","False","False","False","False","False","False","PREPOSITION_DOES_NOT_IMPLY_RECIPIENT;RELATIONAL_ENTITY_MUST_BE_ACTOR_CAPABLE","YES","SIMPLE","NO","NOT_ASSESSED","NOT_ASSESSED"
"EXT-001266","D3_AI_ACT","False","False","False","False","False","False","False","True","PREPOSITION_DOES_NOT_IMPLY_RECIPIENT;RELATIONAL_ENTITY_MUST_BE_ACTOR_CAPABLE;COORDINATED_PREDICATES_MUST_REMAIN_DISTINCT;OBJECT_MUST_NOT_FUNCTION_AS_RESIDUAL_BUCKET","YES","COMPLEX","NO","NOT_ASSESSED","NOT_ASSESSED"
"EXT-001267","D3_AI_ACT","False","False","False","False","False","False","False","True","PREPOSITION_DOES_NOT_IMPLY_RECIPIENT;RELATIONAL_ENTITY_MUST_BE_ACTOR_CAPABLE;COORDINATED_PREDICATES_MUST_REMAIN_DISTINCT","YES","COMPLEX","NO","YES","YES"
"EXT-001268","D3_AI_ACT","False","False","False","False","False","False","True","False","PREPOSITION_DOES_NOT_IMPLY_RECIPIENT;RELATIONAL_ENTITY_MUST_BE_ACTOR_CAPABLE;PROPOSITION_BOUNDARIES_MUST_BE_PRESERVED;TEMPORAL_SPATIAL_MANNER_MODIFIERS_ARE_NOT_CORE_ACTION_OR_OBJECT;OBJECT_MUST_NOT_FUNCTION_AS_RESIDUAL_BUCKET","YES","MODERATE","NO","NOT_ASSESSED","NOT_ASSESSED"
"EXT-001269","D3_AI_ACT","False","False","False","False","False","False","False","True","PREPOSITION_DOES_NOT_IMPLY_RECIPIENT;COORDINATED_PREDICATES_MUST_REMAIN_DISTINCT","YES","COMPLEX","NO","YES","YES"
"EXT-001270","D3_AI_ACT","False","True","False","False","False","False","False","False","PREPOSITION_DOES_NOT_IMPLY_RECIPIENT","UNCERTAIN","MODERATE","NO","NOT_ASSESSED","NOT_ASSESSED"
"EXT-001271","D3_AI_ACT","False","False","False","False","False","False","True","True","PREPOSITION_DOES_NOT_IMPLY_RECIPIENT;PROPOSITION_BOUNDARIES_MUST_BE_PRESERVED;COORDINATED_PREDICATES_MUST_REMAIN_DISTINCT;TEMPORAL_SPATIAL_MANNER_MODIFIERS_ARE_NOT_CORE_ACTION_OR_OBJECT;OBJECT_MUST_NOT_FUNCTION_AS_RESIDUAL_BUCKET","YES","COMPLEX","NO","NOT_ASSESSED","NOT_ASSESSED"
"EXT-001272","D3_AI_ACT","False","False","False","False","False","False","False","False","PREPOSITION_DOES_NOT_IMPLY_RECIPIENT","UNCERTAIN","MODERATE","NO","NOT_ASSESSED","NOT_ASSESSED"
"EXT-001273","D3_AI_ACT","False","False","False","False","False","False","True","False","PREPOSITION_DOES_NOT_IMPLY_RECIPIENT;PROPOSITION_BOUNDARIES_MUST_BE_PRESERVED;TEMPORAL_SPATIAL_MANNER_MODIFIERS_ARE_NOT_CORE_ACTION_OR_OBJECT;OBJECT_MUST_NOT_FUNCTION_AS_RESIDUAL_BUCKET","YES","COMPLEX","NO","NOT_ASSESSED","NOT_ASSESSED"
"EXT-001274","D3_AI_ACT","False","False","False","False","False","False","True","False","PREPOSITION_DOES_NOT_IMPLY_RECIPIENT;RELATIONAL_ENTITY_MUST_BE_ACTOR_CAPABLE;PROPOSITION_BOUNDARIES_MUST_BE_PRESERVED;TEMPORAL_SPATIAL_MANNER_MODIFIERS_ARE_NOT_CORE_ACTION_OR_OBJECT;OBJECT_MUST_NOT_FUNCTION_AS_RESIDUAL_BUCKET","YES","MODERATE","NO","NOT_ASSESSED","NOT_ASSESSED"
"EXT-001275","D3_AI_ACT","False","False","False","False","False","False","True","False","PREPOSITION_DOES_NOT_IMPLY_RECIPIENT;RELATIONAL_ENTITY_MUST_BE_ACTOR_CAPABLE;PROPOSITION_BOUNDARIES_MUST_BE_PRESERVED;TEMPORAL_SPATIAL_MANNER_MODIFIERS_ARE_NOT_CORE_ACTION_OR_OBJECT;OBJECT_MUST_NOT_FUNCTION_AS_RESIDUAL_BUCKET","YES","MODERATE","NO","NOT_ASSESSED","NOT_ASSESSED"
"EXT-001276","D3_AI_ACT","False","False","False","False","False","False","False","True","PREPOSITION_DOES_NOT_IMPLY_RECIPIENT;RELATIONAL_ENTITY_MUST_BE_ACTOR_CAPABLE;COORDINATED_PREDICATES_MUST_REMAIN_DISTINCT;OBJECT_MUST_NOT_FUNCTION_AS_RESIDUAL_BUCKET","YES","COMPLEX","NO","NOT_ASSESSED","NOT_ASSESSED"
"EXT-001277","D3_AI_ACT","False","False","False","False","False","False","False","False","PREPOSITION_DOES_NOT_IMPLY_RECIPIENT;RELATIONAL_ENTITY_MUST_BE_ACTOR_CAPABLE","YES","SIMPLE","NO","NOT_ASSESSED","NOT_ASSESSED"
"EXT-001278","D3_AI_ACT","False","False","False","False","False","False","True","False","PREPOSITION_DOES_NOT_IMPLY_RECIPIENT;RELATIONAL_ENTITY_MUST_BE_ACTOR_CAPABLE;PROPOSITION_BOUNDARIES_MUST_BE_PRESERVED;TEMPORAL_SPATIAL_MANNER_MODIFIERS_ARE_NOT_CORE_ACTION_OR_OBJECT;OBJECT_MUST_NOT_FUNCTION_AS_RESIDUAL_BUCKET","YES","MODERATE","NO","NOT_ASSESSED","NOT_ASSESSED"
"EXT-001279","D3_AI_ACT","False","False","False","False","False","False","False","False","PREPOSITION_DOES_NOT_IMPLY_RECIPIENT;RELATIONAL_ENTITY_MUST_BE_ACTOR_CAPABLE","YES","SIMPLE","NO","NOT_ASSESSED","NOT_ASSESSED"
"EXT-001280","D3_AI_ACT","False","False","False","False","False","False","False","False","PREPOSITION_DOES_NOT_IMPLY_RECIPIENT;RELATIONAL_ENTITY_MUST_BE_ACTOR_CAPABLE;OBJECT_MUST_NOT_FUNCTION_AS_RESIDUAL_BUCKET","YES","COMPLEX","NO","NOT_ASSESSED","NOT_ASSESSED"
"EXT-001281","D3_AI_ACT","False","False","False","False","False","False","False","False","PREPOSITION_DOES_NOT_IMPLY_RECIPIENT;RELATIONAL_ENTITY_MUST_BE_ACTOR_CAPABLE","YES","SIMPLE","NO","NOT_ASSESSED","NOT_ASSESSED"
"EXT-001282","D3_AI_ACT","False","False","False","False","False","False","True","False","PREPOSITION_DOES_NOT_IMPLY_RECIPIENT;PROPOSITION_BOUNDARIES_MUST_BE_PRESERVED;TEMPORAL_SPATIAL_MANNER_MODIFIERS_ARE_NOT_CORE_ACTION_OR_OBJECT;OBJECT_MUST_NOT_FUNCTION_AS_RESIDUAL_BUCKET","YES","COMPLEX","NO","NOT_ASSESSED","NOT_ASSESSED"
"EXT-001283","D3_AI_ACT","False","False","False","True","False","False","False","False","STRUCTURAL_EXTRACTION_MUST_PRESERVE_LEGAL_VERB;PREPOSITION_DOES_NOT_IMPLY_RECIPIENT;OBJECT_MUST_NOT_FUNCTION_AS_RESIDUAL_BUCKET","YES","COMPLEX","NO","NOT_ASSESSED","NOT_ASSESSED"
"EXT-001284","D3_AI_ACT","False","False","False","False","False","False","False","False","PREPOSITION_DOES_NOT_IMPLY_RECIPIENT","UNCERTAIN","MODERATE","NO","NOT_ASSESSED","NOT_ASSESSED"
"EXT-001285","D3_AI_ACT","False","False","False","False","False","False","False","False","PREPOSITION_DOES_NOT_IMPLY_RECIPIENT","UNCERTAIN","MODERATE","NO","NOT_ASSESSED","NOT_ASSESSED"
"EXT-001286","D3_AI_ACT","False","False","False","False","False","False","False","False","","UNCERTAIN","MODERATE","NO","YES","YES"
"EXT-001287","D3_AI_ACT","False","False","False","False","False","False","False","False","PREPOSITION_DOES_NOT_IMPLY_RECIPIENT;RELATIONAL_ENTITY_MUST_BE_ACTOR_CAPABLE","YES","SIMPLE","NO","NOT_ASSESSED","NOT_ASSESSED"
"EXT-001288","D3_AI_ACT","False","False","False","False","False","False","False","False","","NO","NONE","NO","NOT_ASSESSED","NOT_ASSESSED"
"EXT-001289","D3_AI_ACT","False","False","False","False","False","False","True","False","PROPOSITION_BOUNDARIES_MUST_BE_PRESERVED;TEMPORAL_SPATIAL_MANNER_MODIFIERS_ARE_NOT_CORE_ACTION_OR_OBJECT;OBJECT_MUST_NOT_FUNCTION_AS_RESIDUAL_BUCKET","YES","MODERATE","NO","NOT_ASSESSED","NOT_ASSESSED"
"EXT-001290","D3_AI_ACT","False","False","False","False","False","False","False","False","","NO","NONE","NO","NOT_ASSESSED","NOT_ASSESSED"
"EXT-001291","D3_AI_ACT","False","False","False","False","False","False","False","True","PREPOSITION_DOES_NOT_IMPLY_RECIPIENT;RELATIONAL_ENTITY_MUST_BE_ACTOR_CAPABLE;COORDINATED_PREDICATES_MUST_REMAIN_DISTINCT;OBJECT_MUST_NOT_FUNCTION_AS_RESIDUAL_BUCKET","YES","COMPLEX","NO","NOT_ASSESSED","NOT_ASSESSED"
"EXT-001292","D3_AI_ACT","False","False","False","False","False","False","False","False","PREPOSITION_DOES_NOT_IMPLY_RECIPIENT;RELATIONAL_ENTITY_MUST_BE_ACTOR_CAPABLE","YES","SIMPLE","NO","NOT_ASSESSED","NOT_ASSESSED"
"EXT-001293","D3_AI_ACT","False","False","False","False","False","False","False","False","PREPOSITION_DOES_NOT_IMPLY_RECIPIENT;RELATIONAL_ENTITY_MUST_BE_ACTOR_CAPABLE","YES","SIMPLE","NO","NOT_ASSESSED","NOT_ASSESSED"
"EXT-001294","D3_AI_ACT","False","False","False","False","False","False","False","False","","NO","NONE","NO","NOT_ASSESSED","NOT_ASSESSED"
"EXT-001295","D3_AI_ACT","False","False","False","False","False","False","False","False","PREPOSITION_DOES_NOT_IMPLY_RECIPIENT;RELATIONAL_ENTITY_MUST_BE_ACTOR_CAPABLE","YES","SIMPLE","NO","YES","YES"
"EXT-001296","D3_AI_ACT","False","False","False","False","False","False","False","False","PREPOSITION_DOES_NOT_IMPLY_RECIPIENT;RELATIONAL_ENTITY_MUST_BE_ACTOR_CAPABLE","YES","SIMPLE","NO","NOT_ASSESSED","NOT_ASSESSED"
"EXT-001297","D3_AI_ACT","False","False","False","False","False","False","False","False","","UNCERTAIN","MODERATE","NO","YES","YES"
"EXT-001298","D3_AI_ACT","False","False","False","False","False","False","False","False","","UNCERTAIN","MODERATE","NO","YES","NO"
"EXT-001299","D3_AI_ACT","False","False","False","False","False","False","True","False","PREPOSITION_DOES_NOT_IMPLY_RECIPIENT;PROPOSITION_BOUNDARIES_MUST_BE_PRESERVED;TEMPORAL_SPATIAL_MANNER_MODIFIERS_ARE_NOT_CORE_ACTION_OR_OBJECT;OBJECT_MUST_NOT_FUNCTION_AS_RESIDUAL_BUCKET","YES","MODERATE","NO","NOT_ASSESSED","NOT_ASSESSED"
"EXT-001300","D3_AI_ACT","False","False","False","False","False","False","False","False","PREPOSITION_DOES_NOT_IMPLY_RECIPIENT","UNCERTAIN","MODERATE","NO","NOT_ASSESSED","NOT_ASSESSED"
"EXT-001301","D3_AI_ACT","False","False","False","False","False","False","False","False","","NO","NONE","NO","NOT_ASSESSED","NOT_ASSESSED"
"EXT-001302","D3_AI_ACT","False","False","False","False","False","False","False","False","PREPOSITION_DOES_NOT_IMPLY_RECIPIENT;RELATIONAL_ENTITY_MUST_BE_ACTOR_CAPABLE","YES","SIMPLE","NO","NOT_ASSESSED","NOT_ASSESSED"
"EXT-001303","D3_AI_ACT","False","False","False","False","False","False","False","False","PREPOSITION_DOES_NOT_IMPLY_RECIPIENT;RELATIONAL_ENTITY_MUST_BE_ACTOR_CAPABLE","YES","SIMPLE","NO","NOT_ASSESSED","NOT_ASSESSED"
"EXT-001304","D3_AI_ACT","False","False","False","False","False","False","False","True","PREPOSITION_DOES_NOT_IMPLY_RECIPIENT;RELATIONAL_ENTITY_MUST_BE_ACTOR_CAPABLE;COORDINATED_PREDICATES_MUST_REMAIN_DISTINCT;OBJECT_MUST_NOT_FUNCTION_AS_RESIDUAL_BUCKET","YES","COMPLEX","NO","NOT_ASSESSED","NOT_ASSESSED"
"EXT-001305","D3_AI_ACT","False","False","False","False","False","False","False","True","PREPOSITION_DOES_NOT_IMPLY_RECIPIENT;RELATIONAL_ENTITY_MUST_BE_ACTOR_CAPABLE;COORDINATED_PREDICATES_MUST_REMAIN_DISTINCT;OBJECT_MUST_NOT_FUNCTION_AS_RESIDUAL_BUCKET","YES","COMPLEX","NO","NOT_ASSESSED","NOT_ASSESSED"
"EXT-001306","D3_AI_ACT","False","False","False","False","False","False","True","True","PREPOSITION_DOES_NOT_IMPLY_RECIPIENT;RELATIONAL_ENTITY_MUST_BE_ACTOR_CAPABLE;PROPOSITION_BOUNDARIES_MUST_BE_PRESERVED;COORDINATED_PREDICATES_MUST_REMAIN_DISTINCT;TEMPORAL_SPATIAL_MANNER_MODIFIERS_ARE_NOT_CORE_ACTION_OR_OBJECT;OBJECT_MUST_NOT_FUNCTION_AS_RESIDUAL_BUCKET","YES","COMPLEX","NO","NOT_ASSESSED","NOT_ASSESSED"
"EXT-001307","D3_AI_ACT","False","False","False","False","False","False","False","False","PREPOSITION_DOES_NOT_IMPLY_RECIPIENT;RELATIONAL_ENTITY_MUST_BE_ACTOR_CAPABLE;OBJECT_MUST_NOT_FUNCTION_AS_RESIDUAL_BUCKET","YES","COMPLEX","NO","NOT_ASSESSED","NOT_ASSESSED"
"EXT-001308","D3_AI_ACT","False","False","False","False","False","False","False","False","PREPOSITION_DOES_NOT_IMPLY_RECIPIENT;RELATIONAL_ENTITY_MUST_BE_ACTOR_CAPABLE","YES","SIMPLE","NO","NOT_ASSESSED","NOT_ASSESSED"
"EXT-001309","D3_AI_ACT","False","False","False","False","False","False","True","False","PREPOSITION_DOES_NOT_IMPLY_RECIPIENT;RELATIONAL_ENTITY_MUST_BE_ACTOR_CAPABLE;PROPOSITION_BOUNDARIES_MUST_BE_PRESERVED;TEMPORAL_SPATIAL_MANNER_MODIFIERS_ARE_NOT_CORE_ACTION_OR_OBJECT;OBJECT_MUST_NOT_FUNCTION_AS_RESIDUAL_BUCKET","YES","MODERATE","NO","NOT_ASSESSED","NOT_ASSESSED"
"EXT-001310","D3_AI_ACT","False","False","False","False","False","False","True","False","PREPOSITION_DOES_NOT_IMPLY_RECIPIENT;RELATIONAL_ENTITY_MUST_BE_ACTOR_CAPABLE;PROPOSITION_BOUNDARIES_MUST_BE_PRESERVED;TEMPORAL_SPATIAL_MANNER_MODIFIERS_ARE_NOT_CORE_ACTION_OR_OBJECT;OBJECT_MUST_NOT_FUNCTION_AS_RESIDUAL_BUCKET","YES","MODERATE","NO","NOT_ASSESSED","NOT_ASSESSED"
"EXT-001311","D3_AI_ACT","False","False","False","False","False","False","False","True","PREPOSITION_DOES_NOT_IMPLY_RECIPIENT;RELATIONAL_ENTITY_MUST_BE_ACTOR_CAPABLE;COORDINATED_PREDICATES_MUST_REMAIN_DISTINCT;OBJECT_MUST_NOT_FUNCTION_AS_RESIDUAL_BUCKET","YES","COMPLEX","NO","NOT_ASSESSED","NOT_ASSESSED"
"EXT-001312","D3_AI_ACT","False","False","False","False","False","False","True","False","PREPOSITION_DOES_NOT_IMPLY_RECIPIENT;PROPOSITION_BOUNDARIES_MUST_BE_PRESERVED;TEMPORAL_SPATIAL_MANNER_MODIFIERS_ARE_NOT_CORE_ACTION_OR_OBJECT;OBJECT_MUST_NOT_FUNCTION_AS_RESIDUAL_BUCKET","YES","MODERATE","NO","NOT_ASSESSED","NOT_ASSESSED"
"EXT-001313","D3_AI_ACT","False","False","False","False","False","False","False","False","PREPOSITION_DOES_NOT_IMPLY_RECIPIENT;RELATIONAL_ENTITY_MUST_BE_ACTOR_CAPABLE","YES","SIMPLE","NO","NOT_ASSESSED","NOT_ASSESSED"
"EXT-001314","D3_AI_ACT","False","False","False","False","False","False","False","False","PREPOSITION_DOES_NOT_IMPLY_RECIPIENT","UNCERTAIN","MODERATE","NO","NOT_ASSESSED","NOT_ASSESSED"
"EXT-001315","D3_AI_ACT","False","False","False","False","False","False","True","False","PREPOSITION_DOES_NOT_IMPLY_RECIPIENT;PROPOSITION_BOUNDARIES_MUST_BE_PRESERVED;TEMPORAL_SPATIAL_MANNER_MODIFIERS_ARE_NOT_CORE_ACTION_OR_OBJECT;OBJECT_MUST_NOT_FUNCTION_AS_RESIDUAL_BUCKET","YES","MODERATE","NO","NOT_ASSESSED","NOT_ASSESSED"
"EXT-001316","D3_AI_ACT","False","False","False","False","False","False","False","False","PREPOSITION_DOES_NOT_IMPLY_RECIPIENT","UNCERTAIN","MODERATE","NO","NOT_ASSESSED","NOT_ASSESSED"
"EXT-001317","D3_AI_ACT","False","False","False","False","False","False","False","True","PREPOSITION_DOES_NOT_IMPLY_RECIPIENT;COORDINATED_PREDICATES_MUST_REMAIN_DISTINCT;OBJECT_MUST_NOT_FUNCTION_AS_RESIDUAL_BUCKET","YES","COMPLEX","NO","NOT_ASSESSED","NOT_ASSESSED"
"EXT-001318","D3_AI_ACT","False","False","False","False","False","False","False","False","PREPOSITION_DOES_NOT_IMPLY_RECIPIENT","UNCERTAIN","MODERATE","NO","NOT_ASSESSED","NOT_ASSESSED"
"EXT-001319","D3_AI_ACT","False","False","False","False","False","False","False","True","PREPOSITION_DOES_NOT_IMPLY_RECIPIENT;COORDINATED_PREDICATES_MUST_REMAIN_DISTINCT;OBJECT_MUST_NOT_FUNCTION_AS_RESIDUAL_BUCKET","YES","COMPLEX","NO","NOT_ASSESSED","NOT_ASSESSED"
"EXT-001320","D3_AI_ACT","False","False","False","False","False","False","False","False","PREPOSITION_DOES_NOT_IMPLY_RECIPIENT","UNCERTAIN","MODERATE","NO","NOT_ASSESSED","NOT_ASSESSED"
"EXT-001321","D3_AI_ACT","False","False","False","False","False","False","True","True","PREPOSITION_DOES_NOT_IMPLY_RECIPIENT;PROPOSITION_BOUNDARIES_MUST_BE_PRESERVED;COORDINATED_PREDICATES_MUST_REMAIN_DISTINCT;TEMPORAL_SPATIAL_MANNER_MODIFIERS_ARE_NOT_CORE_ACTION_OR_OBJECT;OBJECT_MUST_NOT_FUNCTION_AS_RESIDUAL_BUCKET","YES","COMPLEX","NO","NOT_ASSESSED","NOT_ASSESSED"
"EXT-001322","D3_AI_ACT","False","False","False","False","False","False","False","False","PREPOSITION_DOES_NOT_IMPLY_RECIPIENT","UNCERTAIN","MODERATE","NO","NOT_ASSESSED","NOT_ASSESSED"
"EXT-001323","D3_AI_ACT","False","False","False","False","False","False","False","False","PREPOSITION_DOES_NOT_IMPLY_RECIPIENT","UNCERTAIN","MODERATE","NO","NOT_ASSESSED","NOT_ASSESSED"
"EXT-001324","D3_AI_ACT","False","False","False","False","False","False","False","False","","NO","NONE","NO","NOT_ASSESSED","NOT_ASSESSED"
"EXT-001325","D3_AI_ACT","False","False","False","False","False","False","False","False","","NO","NONE","NO","NOT_ASSESSED","NOT_ASSESSED"
"EXT-001326","D3_AI_ACT","False","False","False","False","False","False","False","True","PREPOSITION_DOES_NOT_IMPLY_RECIPIENT;COORDINATED_PREDICATES_MUST_REMAIN_DISTINCT","UNCERTAIN","COMPLEX","NO","NOT_ASSESSED","NOT_ASSESSED"
"EXT-001327","D3_AI_ACT","False","False","False","False","False","False","True","False","PREPOSITION_DOES_NOT_IMPLY_RECIPIENT;PROPOSITION_BOUNDARIES_MUST_BE_PRESERVED;TEMPORAL_SPATIAL_MANNER_MODIFIERS_ARE_NOT_CORE_ACTION_OR_OBJECT;OBJECT_MUST_NOT_FUNCTION_AS_RESIDUAL_BUCKET","YES","MODERATE","NO","NOT_ASSESSED","NOT_ASSESSED"
"EXT-001328","D3_AI_ACT","False","True","False","False","False","False","False","False","","NO","NONE","NO","NOT_ASSESSED","NOT_ASSESSED"
"EXT-001329","D3_AI_ACT","False","False","False","False","False","False","False","False","","NO","NONE","NO","NOT_ASSESSED","NOT_ASSESSED"
"EXT-001330","D3_AI_ACT","False","False","False","False","False","False","True","False","PROPOSITION_BOUNDARIES_MUST_BE_PRESERVED;TEMPORAL_SPATIAL_MANNER_MODIFIERS_ARE_NOT_CORE_ACTION_OR_OBJECT;OBJECT_MUST_NOT_FUNCTION_AS_RESIDUAL_BUCKET","YES","MODERATE","NO","NOT_ASSESSED","NOT_ASSESSED"
"EXT-001331","D3_AI_ACT","False","False","False","False","False","False","False","False","PREPOSITION_DOES_NOT_IMPLY_RECIPIENT","UNCERTAIN","MODERATE","NO","NOT_ASSESSED","NOT_ASSESSED"
"EXT-001332","D3_AI_ACT","False","False","False","False","False","False","False","False","PREPOSITION_DOES_NOT_IMPLY_RECIPIENT","UNCERTAIN","MODERATE","NO","NOT_ASSESSED","NOT_ASSESSED"
"EXT-001333","D3_AI_ACT","False","False","False","False","False","False","False","True","PREPOSITION_DOES_NOT_IMPLY_RECIPIENT;COORDINATED_PREDICATES_MUST_REMAIN_DISTINCT;OBJECT_MUST_NOT_FUNCTION_AS_RESIDUAL_BUCKET","YES","COMPLEX","NO","NOT_ASSESSED","NOT_ASSESSED"
"EXT-001334","D3_AI_ACT","False","False","False","False","False","False","False","False","PREPOSITION_DOES_NOT_IMPLY_RECIPIENT;OBJECT_MUST_NOT_FUNCTION_AS_RESIDUAL_BUCKET","UNCERTAIN","COMPLEX","NO","NOT_ASSESSED","NOT_ASSESSED"
"EXT-001335","D3_AI_ACT","False","False","False","False","False","False","False","False","PREPOSITION_DOES_NOT_IMPLY_RECIPIENT;RELATIONAL_ENTITY_MUST_BE_ACTOR_CAPABLE","YES","SIMPLE","NO","NOT_ASSESSED","NOT_ASSESSED"
"EXT-001336","D3_AI_ACT","False","False","False","False","False","False","True","False","PREPOSITION_DOES_NOT_IMPLY_RECIPIENT;RELATIONAL_ENTITY_MUST_BE_ACTOR_CAPABLE;PROPOSITION_BOUNDARIES_MUST_BE_PRESERVED;TEMPORAL_SPATIAL_MANNER_MODIFIERS_ARE_NOT_CORE_ACTION_OR_OBJECT;OBJECT_MUST_NOT_FUNCTION_AS_RESIDUAL_BUCKET","YES","MODERATE","NO","NOT_ASSESSED","NOT_ASSESSED"
"EXT-001337","D3_AI_ACT","False","False","False","False","False","False","False","False","PREPOSITION_DOES_NOT_IMPLY_RECIPIENT;RELATIONAL_ENTITY_MUST_BE_ACTOR_CAPABLE","YES","SIMPLE","NO","NOT_ASSESSED","NOT_ASSESSED"
"EXT-001338","D3_AI_ACT","False","False","False","False","False","False","False","False","PREPOSITION_DOES_NOT_IMPLY_RECIPIENT","UNCERTAIN","MODERATE","NO","NOT_ASSESSED","NOT_ASSESSED"
"EXT-001339","D3_AI_ACT","False","False","False","False","False","False","False","False","PREPOSITION_DOES_NOT_IMPLY_RECIPIENT;OBJECT_MUST_NOT_FUNCTION_AS_RESIDUAL_BUCKET","UNCERTAIN","COMPLEX","NO","NOT_ASSESSED","NOT_ASSESSED"
"EXT-001340","D3_AI_ACT","False","False","False","False","False","False","True","False","PROPOSITION_BOUNDARIES_MUST_BE_PRESERVED;TEMPORAL_SPATIAL_MANNER_MODIFIERS_ARE_NOT_CORE_ACTION_OR_OBJECT;OBJECT_MUST_NOT_FUNCTION_AS_RESIDUAL_BUCKET","YES","MODERATE","NO","NOT_ASSESSED","NOT_ASSESSED"
"EXT-001341","D3_AI_ACT","False","False","False","False","False","False","False","False","","NO","NONE","NO","NOT_ASSESSED","NOT_ASSESSED"
"EXT-001342","D3_AI_ACT","False","False","False","False","False","False","False","True","COORDINATED_PREDICATES_MUST_REMAIN_DISTINCT;OBJECT_MUST_NOT_FUNCTION_AS_RESIDUAL_BUCKET","YES","COMPLEX","NO","NOT_ASSESSED","NOT_ASSESSED"
"EXT-001343","D3_AI_ACT","False","False","False","False","False","False","True","False","PREPOSITION_DOES_NOT_IMPLY_RECIPIENT;RELATIONAL_ENTITY_MUST_BE_ACTOR_CAPABLE;PROPOSITION_BOUNDARIES_MUST_BE_PRESERVED;TEMPORAL_SPATIAL_MANNER_MODIFIERS_ARE_NOT_CORE_ACTION_OR_OBJECT;OBJECT_MUST_NOT_FUNCTION_AS_RESIDUAL_BUCKET","YES","COMPLEX","NO","NOT_ASSESSED","NOT_ASSESSED"
"EXT-001344","D3_AI_ACT","False","False","False","False","False","False","False","False","PREPOSITION_DOES_NOT_IMPLY_RECIPIENT;RELATIONAL_ENTITY_MUST_BE_ACTOR_CAPABLE","YES","SIMPLE","NO","NOT_ASSESSED","NOT_ASSESSED"
"EXT-001345","D3_AI_ACT","False","False","False","False","False","False","True","False","PREPOSITION_DOES_NOT_IMPLY_RECIPIENT;PROPOSITION_BOUNDARIES_MUST_BE_PRESERVED;TEMPORAL_SPATIAL_MANNER_MODIFIERS_ARE_NOT_CORE_ACTION_OR_OBJECT;OBJECT_MUST_NOT_FUNCTION_AS_RESIDUAL_BUCKET","YES","MODERATE","NO","NOT_ASSESSED","NOT_ASSESSED"
"EXT-001346","D3_AI_ACT","False","False","False","False","False","False","True","False","PREPOSITION_DOES_NOT_IMPLY_RECIPIENT;PROPOSITION_BOUNDARIES_MUST_BE_PRESERVED;TEMPORAL_SPATIAL_MANNER_MODIFIERS_ARE_NOT_CORE_ACTION_OR_OBJECT;OBJECT_MUST_NOT_FUNCTION_AS_RESIDUAL_BUCKET","YES","MODERATE","NO","NOT_ASSESSED","NOT_ASSESSED"
"EXT-001347","D3_AI_ACT","False","False","False","False","False","False","False","False","PREPOSITION_DOES_NOT_IMPLY_RECIPIENT","UNCERTAIN","MODERATE","NO","NOT_ASSESSED","NOT_ASSESSED"
"EXT-001348","D3_AI_ACT","False","True","False","False","False","False","True","False","PREPOSITION_DOES_NOT_IMPLY_RECIPIENT;RELATIONAL_ENTITY_MUST_BE_ACTOR_CAPABLE;PROPOSITION_BOUNDARIES_MUST_BE_PRESERVED;TEMPORAL_SPATIAL_MANNER_MODIFIERS_ARE_NOT_CORE_ACTION_OR_OBJECT;OBJECT_MUST_NOT_FUNCTION_AS_RESIDUAL_BUCKET","YES","COMPLEX","NO","NOT_ASSESSED","NOT_ASSESSED"
"EXT-001349","D3_AI_ACT","False","False","False","False","False","False","False","False","PREPOSITION_DOES_NOT_IMPLY_RECIPIENT","UNCERTAIN","MODERATE","NO","NOT_ASSESSED","NOT_ASSESSED"
"EXT-001350","D3_AI_ACT","False","False","False","False","False","False","False","False","PRESERVE_MODAL_DEONTIC_LEXICAL_CONSTRUCTION;PREPOSITION_DOES_NOT_IMPLY_RECIPIENT","YES","MODERATE","NO","NOT_ASSESSED","NOT_ASSESSED"
"EXT-001351","D3_AI_ACT","False","False","False","False","False","False","True","True","PREPOSITION_DOES_NOT_IMPLY_RECIPIENT;RELATIONAL_ENTITY_MUST_BE_ACTOR_CAPABLE;PROPOSITION_BOUNDARIES_MUST_BE_PRESERVED;COORDINATED_PREDICATES_MUST_REMAIN_DISTINCT;TEMPORAL_SPATIAL_MANNER_MODIFIERS_ARE_NOT_CORE_ACTION_OR_OBJECT;OBJECT_MUST_NOT_FUNCTION_AS_RESIDUAL_BUCKET","YES","COMPLEX","NO","NOT_ASSESSED","NOT_ASSESSED"
"EXT-001352","D3_AI_ACT","False","False","False","False","False","False","False","False","OBJECT_MUST_NOT_FUNCTION_AS_RESIDUAL_BUCKET","UNCERTAIN","COMPLEX","NO","NOT_ASSESSED","NOT_ASSESSED"
"EXT-001353","D3_AI_ACT","False","False","False","False","False","False","False","False","","NO","NONE","NO","NOT_ASSESSED","NOT_ASSESSED"
"EXT-001354","D3_AI_ACT","False","False","False","False","False","False","True","False","PREPOSITION_DOES_NOT_IMPLY_RECIPIENT;PROPOSITION_BOUNDARIES_MUST_BE_PRESERVED;TEMPORAL_SPATIAL_MANNER_MODIFIERS_ARE_NOT_CORE_ACTION_OR_OBJECT;OBJECT_MUST_NOT_FUNCTION_AS_RESIDUAL_BUCKET","YES","MODERATE","NO","NOT_ASSESSED","NOT_ASSESSED"
"EXT-001355","D3_AI_ACT","False","False","False","False","False","False","False","False","PREPOSITION_DOES_NOT_IMPLY_RECIPIENT","UNCERTAIN","MODERATE","NO","NOT_ASSESSED","NOT_ASSESSED"
"EXT-001356","D3_AI_ACT","False","False","False","False","False","False","False","False","PREPOSITION_DOES_NOT_IMPLY_RECIPIENT;OBJECT_MUST_NOT_FUNCTION_AS_RESIDUAL_BUCKET","UNCERTAIN","COMPLEX","NO","NOT_ASSESSED","NOT_ASSESSED"
"EXT-001357","D3_AI_ACT","False","False","False","False","False","False","False","True","PREPOSITION_DOES_NOT_IMPLY_RECIPIENT;COORDINATED_PREDICATES_MUST_REMAIN_DISTINCT;OBJECT_MUST_NOT_FUNCTION_AS_RESIDUAL_BUCKET","YES","COMPLEX","NO","NOT_ASSESSED","NOT_ASSESSED"
"EXT-001358","D3_AI_ACT","False","False","False","False","False","False","False","False","PREPOSITION_DOES_NOT_IMPLY_RECIPIENT","UNCERTAIN","MODERATE","NO","NOT_ASSESSED","NOT_ASSESSED"
"EXT-001359","D3_AI_ACT","False","True","False","False","False","False","False","False","PREPOSITION_DOES_NOT_IMPLY_RECIPIENT","UNCERTAIN","MODERATE","NO","NOT_ASSESSED","NOT_ASSESSED"
"EXT-001360","D3_AI_ACT","False","False","False","False","False","False","True","True","RELATIONAL_ENTITY_MUST_BE_ACTOR_CAPABLE;PROPOSITION_BOUNDARIES_MUST_BE_PRESERVED;COORDINATED_PREDICATES_MUST_REMAIN_DISTINCT;TEMPORAL_SPATIAL_MANNER_MODIFIERS_ARE_NOT_CORE_ACTION_OR_OBJECT;OBJECT_MUST_NOT_FUNCTION_AS_RESIDUAL_BUCKET","YES","COMPLEX","NO","NOT_ASSESSED","NOT_ASSESSED"
"EXT-001361","D3_AI_ACT","False","False","False","False","False","False","True","False","PREPOSITION_DOES_NOT_IMPLY_RECIPIENT;PROPOSITION_BOUNDARIES_MUST_BE_PRESERVED;TEMPORAL_SPATIAL_MANNER_MODIFIERS_ARE_NOT_CORE_ACTION_OR_OBJECT;OBJECT_MUST_NOT_FUNCTION_AS_RESIDUAL_BUCKET","YES","MODERATE","NO","NOT_ASSESSED","NOT_ASSESSED"
"EXT-001362","D3_AI_ACT","False","False","False","False","False","False","False","True","PREPOSITION_DOES_NOT_IMPLY_RECIPIENT;COORDINATED_PREDICATES_MUST_REMAIN_DISTINCT;OBJECT_MUST_NOT_FUNCTION_AS_RESIDUAL_BUCKET","YES","COMPLEX","NO","NOT_ASSESSED","NOT_ASSESSED"
"EXT-001363","D3_AI_ACT","False","False","False","False","False","False","False","False","PREPOSITION_DOES_NOT_IMPLY_RECIPIENT","UNCERTAIN","MODERATE","NO","NOT_ASSESSED","NOT_ASSESSED"
"EXT-001364","D3_AI_ACT","False","False","False","False","False","False","True","False","PREPOSITION_DOES_NOT_IMPLY_RECIPIENT;PROPOSITION_BOUNDARIES_MUST_BE_PRESERVED;TEMPORAL_SPATIAL_MANNER_MODIFIERS_ARE_NOT_CORE_ACTION_OR_OBJECT;OBJECT_MUST_NOT_FUNCTION_AS_RESIDUAL_BUCKET","YES","MODERATE","NO","NOT_ASSESSED","NOT_ASSESSED"
"EXT-001365","D3_AI_ACT","False","False","False","False","False","False","False","False","PREPOSITION_DOES_NOT_IMPLY_RECIPIENT","UNCERTAIN","MODERATE","NO","NOT_ASSESSED","NOT_ASSESSED"
"EXT-001366","D3_AI_ACT","False","False","False","False","False","False","False","False","TEMPORAL_SPATIAL_MANNER_MODIFIERS_ARE_NOT_CORE_ACTION_OR_OBJECT","UNCERTAIN","MODERATE","NO","NOT_ASSESSED","NOT_ASSESSED"
"EXT-001367","D3_AI_ACT","False","False","False","False","False","False","False","False","","NO","NONE","NO","NOT_ASSESSED","NOT_ASSESSED"
"EXT-001368","D3_AI_ACT","False","False","False","False","False","False","False","False","PREPOSITION_DOES_NOT_IMPLY_RECIPIENT","UNCERTAIN","MODERATE","NO","NOT_ASSESSED","NOT_ASSESSED"
"EXT-001369","D3_AI_ACT","False","False","False","False","False","False","False","True","PREPOSITION_DOES_NOT_IMPLY_RECIPIENT;COORDINATED_PREDICATES_MUST_REMAIN_DISTINCT;OBJECT_MUST_NOT_FUNCTION_AS_RESIDUAL_BUCKET","YES","COMPLEX","NO","NOT_ASSESSED","NOT_ASSESSED"
"EXT-001370","D3_AI_ACT","False","False","False","False","False","False","False","False","","NO","NONE","NO","NOT_ASSESSED","NOT_ASSESSED"
"EXT-001371","D3_AI_ACT","False","False","False","False","False","False","False","False","PREPOSITION_DOES_NOT_IMPLY_RECIPIENT","UNCERTAIN","MODERATE","NO","NOT_ASSESSED","NOT_ASSESSED"
"EXT-001372","D3_AI_ACT","False","False","False","False","False","False","True","False","PREPOSITION_DOES_NOT_IMPLY_RECIPIENT;PROPOSITION_BOUNDARIES_MUST_BE_PRESERVED;TEMPORAL_SPATIAL_MANNER_MODIFIERS_ARE_NOT_CORE_ACTION_OR_OBJECT;OBJECT_MUST_NOT_FUNCTION_AS_RESIDUAL_BUCKET","YES","COMPLEX","NO","NOT_ASSESSED","NOT_ASSESSED"
"EXT-001373","D3_AI_ACT","False","True","False","False","False","False","False","False","PREPOSITION_DOES_NOT_IMPLY_RECIPIENT","UNCERTAIN","MODERATE","NO","NOT_ASSESSED","NOT_ASSESSED"
"EXT-001374","D3_AI_ACT","False","False","False","False","False","False","True","False","PROPOSITION_BOUNDARIES_MUST_BE_PRESERVED;TEMPORAL_SPATIAL_MANNER_MODIFIERS_ARE_NOT_CORE_ACTION_OR_OBJECT;OBJECT_MUST_NOT_FUNCTION_AS_RESIDUAL_BUCKET","YES","MODERATE","NO","NOT_ASSESSED","NOT_ASSESSED"
"EXT-001375","D3_AI_ACT","False","True","False","False","False","True","True","False","ALLOW_NO_EXPLICIT_ACTOR;DO_NOT_INFER_ACTOR_IN_PASSIVE_CONSTRUCTION;PREPOSITION_DOES_NOT_IMPLY_RECIPIENT;PROPOSITION_BOUNDARIES_MUST_BE_PRESERVED;TEMPORAL_SPATIAL_MANNER_MODIFIERS_ARE_NOT_CORE_ACTION_OR_OBJECT;OBJECT_MUST_NOT_FUNCTION_AS_RESIDUAL_BUCKET","YES","COMPLEX","NO","NOT_ASSESSED","NOT_ASSESSED"
"EXT-001376","D3_AI_ACT","False","False","False","False","False","False","False","False","PREPOSITION_DOES_NOT_IMPLY_RECIPIENT;RELATIONAL_ENTITY_MUST_BE_ACTOR_CAPABLE","YES","SIMPLE","NO","NOT_ASSESSED","NOT_ASSESSED"
"EXT-001377","D3_AI_ACT","False","False","False","False","False","False","False","False","PREPOSITION_DOES_NOT_IMPLY_RECIPIENT","UNCERTAIN","MODERATE","NO","NOT_ASSESSED","NOT_ASSESSED"
"EXT-001378","D3_AI_ACT","False","False","False","False","False","False","False","False","","NO","NONE","NO","NOT_ASSESSED","NOT_ASSESSED"
"EXT-001379","D3_AI_ACT","False","True","False","False","False","False","False","False","","NO","NONE","NO","NOT_ASSESSED","NOT_ASSESSED"
"EXT-001380","D3_AI_ACT","False","True","False","False","False","True","True","False","ALLOW_NO_EXPLICIT_ACTOR;DO_NOT_INFER_ACTOR_IN_PASSIVE_CONSTRUCTION;PROPOSITION_BOUNDARIES_MUST_BE_PRESERVED;TEMPORAL_SPATIAL_MANNER_MODIFIERS_ARE_NOT_CORE_ACTION_OR_OBJECT;OBJECT_MUST_NOT_FUNCTION_AS_RESIDUAL_BUCKET","YES","COMPLEX","NO","NOT_ASSESSED","NOT_ASSESSED"
"EXT-001381","D3_AI_ACT","False","True","False","False","False","False","True","True","PREPOSITION_DOES_NOT_IMPLY_RECIPIENT;PROPOSITION_BOUNDARIES_MUST_BE_PRESERVED;COORDINATED_PREDICATES_MUST_REMAIN_DISTINCT;TEMPORAL_SPATIAL_MANNER_MODIFIERS_ARE_NOT_CORE_ACTION_OR_OBJECT;OBJECT_MUST_NOT_FUNCTION_AS_RESIDUAL_BUCKET","YES","COMPLEX","NO","NOT_ASSESSED","NOT_ASSESSED"
"EXT-001382","D3_AI_ACT","False","False","False","False","False","False","False","False","PREPOSITION_DOES_NOT_IMPLY_RECIPIENT","UNCERTAIN","MODERATE","NO","NOT_ASSESSED","NOT_ASSESSED"
"EXT-001383","D3_AI_ACT","False","False","False","False","False","False","False","False","RELATIONAL_ENTITY_MUST_BE_ACTOR_CAPABLE","YES","SIMPLE","NO","NOT_ASSESSED","NOT_ASSESSED"
"EXT-001384","D3_AI_ACT","False","False","False","False","False","False","True","True","PREPOSITION_DOES_NOT_IMPLY_RECIPIENT;PROPOSITION_BOUNDARIES_MUST_BE_PRESERVED;COORDINATED_PREDICATES_MUST_REMAIN_DISTINCT;TEMPORAL_SPATIAL_MANNER_MODIFIERS_ARE_NOT_CORE_ACTION_OR_OBJECT;OBJECT_MUST_NOT_FUNCTION_AS_RESIDUAL_BUCKET","YES","COMPLEX","NO","NOT_ASSESSED","NOT_ASSESSED"
"EXT-001385","D3_AI_ACT","False","False","False","False","False","False","True","False","PREPOSITION_DOES_NOT_IMPLY_RECIPIENT;PROPOSITION_BOUNDARIES_MUST_BE_PRESERVED;TEMPORAL_SPATIAL_MANNER_MODIFIERS_ARE_NOT_CORE_ACTION_OR_OBJECT;OBJECT_MUST_NOT_FUNCTION_AS_RESIDUAL_BUCKET","YES","COMPLEX","NO","NOT_ASSESSED","NOT_ASSESSED"
"EXT-001386","D3_AI_ACT","False","False","False","False","False","False","True","False","PREPOSITION_DOES_NOT_IMPLY_RECIPIENT;PROPOSITION_BOUNDARIES_MUST_BE_PRESERVED;TEMPORAL_SPATIAL_MANNER_MODIFIERS_ARE_NOT_CORE_ACTION_OR_OBJECT;OBJECT_MUST_NOT_FUNCTION_AS_RESIDUAL_BUCKET","YES","MODERATE","NO","NOT_ASSESSED","NOT_ASSESSED"
"EXT-001387","D3_AI_ACT","False","False","False","False","False","False","True","False","PREPOSITION_DOES_NOT_IMPLY_RECIPIENT;RELATIONAL_ENTITY_MUST_BE_ACTOR_CAPABLE;PROPOSITION_BOUNDARIES_MUST_BE_PRESERVED;TEMPORAL_SPATIAL_MANNER_MODIFIERS_ARE_NOT_CORE_ACTION_OR_OBJECT;OBJECT_MUST_NOT_FUNCTION_AS_RESIDUAL_BUCKET","YES","MODERATE","NO","NOT_ASSESSED","NOT_ASSESSED"
"EXT-001388","D3_AI_ACT","False","False","False","False","False","False","True","False","PREPOSITION_DOES_NOT_IMPLY_RECIPIENT;RELATIONAL_ENTITY_MUST_BE_ACTOR_CAPABLE;PROPOSITION_BOUNDARIES_MUST_BE_PRESERVED;TEMPORAL_SPATIAL_MANNER_MODIFIERS_ARE_NOT_CORE_ACTION_OR_OBJECT;OBJECT_MUST_NOT_FUNCTION_AS_RESIDUAL_BUCKET","YES","MODERATE","NO","NOT_ASSESSED","NOT_ASSESSED"
"EXT-001389","D3_AI_ACT","False","False","False","False","False","False","True","False","PREPOSITION_DOES_NOT_IMPLY_RECIPIENT;PROPOSITION_BOUNDARIES_MUST_BE_PRESERVED;TEMPORAL_SPATIAL_MANNER_MODIFIERS_ARE_NOT_CORE_ACTION_OR_OBJECT;OBJECT_MUST_NOT_FUNCTION_AS_RESIDUAL_BUCKET","YES","COMPLEX","NO","NOT_ASSESSED","NOT_ASSESSED"
"EXT-001390","D3_AI_ACT","False","False","False","False","False","False","True","True","PREPOSITION_DOES_NOT_IMPLY_RECIPIENT;PROPOSITION_BOUNDARIES_MUST_BE_PRESERVED;COORDINATED_PREDICATES_MUST_REMAIN_DISTINCT;TEMPORAL_SPATIAL_MANNER_MODIFIERS_ARE_NOT_CORE_ACTION_OR_OBJECT;OBJECT_MUST_NOT_FUNCTION_AS_RESIDUAL_BUCKET","YES","COMPLEX","NO","NOT_ASSESSED","NOT_ASSESSED"
"EXT-001391","D3_AI_ACT","False","False","False","False","False","False","False","False","PREPOSITION_DOES_NOT_IMPLY_RECIPIENT","UNCERTAIN","MODERATE","NO","NOT_ASSESSED","NOT_ASSESSED"
"EXT-001392","D3_AI_ACT","False","False","False","False","False","False","False","False","PREPOSITION_DOES_NOT_IMPLY_RECIPIENT","UNCERTAIN","MODERATE","NO","NOT_ASSESSED","NOT_ASSESSED"
"EXT-001393","D3_AI_ACT","False","False","False","False","False","False","True","True","PREPOSITION_DOES_NOT_IMPLY_RECIPIENT;PROPOSITION_BOUNDARIES_MUST_BE_PRESERVED;COORDINATED_PREDICATES_MUST_REMAIN_DISTINCT;TEMPORAL_SPATIAL_MANNER_MODIFIERS_ARE_NOT_CORE_ACTION_OR_OBJECT;OBJECT_MUST_NOT_FUNCTION_AS_RESIDUAL_BUCKET","YES","COMPLEX","NO","NOT_ASSESSED","NOT_ASSESSED"
"EXT-001394","D3_AI_ACT","False","False","False","False","False","False","True","False","PROPOSITION_BOUNDARIES_MUST_BE_PRESERVED;TEMPORAL_SPATIAL_MANNER_MODIFIERS_ARE_NOT_CORE_ACTION_OR_OBJECT;OBJECT_MUST_NOT_FUNCTION_AS_RESIDUAL_BUCKET","YES","MODERATE","NO","NOT_ASSESSED","NOT_ASSESSED"
"EXT-001395","D3_AI_ACT","False","False","False","False","False","False","False","False","OBJECT_MUST_NOT_FUNCTION_AS_RESIDUAL_BUCKET","UNCERTAIN","COMPLEX","NO","NOT_ASSESSED","NOT_ASSESSED"
"EXT-001396","D3_AI_ACT","True","False","False","False","False","False","False","False","PREPOSITION_DOES_NOT_IMPLY_RECIPIENT;RELATIONAL_ENTITY_MUST_BE_ACTOR_CAPABLE","YES","SIMPLE","NO","NOT_ASSESSED","NOT_ASSESSED"
"EXT-001397","D3_AI_ACT","False","False","False","False","False","False","False","False","PREPOSITION_DOES_NOT_IMPLY_RECIPIENT;RELATIONAL_ENTITY_MUST_BE_ACTOR_CAPABLE","YES","SIMPLE","NO","NOT_ASSESSED","NOT_ASSESSED"
"EXT-001398","D3_AI_ACT","False","False","False","False","False","False","False","True","PREPOSITION_DOES_NOT_IMPLY_RECIPIENT;COORDINATED_PREDICATES_MUST_REMAIN_DISTINCT","YES","COMPLEX","NO","YES","YES"
"EXT-001399","D3_AI_ACT","False","False","False","False","False","False","True","False","PREPOSITION_DOES_NOT_IMPLY_RECIPIENT;PROPOSITION_BOUNDARIES_MUST_BE_PRESERVED;TEMPORAL_SPATIAL_MANNER_MODIFIERS_ARE_NOT_CORE_ACTION_OR_OBJECT;OBJECT_MUST_NOT_FUNCTION_AS_RESIDUAL_BUCKET","YES","MODERATE","NO","NOT_ASSESSED","NOT_ASSESSED"
"EXT-001400","D3_AI_ACT","False","False","False","False","False","False","False","False","","NO","NONE","NO","NO","NO"
"EXT-001401","D3_AI_ACT","False","False","False","False","False","False","False","False","PREPOSITION_DOES_NOT_IMPLY_RECIPIENT;OBJECT_MUST_NOT_FUNCTION_AS_RESIDUAL_BUCKET","UNCERTAIN","COMPLEX","NO","NOT_ASSESSED","NOT_ASSESSED"
"EXT-001402","D3_AI_ACT","False","False","False","False","False","False","True","False","PREPOSITION_DOES_NOT_IMPLY_RECIPIENT;PROPOSITION_BOUNDARIES_MUST_BE_PRESERVED;TEMPORAL_SPATIAL_MANNER_MODIFIERS_ARE_NOT_CORE_ACTION_OR_OBJECT;OBJECT_MUST_NOT_FUNCTION_AS_RESIDUAL_BUCKET","YES","MODERATE","NO","NOT_ASSESSED","NOT_ASSESSED"
"EXT-001403","D3_AI_ACT","False","False","False","False","False","False","False","False","PREPOSITION_DOES_NOT_IMPLY_RECIPIENT","UNCERTAIN","MODERATE","NO","NOT_ASSESSED","NOT_ASSESSED"
"EXT-001404","D3_AI_ACT","False","False","False","False","False","False","False","False","PREPOSITION_DOES_NOT_IMPLY_RECIPIENT","UNCERTAIN","MODERATE","NO","NOT_ASSESSED","NOT_ASSESSED"
