"AMBIGUITY_ID","EXTRACTION_ID","CASE_ID","SOURCE_POINTER","AMBIGUITY_TYPE","AMBIGUITY_DESCRIPTION","STRUCTURAL_OR_INTERPRETIVE","CAN_LUNA_RESOLVE_WITHOUT_THEORY","LIKELY_REQUIRES_TERRA","LIKELY_REQUIRES_HUMAN","NOTES"
"AMB-00001","EXT-000003","D1_GDPR","32016R0679#article_12/p1","CROSS_REFERENCE_AMBIGUITY",,"STRUCTURAL","YES","NO","YES","Typology generated from the frozen extraction flag and direct structural fields; no theoretical adjudication."
"AMB-00002","EXT-000004","D1_GDPR","32016R0679#article_12/p2","CROSS_REFERENCE_AMBIGUITY",,"STRUCTURAL","YES","NO","YES","Typology generated from the frozen extraction flag and direct structural fields; no theoretical adjudication."
"AMB-00003","EXT-000005","D1_GDPR","32016R0679#article_12/p2","CROSS_REFERENCE_AMBIGUITY",,"STRUCTURAL","YES","NO","YES","Typology generated from the frozen extraction flag and direct structural fields; no theoretical adjudication."
"AMB-00004","EXT-000006","D1_GDPR","32016R0679#article_12/p3","CROSS_REFERENCE_AMBIGUITY",,"STRUCTURAL","YES","NO","YES","Typology generated from the frozen extraction flag and direct structural fields; no theoretical adjudication."
"AMB-00005","EXT-000007","D1_GDPR","32016R0679#article_12/p3","CROSS_REFERENCE_AMBIGUITY",,"STRUCTURAL","YES","NO","YES","Typology generated from the frozen extraction flag and direct structural fields; no theoretical adjudication."
"AMB-00006","EXT-000018","D1_GDPR","32016R0679#article_14/p5(a)(b)","PRONOUN_REFERENCE_AMBIGUITY",,"STRUCTURAL","NO_OR_LIMITED","NO","YES","Typology generated from the frozen extraction flag and direct structural fields; no theoretical adjudication."
"AMB-00007","EXT-000021","D1_GDPR","32016R0679#article_15/p3","ACTION_SCOPE_AMBIGUITY",,"STRUCTURAL","YES","NO","YES","Typology generated from the frozen extraction flag and direct structural fields; no theoretical adjudication."
"AMB-00008","EXT-000022","D1_GDPR","32016R0679#article_15/p3","ACTION_OBJECT_AMBIGUITY",,"STRUCTURAL","YES","NO","YES","Typology generated from the frozen extraction flag and direct structural fields; no theoretical adjudication."
"AMB-00009","EXT-000023","D1_GDPR","32016R0679#article_17/p1","MULTI_ACTOR_PROVISION",,"STRUCTURAL","NO_OR_LIMITED","NO","YES","Typology generated from the frozen extraction flag and direct structural fields; no theoretical adjudication."
"AMB-00010","EXT-000024","D1_GDPR","32016R0679#article_17/p1","ACTION_OBJECT_AMBIGUITY",,"STRUCTURAL","YES","NO","YES","Typology generated from the frozen extraction flag and direct structural fields; no theoretical adjudication."
"AMB-00011","EXT-000026","D1_GDPR","32016R0679#article_20/p1","MULTI_ACTION_PROVISION",,"STRUCTURAL","YES","NO","YES","Typology generated from the frozen extraction flag and direct structural fields; no theoretical adjudication."
"AMB-00012","EXT-000028","D1_GDPR","32016R0679#article_21/p1","CROSS_REFERENCE_AMBIGUITY",,"STRUCTURAL","YES","NO","YES","Typology generated from the frozen extraction flag and direct structural fields; no theoretical adjudication."
"AMB-00013","EXT-000029","D1_GDPR","32016R0679#article_21/p1","CROSS_REFERENCE_AMBIGUITY",,"STRUCTURAL","YES","NO","YES","Typology generated from the frozen extraction flag and direct structural fields; no theoretical adjudication."
"AMB-00014","EXT-000036","D1_GDPR","32016R0679#article_24/p1","MULTI_ACTION_PROVISION",,"STRUCTURAL","YES","NO","YES","Typology generated from the frozen extraction flag and direct structural fields; no theoretical adjudication."
"AMB-00015","EXT-000037","D1_GDPR","32016R0679#article_25/p2","MULTI_ACTION_PROVISION",,"STRUCTURAL","YES","NO","YES","Typology generated from the frozen extraction flag and direct structural fields; no theoretical adjudication."
"AMB-00016","EXT-000045","D1_GDPR","32016R0679#article_28/p2","MULTI_ACTION_PROVISION",,"STRUCTURAL","YES","NO","YES","Typology generated from the frozen extraction flag and direct structural fields; no theoretical adjudication."
"AMB-00017","EXT-000046","D1_GDPR","32016R0679#article_28/p2","ACTION_OBJECT_AMBIGUITY",,"STRUCTURAL","YES","NO","YES","Typology generated from the frozen extraction flag and direct structural fields; no theoretical adjudication."
"AMB-00018","EXT-000047","D1_GDPR","32016R0679#article_28/p3","MULTI_ACTION_PROVISION",,"STRUCTURAL","YES","NO","YES","Typology generated from the frozen extraction flag and direct structural fields; no theoretical adjudication."
"AMB-00019","EXT-000055","D1_GDPR","32016R0679#article_32/p4","MULTI_ACTOR_PROVISION",,"STRUCTURAL","NO_OR_LIMITED","NO","YES","Typology generated from the frozen extraction flag and direct structural fields; no theoretical adjudication."
"AMB-00020","EXT-000056","D1_GDPR","32016R0679#article_33/p1","MULTI_ACTION_PROVISION",,"STRUCTURAL","YES","NO","YES","Typology generated from the frozen extraction flag and direct structural fields; no theoretical adjudication."
"AMB-00021","EXT-000058","D1_GDPR","32016R0679#article_33/p5","ACTION_OBJECT_AMBIGUITY",,"STRUCTURAL","YES","NO","YES","Typology generated from the frozen extraction flag and direct structural fields; no theoretical adjudication."
"AMB-00022","EXT-000062","D1_GDPR","32016R0679#article_35/p4","CROSS_REFERENCE_AMBIGUITY",,"STRUCTURAL","YES","NO","YES","Typology generated from the frozen extraction flag and direct structural fields; no theoretical adjudication."
"AMB-00023","EXT-000063","D1_GDPR","32016R0679#article_35/p4","MULTI_ACTION_PROVISION",,"STRUCTURAL","YES","NO","YES","Typology generated from the frozen extraction flag and direct structural fields; no theoretical adjudication."
"AMB-00024","EXT-000064","D1_GDPR","32016R0679#article_35/p5","MULTI_ACTION_PROVISION",,"STRUCTURAL","YES","NO","YES","Typology generated from the frozen extraction flag and direct structural fields; no theoretical adjudication."
"AMB-00025","EXT-000065","D1_GDPR","32016R0679#article_35/p5","COUNTERPART_AMBIGUITY",,"STRUCTURAL","NO_OR_LIMITED","NO","YES","Typology generated from the frozen extraction flag and direct structural fields; no theoretical adjudication."
"AMB-00026","EXT-000066","D1_GDPR","32016R0679#article_35/p6","CROSS_REFERENCE_AMBIGUITY",,"STRUCTURAL","YES","NO","YES","Typology generated from the frozen extraction flag and direct structural fields; no theoretical adjudication."
"AMB-00027","EXT-000069","D1_GDPR","32016R0679#article_36/p2","MULTI_ACTION_PROVISION",,"STRUCTURAL","YES","NO","YES","Typology generated from the frozen extraction flag and direct structural fields; no theoretical adjudication."
"AMB-00028","EXT-000075","D1_GDPR","32016R0679#article_37/p4","MULTI_ACTOR_PROVISION",,"STRUCTURAL","NO_OR_LIMITED","NO","YES","Typology generated from the frozen extraction flag and direct structural fields; no theoretical adjudication."
"AMB-00029","EXT-000079","D1_GDPR","32016R0679#article_38/p3","MULTI_ACTOR_PROVISION",,"STRUCTURAL","NO_OR_LIMITED","NO","YES","Typology generated from the frozen extraction flag and direct structural fields; no theoretical adjudication."
"AMB-00030","EXT-000080","D1_GDPR","32016R0679#article_38/p6","MULTI_ACTOR_PROVISION",,"STRUCTURAL","NO_OR_LIMITED","NO","YES","Typology generated from the frozen extraction flag and direct structural fields; no theoretical adjudication."
"AMB-00031","EXT-000083","D1_GDPR","32016R0679#article_40/p11","ACTION_OBJECT_AMBIGUITY",,"STRUCTURAL","YES","NO","YES","Typology generated from the frozen extraction flag and direct structural fields; no theoretical adjudication."
"AMB-00032","EXT-000085","D1_GDPR","32016R0679#article_40/p5","CROSS_REFERENCE_AMBIGUITY",,"STRUCTURAL","YES","NO","YES","Typology generated from the frozen extraction flag and direct structural fields; no theoretical adjudication."
"AMB-00033","EXT-000091","D1_GDPR","32016R0679#article_42/p1","MULTI_ACTOR_PROVISION",,"STRUCTURAL","NO_OR_LIMITED","NO","YES","Typology generated from the frozen extraction flag and direct structural fields; no theoretical adjudication."
"AMB-00034","EXT-000093","D1_GDPR","32016R0679#article_42/p8","MULTI_ACTION_PROVISION",,"STRUCTURAL","YES","NO","YES","Typology generated from the frozen extraction flag and direct structural fields; no theoretical adjudication."
"AMB-00035","EXT-000095","D1_GDPR","32016R0679#article_43/p6","MULTI_ACTION_PROVISION",,"STRUCTURAL","YES","NO","YES","Typology generated from the frozen extraction flag and direct structural fields; no theoretical adjudication."
"AMB-00036","EXT-000096","D1_GDPR","32016R0679#article_43/p6","MULTI_ACTION_PROVISION",,"STRUCTURAL","YES","NO","YES","Typology generated from the frozen extraction flag and direct structural fields; no theoretical adjudication."
"AMB-00037","EXT-000099","D1_GDPR","32016R0679#article_43/p9","CROSS_REFERENCE_AMBIGUITY",,"STRUCTURAL","YES","NO","YES","Typology generated from the frozen extraction flag and direct structural fields; no theoretical adjudication."
"AMB-00038","EXT-000100","D1_GDPR","32016R0679#article_45/p1","MULTI_ACTOR_PROVISION",,"STRUCTURAL","NO_OR_LIMITED","NO","YES","Typology generated from the frozen extraction flag and direct structural fields; no theoretical adjudication."
"AMB-00039","EXT-000101","D1_GDPR","32016R0679#article_45/p5","CROSS_REFERENCE_AMBIGUITY",,"STRUCTURAL","YES","NO","YES","Typology generated from the frozen extraction flag and direct structural fields; no theoretical adjudication."
"AMB-00040","EXT-000108","D1_GDPR","32016R0679#article_47/p3","MULTI_ACTION_PROVISION",,"STRUCTURAL","YES","NO","YES","Typology generated from the frozen extraction flag and direct structural fields; no theoretical adjudication."
"AMB-00041","EXT-000110","D1_GDPR","32016R0679#article_49/p1(a)(b)(c)(d)(e)(f)(g)","MULTI_ACTOR_PROVISION",,"STRUCTURAL","NO_OR_LIMITED","NO","YES","Typology generated from the frozen extraction flag and direct structural fields; no theoretical adjudication."
"AMB-00042","EXT-000111","D1_GDPR","32016R0679#article_49/p1(a)(b)(c)(d)(e)(f)(g)","CROSS_REFERENCE_AMBIGUITY",,"STRUCTURAL","YES","NO","YES","Typology generated from the frozen extraction flag and direct structural fields; no theoretical adjudication."
"AMB-00043","EXT-000112","D1_GDPR","32016R0679#article_49/p1(a)(b)(c)(d)(e)(f)(g)","MULTI_ACTOR_PROVISION",,"STRUCTURAL","NO_OR_LIMITED","NO","YES","Typology generated from the frozen extraction flag and direct structural fields; no theoretical adjudication."
"AMB-00044","EXT-000117","D1_GDPR","32016R0679#article_51/p2","MULTI_ACTION_PROVISION",,"STRUCTURAL","YES","NO","YES","Typology generated from the frozen extraction flag and direct structural fields; no theoretical adjudication."
"AMB-00045","EXT-000118","D1_GDPR","32016R0679#article_51/p2","CROSS_REFERENCE_AMBIGUITY",,"STRUCTURAL","YES","NO","YES","Typology generated from the frozen extraction flag and direct structural fields; no theoretical adjudication."
"AMB-00046","EXT-000119","D1_GDPR","32016R0679#article_51/p3","MULTI_ACTOR_PROVISION",,"STRUCTURAL","NO_OR_LIMITED","NO","YES","Typology generated from the frozen extraction flag and direct structural fields; no theoretical adjudication."
"AMB-00047","EXT-000120","D1_GDPR","32016R0679#article_51/p3","CROSS_REFERENCE_AMBIGUITY",,"STRUCTURAL","YES","NO","YES","Typology generated from the frozen extraction flag and direct structural fields; no theoretical adjudication."
"AMB-00048","EXT-000123","D1_GDPR","32016R0679#article_52/p3","MULTI_ACTOR_PROVISION",,"STRUCTURAL","NO_OR_LIMITED","NO","YES","Typology generated from the frozen extraction flag and direct structural fields; no theoretical adjudication."
"AMB-00049","EXT-000125","D1_GDPR","32016R0679#article_52/p5","MULTI_ACTION_PROVISION",,"STRUCTURAL","YES","NO","YES","Typology generated from the frozen extraction flag and direct structural fields; no theoretical adjudication."
"AMB-00050","EXT-000126","D1_GDPR","32016R0679#article_52/p6","ACTION_OBJECT_AMBIGUITY",,"STRUCTURAL","YES","NO","YES","Typology generated from the frozen extraction flag and direct structural fields; no theoretical adjudication."
"AMB-00051","EXT-000134","D1_GDPR","32016R0679#article_56/p3","MULTI_ACTION_PROVISION",,"STRUCTURAL","YES","NO","YES","Typology generated from the frozen extraction flag and direct structural fields; no theoretical adjudication."
"AMB-00052","EXT-000135","D1_GDPR","32016R0679#article_56/p3","CROSS_REFERENCE_AMBIGUITY",,"STRUCTURAL","YES","NO","YES","Typology generated from the frozen extraction flag and direct structural fields; no theoretical adjudication."
"AMB-00053","EXT-000136","D1_GDPR","32016R0679#article_56/p4","CROSS_REFERENCE_AMBIGUITY",,"STRUCTURAL","YES","NO","YES","Typology generated from the frozen extraction flag and direct structural fields; no theoretical adjudication."
"AMB-00054","EXT-000137","D1_GDPR","32016R0679#article_56/p4","CROSS_REFERENCE_AMBIGUITY",,"STRUCTURAL","YES","NO","YES","Typology generated from the frozen extraction flag and direct structural fields; no theoretical adjudication."
"AMB-00055","EXT-000141","D1_GDPR","32016R0679#article_57/p2","ACTION_OBJECT_AMBIGUITY",,"STRUCTURAL","YES","NO","YES","Typology generated from the frozen extraction flag and direct structural fields; no theoretical adjudication."
"AMB-00056","EXT-000143","D1_GDPR","32016R0679#article_57/p4","ACTION_SCOPE_AMBIGUITY",,"STRUCTURAL","YES","NO","YES","Typology generated from the frozen extraction flag and direct structural fields; no theoretical adjudication."
"AMB-00057","EXT-000144","D1_GDPR","32016R0679#article_57/p4","ACTION_OBJECT_AMBIGUITY",,"STRUCTURAL","YES","NO","YES","Typology generated from the frozen extraction flag and direct structural fields; no theoretical adjudication."
"AMB-00058","EXT-000148","D1_GDPR","32016R0679#article_58/p4","PRONOUN_REFERENCE_AMBIGUITY",,"STRUCTURAL","NO_OR_LIMITED","NO","YES","Typology generated from the frozen extraction flag and direct structural fields; no theoretical adjudication."
"AMB-00059","EXT-000150","D1_GDPR","32016R0679#article_58/p6","CROSS_REFERENCE_AMBIGUITY",,"STRUCTURAL","YES","NO","YES","Typology generated from the frozen extraction flag and direct structural fields; no theoretical adjudication."
"AMB-00060","EXT-000152","D1_GDPR","32016R0679#article_6/p3(a)(b)","MULTI_ACTOR_PROVISION",,"STRUCTURAL","NO_OR_LIMITED","NO","YES","Typology generated from the frozen extraction flag and direct structural fields; no theoretical adjudication."
"AMB-00061","EXT-000153","D1_GDPR","32016R0679#article_60/p1","CROSS_REFERENCE_AMBIGUITY",,"STRUCTURAL","YES","NO","YES","Typology generated from the frozen extraction flag and direct structural fields; no theoretical adjudication."
"AMB-00062","EXT-000154","D1_GDPR","32016R0679#article_60/p1","MULTI_ACTOR_PROVISION",,"STRUCTURAL","NO_OR_LIMITED","NO","YES","Typology generated from the frozen extraction flag and direct structural fields; no theoretical adjudication."
"AMB-00063","EXT-000155","D1_GDPR","32016R0679#article_60/p10","MULTI_ACTOR_PROVISION",,"STRUCTURAL","NO_OR_LIMITED","NO","YES","Typology generated from the frozen extraction flag and direct structural fields; no theoretical adjudication."
"AMB-00064","EXT-000156","D1_GDPR","32016R0679#article_60/p10","MULTI_ACTOR_PROVISION",,"STRUCTURAL","NO_OR_LIMITED","NO","YES","Typology generated from the frozen extraction flag and direct structural fields; no theoretical adjudication."
"AMB-00065","EXT-000158","D1_GDPR","32016R0679#article_60/p2","CROSS_REFERENCE_AMBIGUITY",,"STRUCTURAL","YES","NO","YES","Typology generated from the frozen extraction flag and direct structural fields; no theoretical adjudication."
"AMB-00066","EXT-000159","D1_GDPR","32016R0679#article_60/p6","MULTI_ACTOR_PROVISION",,"STRUCTURAL","NO_OR_LIMITED","NO","YES","Typology generated from the frozen extraction flag and direct structural fields; no theoretical adjudication."
"AMB-00067","EXT-000160","D1_GDPR","32016R0679#article_60/p7","MULTI_ACTION_PROVISION",,"STRUCTURAL","YES","NO","YES","Typology generated from the frozen extraction flag and direct structural fields; no theoretical adjudication."
"AMB-00068","EXT-000161","D1_GDPR","32016R0679#article_60/p7","COUNTERPART_AMBIGUITY",,"STRUCTURAL","NO_OR_LIMITED","NO","YES","Typology generated from the frozen extraction flag and direct structural fields; no theoretical adjudication."
"AMB-00069","EXT-000162","D1_GDPR","32016R0679#article_60/p8","MULTI_ACTOR_PROVISION",,"STRUCTURAL","NO_OR_LIMITED","NO","YES","Typology generated from the frozen extraction flag and direct structural fields; no theoretical adjudication."
"AMB-00070","EXT-000163","D1_GDPR","32016R0679#article_60/p8","MULTI_ACTION_PROVISION",,"STRUCTURAL","YES","NO","YES","Typology generated from the frozen extraction flag and direct structural fields; no theoretical adjudication."
"AMB-00071","EXT-000164","D1_GDPR","32016R0679#article_60/p9","PRONOUN_REFERENCE_AMBIGUITY",,"STRUCTURAL","NO_OR_LIMITED","NO","YES","Typology generated from the frozen extraction flag and direct structural fields; no theoretical adjudication."
"AMB-00072","EXT-000165","D1_GDPR","32016R0679#article_60/p9","ACTION_OBJECT_AMBIGUITY",,"STRUCTURAL","YES","NO","YES","Typology generated from the frozen extraction flag and direct structural fields; no theoretical adjudication."
"AMB-00073","EXT-000166","D1_GDPR","32016R0679#article_60/p9","MULTI_ACTOR_PROVISION",,"STRUCTURAL","NO_OR_LIMITED","NO","YES","Typology generated from the frozen extraction flag and direct structural fields; no theoretical adjudication."
"AMB-00074","EXT-000167","D1_GDPR","32016R0679#article_60/p9","ACTION_OBJECT_AMBIGUITY",,"STRUCTURAL","YES","NO","YES","Typology generated from the frozen extraction flag and direct structural fields; no theoretical adjudication."
"AMB-00075","EXT-000168","D1_GDPR","32016R0679#article_61/p1","MULTI_ACTION_PROVISION",,"STRUCTURAL","YES","NO","YES","Typology generated from the frozen extraction flag and direct structural fields; no theoretical adjudication."
"AMB-00076","EXT-000169","D1_GDPR","32016R0679#article_61/p2","ACTION_OBJECT_AMBIGUITY",,"STRUCTURAL","YES","NO","YES","Typology generated from the frozen extraction flag and direct structural fields; no theoretical adjudication."
"AMB-00077","EXT-000171","D1_GDPR","32016R0679#article_61/p5","ACTION_OBJECT_AMBIGUITY",,"STRUCTURAL","YES","NO","YES","Typology generated from the frozen extraction flag and direct structural fields; no theoretical adjudication."
"AMB-00078","EXT-000172","D1_GDPR","32016R0679#article_61/p5","COUNTERPART_AMBIGUITY",,"STRUCTURAL","NO_OR_LIMITED","NO","YES","Typology generated from the frozen extraction flag and direct structural fields; no theoretical adjudication."
"AMB-00079","EXT-000173","D1_GDPR","32016R0679#article_61/p7","ACTION_OBJECT_AMBIGUITY",,"STRUCTURAL","YES","NO","YES","Typology generated from the frozen extraction flag and direct structural fields; no theoretical adjudication."
"AMB-00080","EXT-000174","D1_GDPR","32016R0679#article_61/p7","ACTION_OBJECT_AMBIGUITY",,"STRUCTURAL","YES","NO","YES","Typology generated from the frozen extraction flag and direct structural fields; no theoretical adjudication."
"AMB-00081","EXT-000176","D1_GDPR","32016R0679#article_62/p2","MULTI_ACTOR_PROVISION",,"STRUCTURAL","NO_OR_LIMITED","NO","YES","Typology generated from the frozen extraction flag and direct structural fields; no theoretical adjudication."
"AMB-00082","EXT-000177","D1_GDPR","32016R0679#article_62/p2","CROSS_REFERENCE_AMBIGUITY",,"STRUCTURAL","YES","NO","YES","Typology generated from the frozen extraction flag and direct structural fields; no theoretical adjudication."
"AMB-00083","EXT-000178","D1_GDPR","32016R0679#article_62/p3","MULTI_ACTOR_PROVISION",,"STRUCTURAL","NO_OR_LIMITED","NO","YES","Typology generated from the frozen extraction flag and direct structural fields; no theoretical adjudication."
"AMB-00084","EXT-000180","D1_GDPR","32016R0679#article_62/p5","ACTION_OBJECT_AMBIGUITY",,"STRUCTURAL","YES","NO","YES","Typology generated from the frozen extraction flag and direct structural fields; no theoretical adjudication."
"AMB-00085","EXT-000181","D1_GDPR","32016R0679#article_62/p5","COUNTERPART_AMBIGUITY",,"STRUCTURAL","NO_OR_LIMITED","NO","YES","Typology generated from the frozen extraction flag and direct structural fields; no theoretical adjudication."
"AMB-00086","EXT-000184","D1_GDPR","32016R0679#article_64/p1","ACTION_OBJECT_AMBIGUITY",,"STRUCTURAL","YES","NO","YES","Typology generated from the frozen extraction flag and direct structural fields; no theoretical adjudication."
"AMB-00087","EXT-000185","D1_GDPR","32016R0679#article_64/p1","COUNTERPART_AMBIGUITY",,"STRUCTURAL","NO_OR_LIMITED","NO","YES","Typology generated from the frozen extraction flag and direct structural fields; no theoretical adjudication."
"AMB-00088","EXT-000187","D1_GDPR","32016R0679#article_64/p3","COUNTERPART_AMBIGUITY",,"STRUCTURAL","NO_OR_LIMITED","NO","YES","Typology generated from the frozen extraction flag and direct structural fields; no theoretical adjudication."
"AMB-00089","EXT-000192","D1_GDPR","32016R0679#article_65/p5","ACTION_OBJECT_AMBIGUITY",,"STRUCTURAL","YES","NO","YES","Typology generated from the frozen extraction flag and direct structural fields; no theoretical adjudication."
"AMB-00090","EXT-000193","D1_GDPR","32016R0679#article_65/p6","CROSS_REFERENCE_AMBIGUITY",,"STRUCTURAL","YES","NO","YES","Typology generated from the frozen extraction flag and direct structural fields; no theoretical adjudication."
"AMB-00091","EXT-000194","D1_GDPR","32016R0679#article_65/p6","CROSS_REFERENCE_AMBIGUITY",,"STRUCTURAL","YES","NO","YES","Typology generated from the frozen extraction flag and direct structural fields; no theoretical adjudication."
"AMB-00092","EXT-000195","D1_GDPR","32016R0679#article_66/p3","MULTI_ACTION_PROVISION",,"STRUCTURAL","YES","NO","YES","Typology generated from the frozen extraction flag and direct structural fields; no theoretical adjudication."
"AMB-00093","EXT-000200","D1_GDPR","32016R0679#article_68/p5","COUNTERPART_AMBIGUITY",,"STRUCTURAL","NO_OR_LIMITED","NO","YES","Typology generated from the frozen extraction flag and direct structural fields; no theoretical adjudication."
"AMB-00094","EXT-000201","D1_GDPR","32016R0679#article_68/p5","COUNTERPART_AMBIGUITY",,"STRUCTURAL","NO_OR_LIMITED","NO","YES","Typology generated from the frozen extraction flag and direct structural fields; no theoretical adjudication."
"AMB-00095","EXT-000202","D1_GDPR","32016R0679#article_68/p5","MULTI_ACTION_PROVISION",,"STRUCTURAL","YES","NO","YES","Typology generated from the frozen extraction flag and direct structural fields; no theoretical adjudication."
"AMB-00096","EXT-000205","D1_GDPR","32016R0679#article_7/p3","ACTION_SCOPE_AMBIGUITY",,"STRUCTURAL","YES","NO","YES","Typology generated from the frozen extraction flag and direct structural fields; no theoretical adjudication."
"AMB-00097","EXT-000206","D1_GDPR","32016R0679#article_7/p3","MULTI_ACTION_PROVISION",,"STRUCTURAL","YES","NO","YES","Typology generated from the frozen extraction flag and direct structural fields; no theoretical adjudication."
"AMB-00098","EXT-000211","D1_GDPR","32016R0679#article_71/p1","COUNTERPART_AMBIGUITY",,"STRUCTURAL","NO_OR_LIMITED","NO","YES","Typology generated from the frozen extraction flag and direct structural fields; no theoretical adjudication."
"AMB-00099","EXT-000216","D1_GDPR","32016R0679#article_75/p1","ACTION_SCOPE_AMBIGUITY",,"STRUCTURAL","YES","NO","YES","Typology generated from the frozen extraction flag and direct structural fields; no theoretical adjudication."
"AMB-00100","EXT-000217","D1_GDPR","32016R0679#article_75/p3","PRONOUN_REFERENCE_AMBIGUITY",,"STRUCTURAL","NO_OR_LIMITED","NO","YES","Typology generated from the frozen extraction flag and direct structural fields; no theoretical adjudication."
"AMB-00101","EXT-000227","D1_GDPR","32016R0679#article_79/p2","MULTI_ACTOR_PROVISION",,"STRUCTURAL","NO_OR_LIMITED","NO","YES","Typology generated from the frozen extraction flag and direct structural fields; no theoretical adjudication."
"AMB-00102","EXT-000228","D1_GDPR","32016R0679#article_8/p1","CROSS_REFERENCE_AMBIGUITY",,"STRUCTURAL","YES","NO","YES","Typology generated from the frozen extraction flag and direct structural fields; no theoretical adjudication."
"AMB-00103","EXT-000234","D1_GDPR","32016R0679#article_82/p2","ACTION_OBJECT_AMBIGUITY",,"STRUCTURAL","YES","NO","YES","Typology generated from the frozen extraction flag and direct structural fields; no theoretical adjudication."
"AMB-00104","EXT-000235","D1_GDPR","32016R0679#article_82/p2","ACTION_SCOPE_AMBIGUITY",,"STRUCTURAL","YES","NO","YES","Typology generated from the frozen extraction flag and direct structural fields; no theoretical adjudication."
"AMB-00105","EXT-000241","D1_GDPR","32016R0679#article_83/p7","MULTI_ACTION_PROVISION",,"STRUCTURAL","YES","NO","YES","Typology generated from the frozen extraction flag and direct structural fields; no theoretical adjudication."
"AMB-00106","EXT-000242","D1_GDPR","32016R0679#article_83/p8","PRONOUN_REFERENCE_AMBIGUITY",,"STRUCTURAL","NO_OR_LIMITED","NO","YES","Typology generated from the frozen extraction flag and direct structural fields; no theoretical adjudication."
"AMB-00107","EXT-000243","D1_GDPR","32016R0679#article_83/p9","ACTION_OBJECT_AMBIGUITY",,"STRUCTURAL","YES","NO","YES","Typology generated from the frozen extraction flag and direct structural fields; no theoretical adjudication."
"AMB-00108","EXT-000244","D1_GDPR","32016R0679#article_84/p1","CROSS_REFERENCE_AMBIGUITY",,"STRUCTURAL","YES","NO","YES","Typology generated from the frozen extraction flag and direct structural fields; no theoretical adjudication."
"AMB-00109","EXT-000256","D1_GDPR","32016R0679#article_90/p1","CROSS_REFERENCE_AMBIGUITY",,"STRUCTURAL","YES","NO","YES","Typology generated from the frozen extraction flag and direct structural fields; no theoretical adjudication."
"AMB-00110","EXT-000259","D1_GDPR","32016R0679#article_93/p1","ACTION_SCOPE_AMBIGUITY",,"STRUCTURAL","YES","NO","YES","Typology generated from the frozen extraction flag and direct structural fields; no theoretical adjudication."
"AMB-00111","EXT-000260","D1_GDPR","32016R0679#article_93/p1","ACTION_SCOPE_AMBIGUITY",,"STRUCTURAL","YES","NO","YES","Typology generated from the frozen extraction flag and direct structural fields; no theoretical adjudication."
"AMB-00112","EXT-000261","D1_GDPR","32016R0679#article_97/p1","MULTI_ACTION_PROVISION",,"STRUCTURAL","YES","NO","YES","Typology generated from the frozen extraction flag and direct structural fields; no theoretical adjudication."
"AMB-00113","EXT-000265","D1_GDPR","32016R0679#recital_10","MULTI_ACTION_PROVISION",,"STRUCTURAL","YES","NO","YES","Typology generated from the frozen extraction flag and direct structural fields; no theoretical adjudication."
"AMB-00114","EXT-000266","D1_GDPR","32016R0679#recital_10","ACTION_OBJECT_AMBIGUITY",,"STRUCTURAL","YES","NO","YES","Typology generated from the frozen extraction flag and direct structural fields; no theoretical adjudication."
"AMB-00115","EXT-000267","D1_GDPR","32016R0679#recital_10","PRONOUN_REFERENCE_AMBIGUITY",,"STRUCTURAL","NO_OR_LIMITED","NO","YES","Typology generated from the frozen extraction flag and direct structural fields; no theoretical adjudication."
"AMB-00116","EXT-000268","D1_GDPR","32016R0679#recital_101","PRONOUN_REFERENCE_AMBIGUITY",,"STRUCTURAL","NO_OR_LIMITED","NO","YES","Typology generated from the frozen extraction flag and direct structural fields; no theoretical adjudication."
"AMB-00117","EXT-000270","D1_GDPR","32016R0679#recital_103","ACTION_OBJECT_AMBIGUITY",,"STRUCTURAL","YES","NO","YES","Typology generated from the frozen extraction flag and direct structural fields; no theoretical adjudication."
"AMB-00118","EXT-000271","D1_GDPR","32016R0679#recital_103","ACTION_OBJECT_AMBIGUITY",,"STRUCTURAL","YES","NO","YES","Typology generated from the frozen extraction flag and direct structural fields; no theoretical adjudication."
"AMB-00119","EXT-000272","D1_GDPR","32016R0679#recital_103","MULTI_ACTOR_PROVISION",,"STRUCTURAL","NO_OR_LIMITED","NO","YES","Typology generated from the frozen extraction flag and direct structural fields; no theoretical adjudication."
"AMB-00120","EXT-000273","D1_GDPR","32016R0679#recital_105","COUNTERPART_AMBIGUITY",,"STRUCTURAL","NO_OR_LIMITED","NO","YES","Typology generated from the frozen extraction flag and direct structural fields; no theoretical adjudication."
"AMB-00121","EXT-000274","D1_GDPR","32016R0679#recital_105","ACTION_OBJECT_AMBIGUITY",,"STRUCTURAL","YES","NO","YES","Typology generated from the frozen extraction flag and direct structural fields; no theoretical adjudication."
"AMB-00122","EXT-000275","D1_GDPR","32016R0679#recital_106","CROSS_REFERENCE_AMBIGUITY",,"STRUCTURAL","YES","NO","YES","Typology generated from the frozen extraction flag and direct structural fields; no theoretical adjudication."
"AMB-00123","EXT-000276","D1_GDPR","32016R0679#recital_106","CROSS_REFERENCE_AMBIGUITY",,"STRUCTURAL","YES","NO","YES","Typology generated from the frozen extraction flag and direct structural fields; no theoretical adjudication."
"AMB-00124","EXT-000277","D1_GDPR","32016R0679#recital_106","CROSS_REFERENCE_AMBIGUITY",,"STRUCTURAL","YES","NO","YES","Typology generated from the frozen extraction flag and direct structural fields; no theoretical adjudication."
"AMB-00125","EXT-000278","D1_GDPR","32016R0679#recital_106","MULTI_ACTION_PROVISION",,"STRUCTURAL","YES","NO","YES","Typology generated from the frozen extraction flag and direct structural fields; no theoretical adjudication."
"AMB-00126","EXT-000279","D1_GDPR","32016R0679#recital_107","ACTION_OBJECT_AMBIGUITY",,"STRUCTURAL","YES","NO","YES","Typology generated from the frozen extraction flag and direct structural fields; no theoretical adjudication."
"AMB-00127","EXT-000280","D1_GDPR","32016R0679#recital_107","MULTI_ACTOR_PROVISION",,"STRUCTURAL","NO_OR_LIMITED","NO","YES","Typology generated from the frozen extraction flag and direct structural fields; no theoretical adjudication."
"AMB-00128","EXT-000281","D1_GDPR","32016R0679#recital_108","COUNTERPART_AMBIGUITY",,"STRUCTURAL","NO_OR_LIMITED","NO","YES","Typology generated from the frozen extraction flag and direct structural fields; no theoretical adjudication."
"AMB-00129","EXT-000282","D1_GDPR","32016R0679#recital_108","MULTI_ACTOR_PROVISION",,"STRUCTURAL","NO_OR_LIMITED","NO","YES","Typology generated from the frozen extraction flag and direct structural fields; no theoretical adjudication."
"AMB-00130","EXT-000283","D1_GDPR","32016R0679#recital_109","MULTI_ACTOR_PROVISION",,"STRUCTURAL","NO_OR_LIMITED","NO","YES","Typology generated from the frozen extraction flag and direct structural fields; no theoretical adjudication."
"AMB-00131","EXT-000284","D1_GDPR","32016R0679#recital_112","ACTION_OBJECT_AMBIGUITY",,"STRUCTURAL","YES","NO","YES","Typology generated from the frozen extraction flag and direct structural fields; no theoretical adjudication."
"AMB-00132","EXT-000285","D1_GDPR","32016R0679#recital_113","ACTION_OBJECT_AMBIGUITY",,"STRUCTURAL","YES","NO","YES","Typology generated from the frozen extraction flag and direct structural fields; no theoretical adjudication."
"AMB-00133","EXT-000286","D1_GDPR","32016R0679#recital_113","MULTI_ACTION_PROVISION",,"STRUCTURAL","YES","NO","YES","Typology generated from the frozen extraction flag and direct structural fields; no theoretical adjudication."
"AMB-00134","EXT-000288","D1_GDPR","32016R0679#recital_116","MULTI_ACTOR_PROVISION",,"STRUCTURAL","NO_OR_LIMITED","NO","YES","Typology generated from the frozen extraction flag and direct structural fields; no theoretical adjudication."
"AMB-00135","EXT-000289","D1_GDPR","32016R0679#recital_116","ACTION_OBJECT_AMBIGUITY",,"STRUCTURAL","YES","NO","YES","Typology generated from the frozen extraction flag and direct structural fields; no theoretical adjudication."
"AMB-00136","EXT-000292","D1_GDPR","32016R0679#recital_119","ACTION_OBJECT_AMBIGUITY",,"STRUCTURAL","YES","NO","YES","Typology generated from the frozen extraction flag and direct structural fields; no theoretical adjudication."
"AMB-00137","EXT-000293","D1_GDPR","32016R0679#recital_120","MULTI_ACTION_PROVISION",,"STRUCTURAL","YES","NO","YES","Typology generated from the frozen extraction flag and direct structural fields; no theoretical adjudication."
"AMB-00138","EXT-000294","D1_GDPR","32016R0679#recital_120","COUNTERPART_AMBIGUITY",,"STRUCTURAL","NO_OR_LIMITED","NO","YES","Typology generated from the frozen extraction flag and direct structural fields; no theoretical adjudication."
"AMB-00139","EXT-000295","D1_GDPR","32016R0679#recital_121","MULTI_ACTOR_PROVISION",,"STRUCTURAL","NO_OR_LIMITED","NO","YES","Typology generated from the frozen extraction flag and direct structural fields; no theoretical adjudication."
"AMB-00140","EXT-000296","D1_GDPR","32016R0679#recital_121","MULTI_ACTOR_PROVISION",,"STRUCTURAL","NO_OR_LIMITED","NO","YES","Typology generated from the frozen extraction flag and direct structural fields; no theoretical adjudication."
"AMB-00141","EXT-000297","D1_GDPR","32016R0679#recital_121","ACTION_OBJECT_AMBIGUITY",,"STRUCTURAL","YES","NO","YES","Typology generated from the frozen extraction flag and direct structural fields; no theoretical adjudication."
"AMB-00142","EXT-000298","D1_GDPR","32016R0679#recital_122","COUNTERPART_AMBIGUITY",,"STRUCTURAL","NO_OR_LIMITED","NO","YES","Typology generated from the frozen extraction flag and direct structural fields; no theoretical adjudication."
"AMB-00143","EXT-000299","D1_GDPR","32016R0679#recital_123","MULTI_ACTION_PROVISION",,"STRUCTURAL","YES","NO","YES","Typology generated from the frozen extraction flag and direct structural fields; no theoretical adjudication."
"AMB-00144","EXT-000300","D1_GDPR","32016R0679#recital_123","ACTION_OBJECT_AMBIGUITY",,"STRUCTURAL","YES","NO","YES","Typology generated from the frozen extraction flag and direct structural fields; no theoretical adjudication."
"AMB-00145","EXT-000301","D1_GDPR","32016R0679#recital_124","ACTION_OBJECT_AMBIGUITY",,"STRUCTURAL","YES","NO","YES","Typology generated from the frozen extraction flag and direct structural fields; no theoretical adjudication."
"AMB-00146","EXT-000302","D1_GDPR","32016R0679#recital_124","MULTI_ACTOR_PROVISION",,"STRUCTURAL","NO_OR_LIMITED","NO","YES","Typology generated from the frozen extraction flag and direct structural fields; no theoretical adjudication."
"AMB-00147","EXT-000303","D1_GDPR","32016R0679#recital_124","PRONOUN_REFERENCE_AMBIGUITY",,"STRUCTURAL","NO_OR_LIMITED","NO","YES","Typology generated from the frozen extraction flag and direct structural fields; no theoretical adjudication."
"AMB-00148","EXT-000304","D1_GDPR","32016R0679#recital_125","ACTION_SCOPE_AMBIGUITY",,"STRUCTURAL","YES","NO","YES","Typology generated from the frozen extraction flag and direct structural fields; no theoretical adjudication."
"AMB-00149","EXT-000305","D1_GDPR","32016R0679#recital_125","MULTI_ACTION_PROVISION",,"STRUCTURAL","YES","NO","YES","Typology generated from the frozen extraction flag and direct structural fields; no theoretical adjudication."
"AMB-00150","EXT-000306","D1_GDPR","32016R0679#recital_126","MULTI_ACTOR_PROVISION",,"STRUCTURAL","NO_OR_LIMITED","NO","YES","Typology generated from the frozen extraction flag and direct structural fields; no theoretical adjudication."
"AMB-00151","EXT-000307","D1_GDPR","32016R0679#recital_126","MULTI_ACTOR_PROVISION",,"STRUCTURAL","NO_OR_LIMITED","NO","YES","Typology generated from the frozen extraction flag and direct structural fields; no theoretical adjudication."
"AMB-00152","EXT-000308","D1_GDPR","32016R0679#recital_127","ACTION_OBJECT_AMBIGUITY",,"STRUCTURAL","YES","NO","YES","Typology generated from the frozen extraction flag and direct structural fields; no theoretical adjudication."
"AMB-00153","EXT-000309","D1_GDPR","32016R0679#recital_127","ACTION_OBJECT_AMBIGUITY",,"STRUCTURAL","YES","NO","YES","Typology generated from the frozen extraction flag and direct structural fields; no theoretical adjudication."
"AMB-00154","EXT-000310","D1_GDPR","32016R0679#recital_127","COUNTERPART_AMBIGUITY",,"STRUCTURAL","NO_OR_LIMITED","NO","YES","Typology generated from the frozen extraction flag and direct structural fields; no theoretical adjudication."
"AMB-00155","EXT-000311","D1_GDPR","32016R0679#recital_127","PRONOUN_REFERENCE_AMBIGUITY",,"STRUCTURAL","NO_OR_LIMITED","NO","YES","Typology generated from the frozen extraction flag and direct structural fields; no theoretical adjudication."
"AMB-00156","EXT-000312","D1_GDPR","32016R0679#recital_127","ACTION_OBJECT_AMBIGUITY",,"STRUCTURAL","YES","NO","YES","Typology generated from the frozen extraction flag and direct structural fields; no theoretical adjudication."
"AMB-00157","EXT-000313","D1_GDPR","32016R0679#recital_127","ACTION_OBJECT_AMBIGUITY",,"STRUCTURAL","YES","NO","YES","Typology generated from the frozen extraction flag and direct structural fields; no theoretical adjudication."
"AMB-00158","EXT-000314","D1_GDPR","32016R0679#recital_127","PRONOUN_REFERENCE_AMBIGUITY",,"STRUCTURAL","NO_OR_LIMITED","NO","YES","Typology generated from the frozen extraction flag and direct structural fields; no theoretical adjudication."
"AMB-00159","EXT-000315","D1_GDPR","32016R0679#recital_128","MULTI_ACTOR_PROVISION",,"STRUCTURAL","NO_OR_LIMITED","NO","YES","Typology generated from the frozen extraction flag and direct structural fields; no theoretical adjudication."
"AMB-00160","EXT-000316","D1_GDPR","32016R0679#recital_129","ACTION_OBJECT_AMBIGUITY",,"STRUCTURAL","YES","NO","YES","Typology generated from the frozen extraction flag and direct structural fields; no theoretical adjudication."
"AMB-00161","EXT-000317","D1_GDPR","32016R0679#recital_129","COUNTERPART_AMBIGUITY",,"STRUCTURAL","NO_OR_LIMITED","NO","YES","Typology generated from the frozen extraction flag and direct structural fields; no theoretical adjudication."
"AMB-00162","EXT-000318","D1_GDPR","32016R0679#recital_129","ACTION_OBJECT_AMBIGUITY",,"STRUCTURAL","YES","NO","YES","Typology generated from the frozen extraction flag and direct structural fields; no theoretical adjudication."
"AMB-00163","EXT-000319","D1_GDPR","32016R0679#recital_129","ACTION_OBJECT_AMBIGUITY",,"STRUCTURAL","YES","NO","YES","Typology generated from the frozen extraction flag and direct structural fields; no theoretical adjudication."
"AMB-00164","EXT-000320","D1_GDPR","32016R0679#recital_130","MULTI_ACTOR_PROVISION",,"STRUCTURAL","NO_OR_LIMITED","NO","YES","Typology generated from the frozen extraction flag and direct structural fields; no theoretical adjudication."
"AMB-00165","EXT-000321","D1_GDPR","32016R0679#recital_130","COUNTERPART_AMBIGUITY",,"STRUCTURAL","NO_OR_LIMITED","NO","YES","Typology generated from the frozen extraction flag and direct structural fields; no theoretical adjudication."
"AMB-00166","EXT-000322","D1_GDPR","32016R0679#recital_131","ACTION_OBJECT_AMBIGUITY",,"STRUCTURAL","YES","NO","YES","Typology generated from the frozen extraction flag and direct structural fields; no theoretical adjudication."
"AMB-00167","EXT-000324","D1_GDPR","32016R0679#recital_133","ACTION_OBJECT_AMBIGUITY",,"STRUCTURAL","YES","NO","YES","Typology generated from the frozen extraction flag and direct structural fields; no theoretical adjudication."
"AMB-00168","EXT-000325","D1_GDPR","32016R0679#recital_133","ACTION_OBJECT_AMBIGUITY",,"STRUCTURAL","YES","NO","YES","Typology generated from the frozen extraction flag and direct structural fields; no theoretical adjudication."
"AMB-00169","EXT-000327","D1_GDPR","32016R0679#recital_135","COUNTERPART_AMBIGUITY",,"STRUCTURAL","NO_OR_LIMITED","NO","YES","Typology generated from the frozen extraction flag and direct structural fields; no theoretical adjudication."
"AMB-00170","EXT-000328","D1_GDPR","32016R0679#recital_135","COUNTERPART_AMBIGUITY",,"STRUCTURAL","NO_OR_LIMITED","NO","YES","Typology generated from the frozen extraction flag and direct structural fields; no theoretical adjudication."
"AMB-00171","EXT-000329","D1_GDPR","32016R0679#recital_135","PRONOUN_REFERENCE_AMBIGUITY",,"STRUCTURAL","NO_OR_LIMITED","NO","YES","Typology generated from the frozen extraction flag and direct structural fields; no theoretical adjudication."
"AMB-00172","EXT-000330","D1_GDPR","32016R0679#recital_136","ACTION_SCOPE_AMBIGUITY",,"STRUCTURAL","YES","NO","YES","Typology generated from the frozen extraction flag and direct structural fields; no theoretical adjudication."
"AMB-00173","EXT-000331","D1_GDPR","32016R0679#recital_137","ACTION_OBJECT_AMBIGUITY",,"STRUCTURAL","YES","NO","YES","Typology generated from the frozen extraction flag and direct structural fields; no theoretical adjudication."
"AMB-00174","EXT-000332","D1_GDPR","32016R0679#recital_138","MULTI_ACTOR_PROVISION",,"STRUCTURAL","NO_OR_LIMITED","NO","YES","Typology generated from the frozen extraction flag and direct structural fields; no theoretical adjudication."
"AMB-00175","EXT-000333","D1_GDPR","32016R0679#recital_139","COUNTERPART_AMBIGUITY",,"STRUCTURAL","NO_OR_LIMITED","NO","YES","Typology generated from the frozen extraction flag and direct structural fields; no theoretical adjudication."
"AMB-00176","EXT-000334","D1_GDPR","32016R0679#recital_139","ACTION_OBJECT_AMBIGUITY",,"STRUCTURAL","YES","NO","YES","Typology generated from the frozen extraction flag and direct structural fields; no theoretical adjudication."
"AMB-00177","EXT-000335","D1_GDPR","32016R0679#recital_139","ACTION_OBJECT_AMBIGUITY",,"STRUCTURAL","YES","NO","YES","Typology generated from the frozen extraction flag and direct structural fields; no theoretical adjudication."
"AMB-00178","EXT-000336","D1_GDPR","32016R0679#recital_139","ACTION_OBJECT_AMBIGUITY",,"STRUCTURAL","YES","NO","YES","Typology generated from the frozen extraction flag and direct structural fields; no theoretical adjudication."
"AMB-00179","EXT-000337","D1_GDPR","32016R0679#recital_139","ACTION_OBJECT_AMBIGUITY",,"STRUCTURAL","YES","NO","YES","Typology generated from the frozen extraction flag and direct structural fields; no theoretical adjudication."
"AMB-00180","EXT-000338","D1_GDPR","32016R0679#recital_139","ACTION_OBJECT_AMBIGUITY",,"STRUCTURAL","YES","NO","YES","Typology generated from the frozen extraction flag and direct structural fields; no theoretical adjudication."
"AMB-00181","EXT-000339","D1_GDPR","32016R0679#recital_140","ACTION_OBJECT_AMBIGUITY",,"STRUCTURAL","YES","NO","YES","Typology generated from the frozen extraction flag and direct structural fields; no theoretical adjudication."
"AMB-00182","EXT-000340","D1_GDPR","32016R0679#recital_140","PRONOUN_REFERENCE_AMBIGUITY",,"STRUCTURAL","NO_OR_LIMITED","NO","YES","Typology generated from the frozen extraction flag and direct structural fields; no theoretical adjudication."
"AMB-00183","EXT-000341","D1_GDPR","32016R0679#recital_141","CROSS_REFERENCE_AMBIGUITY",,"STRUCTURAL","YES","NO","YES","Typology generated from the frozen extraction flag and direct structural fields; no theoretical adjudication."
"AMB-00184","EXT-000342","D1_GDPR","32016R0679#recital_141","CROSS_REFERENCE_AMBIGUITY",,"STRUCTURAL","YES","NO","YES","Typology generated from the frozen extraction flag and direct structural fields; no theoretical adjudication."
"AMB-00185","EXT-000343","D1_GDPR","32016R0679#recital_141","CROSS_REFERENCE_AMBIGUITY",,"STRUCTURAL","YES","NO","YES","Typology generated from the frozen extraction flag and direct structural fields; no theoretical adjudication."
"AMB-00186","EXT-000344","D1_GDPR","32016R0679#recital_142","ACTION_OBJECT_AMBIGUITY",,"STRUCTURAL","YES","NO","YES","Typology generated from the frozen extraction flag and direct structural fields; no theoretical adjudication."
"AMB-00187","EXT-000345","D1_GDPR","32016R0679#recital_142","MULTI_ACTOR_PROVISION",,"STRUCTURAL","NO_OR_LIMITED","NO","YES","Typology generated from the frozen extraction flag and direct structural fields; no theoretical adjudication."
"AMB-00188","EXT-000346","D1_GDPR","32016R0679#recital_142","MULTI_ACTOR_PROVISION",,"STRUCTURAL","NO_OR_LIMITED","NO","YES","Typology generated from the frozen extraction flag and direct structural fields; no theoretical adjudication."
"AMB-00189","EXT-000347","D1_GDPR","32016R0679#recital_143","CROSS_REFERENCE_AMBIGUITY",,"STRUCTURAL","YES","NO","YES","Typology generated from the frozen extraction flag and direct structural fields; no theoretical adjudication."
"AMB-00190","EXT-000348","D1_GDPR","32016R0679#recital_143","CROSS_REFERENCE_AMBIGUITY",,"STRUCTURAL","YES","NO","YES","Typology generated from the frozen extraction flag and direct structural fields; no theoretical adjudication."
"AMB-00191","EXT-000349","D1_GDPR","32016R0679#recital_143","MULTI_ACTOR_PROVISION",,"STRUCTURAL","NO_OR_LIMITED","NO","YES","Typology generated from the frozen extraction flag and direct structural fields; no theoretical adjudication."
"AMB-00192","EXT-000350","D1_GDPR","32016R0679#recital_143","CROSS_REFERENCE_AMBIGUITY",,"STRUCTURAL","YES","NO","YES","Typology generated from the frozen extraction flag and direct structural fields; no theoretical adjudication."
"AMB-00193","EXT-000351","D1_GDPR","32016R0679#recital_143","MULTI_ACTOR_PROVISION",,"STRUCTURAL","NO_OR_LIMITED","NO","YES","Typology generated from the frozen extraction flag and direct structural fields; no theoretical adjudication."
"AMB-00194","EXT-000352","D1_GDPR","32016R0679#recital_143","MULTI_ACTOR_PROVISION",,"STRUCTURAL","NO_OR_LIMITED","NO","YES","Typology generated from the frozen extraction flag and direct structural fields; no theoretical adjudication."
"AMB-00195","EXT-000353","D1_GDPR","32016R0679#recital_143","CROSS_REFERENCE_AMBIGUITY",,"STRUCTURAL","YES","NO","YES","Typology generated from the frozen extraction flag and direct structural fields; no theoretical adjudication."
"AMB-00196","EXT-000354","D1_GDPR","32016R0679#recital_144","MULTI_ACTION_PROVISION",,"STRUCTURAL","YES","NO","YES","Typology generated from the frozen extraction flag and direct structural fields; no theoretical adjudication."
"AMB-00197","EXT-000355","D1_GDPR","32016R0679#recital_146","MULTI_ACTOR_PROVISION",,"STRUCTURAL","NO_OR_LIMITED","NO","YES","Typology generated from the frozen extraction flag and direct structural fields; no theoretical adjudication."
"AMB-00198","EXT-000356","D1_GDPR","32016R0679#recital_146","MULTI_ACTOR_PROVISION",,"STRUCTURAL","NO_OR_LIMITED","NO","YES","Typology generated from the frozen extraction flag and direct structural fields; no theoretical adjudication."
"AMB-00199","EXT-000357","D1_GDPR","32016R0679#recital_146","MULTI_ACTOR_PROVISION",,"STRUCTURAL","NO_OR_LIMITED","NO","YES","Typology generated from the frozen extraction flag and direct structural fields; no theoretical adjudication."
"AMB-00200","EXT-000358","D1_GDPR","32016R0679#recital_146","MULTI_ACTOR_PROVISION",,"STRUCTURAL","NO_OR_LIMITED","NO","YES","Typology generated from the frozen extraction flag and direct structural fields; no theoretical adjudication."
"AMB-00201","EXT-000359","D1_GDPR","32016R0679#recital_149","ACTION_OBJECT_AMBIGUITY",,"STRUCTURAL","YES","NO","YES","Typology generated from the frozen extraction flag and direct structural fields; no theoretical adjudication."
"AMB-00202","EXT-000360","D1_GDPR","32016R0679#recital_15","COUNTERPART_AMBIGUITY",,"STRUCTURAL","NO_OR_LIMITED","NO","YES","Typology generated from the frozen extraction flag and direct structural fields; no theoretical adjudication."
"AMB-00203","EXT-000361","D1_GDPR","32016R0679#recital_15","MULTI_ACTOR_PROVISION",,"STRUCTURAL","NO_OR_LIMITED","NO","YES","Typology generated from the frozen extraction flag and direct structural fields; no theoretical adjudication."
"AMB-00204","EXT-000362","D1_GDPR","32016R0679#recital_150","CROSS_REFERENCE_AMBIGUITY",,"STRUCTURAL","YES","NO","YES","Typology generated from the frozen extraction flag and direct structural fields; no theoretical adjudication."
"AMB-00205","EXT-000363","D1_GDPR","32016R0679#recital_150","CROSS_REFERENCE_AMBIGUITY",,"STRUCTURAL","YES","NO","YES","Typology generated from the frozen extraction flag and direct structural fields; no theoretical adjudication."
"AMB-00206","EXT-000364","D1_GDPR","32016R0679#recital_150","CROSS_REFERENCE_AMBIGUITY",,"STRUCTURAL","YES","NO","YES","Typology generated from the frozen extraction flag and direct structural fields; no theoretical adjudication."
"AMB-00207","EXT-000365","D1_GDPR","32016R0679#recital_150","MULTI_ACTOR_PROVISION",,"STRUCTURAL","NO_OR_LIMITED","NO","YES","Typology generated from the frozen extraction flag and direct structural fields; no theoretical adjudication."
"AMB-00208","EXT-000367","D1_GDPR","32016R0679#recital_153","CROSS_REFERENCE_AMBIGUITY",,"STRUCTURAL","YES","NO","YES","Typology generated from the frozen extraction flag and direct structural fields; no theoretical adjudication."
"AMB-00209","EXT-000368","D1_GDPR","32016R0679#recital_153","CROSS_REFERENCE_AMBIGUITY",,"STRUCTURAL","YES","NO","YES","Typology generated from the frozen extraction flag and direct structural fields; no theoretical adjudication."
"AMB-00210","EXT-000369","D1_GDPR","32016R0679#recital_153","CROSS_REFERENCE_AMBIGUITY",,"STRUCTURAL","YES","NO","YES","Typology generated from the frozen extraction flag and direct structural fields; no theoretical adjudication."
"AMB-00211","EXT-000370","D1_GDPR","32016R0679#recital_154","MULTI_ACTOR_PROVISION",,"STRUCTURAL","NO_OR_LIMITED","NO","YES","Typology generated from the frozen extraction flag and direct structural fields; no theoretical adjudication."
"AMB-00212","EXT-000371","D1_GDPR","32016R0679#recital_154","MULTI_ACTOR_PROVISION",,"STRUCTURAL","NO_OR_LIMITED","NO","YES","Typology generated from the frozen extraction flag and direct structural fields; no theoretical adjudication."
"AMB-00213","EXT-000372","D1_GDPR","32016R0679#recital_156","COUNTERPART_AMBIGUITY",,"STRUCTURAL","NO_OR_LIMITED","NO","YES","Typology generated from the frozen extraction flag and direct structural fields; no theoretical adjudication."
"AMB-00214","EXT-000373","D1_GDPR","32016R0679#recital_156","ACTION_OBJECT_AMBIGUITY",,"STRUCTURAL","YES","NO","YES","Typology generated from the frozen extraction flag and direct structural fields; no theoretical adjudication."
"AMB-00215","EXT-000374","D1_GDPR","32016R0679#recital_158","ACTION_OBJECT_AMBIGUITY",,"STRUCTURAL","YES","NO","YES","Typology generated from the frozen extraction flag and direct structural fields; no theoretical adjudication."
"AMB-00216","EXT-000375","D1_GDPR","32016R0679#recital_158","MULTI_ACTOR_PROVISION",,"STRUCTURAL","NO_OR_LIMITED","NO","YES","Typology generated from the frozen extraction flag and direct structural fields; no theoretical adjudication."
"AMB-00217","EXT-000377","D1_GDPR","32016R0679#recital_167","ACTION_SCOPE_AMBIGUITY",,"STRUCTURAL","YES","NO","YES","Typology generated from the frozen extraction flag and direct structural fields; no theoretical adjudication."
"AMB-00218","EXT-000379","D1_GDPR","32016R0679#recital_170","MULTI_ACTOR_PROVISION",,"STRUCTURAL","NO_OR_LIMITED","NO","YES","Typology generated from the frozen extraction flag and direct structural fields; no theoretical adjudication."
"AMB-00219","EXT-000380","D1_GDPR","32016R0679#recital_19","MULTI_ACTION_PROVISION",,"STRUCTURAL","YES","NO","YES","Typology generated from the frozen extraction flag and direct structural fields; no theoretical adjudication."
"AMB-00220","EXT-000381","D1_GDPR","32016R0679#recital_19","COUNTERPART_AMBIGUITY",,"STRUCTURAL","NO_OR_LIMITED","NO","YES","Typology generated from the frozen extraction flag and direct structural fields; no theoretical adjudication."
"AMB-00221","EXT-000382","D1_GDPR","32016R0679#recital_20","ACTION_OBJECT_AMBIGUITY",,"STRUCTURAL","YES","NO","YES","Typology generated from the frozen extraction flag and direct structural fields; no theoretical adjudication."
"AMB-00222","EXT-000384","D1_GDPR","32016R0679#recital_23","MULTI_ACTOR_PROVISION",,"STRUCTURAL","NO_OR_LIMITED","NO","YES","Typology generated from the frozen extraction flag and direct structural fields; no theoretical adjudication."
"AMB-00223","EXT-000385","D1_GDPR","32016R0679#recital_24","MULTI_ACTOR_PROVISION",,"STRUCTURAL","NO_OR_LIMITED","NO","YES","Typology generated from the frozen extraction flag and direct structural fields; no theoretical adjudication."
"AMB-00224","EXT-000386","D1_GDPR","32016R0679#recital_26","ACTION_OBJECT_AMBIGUITY",,"STRUCTURAL","YES","NO","YES","Typology generated from the frozen extraction flag and direct structural fields; no theoretical adjudication."
"AMB-00225","EXT-000389","D1_GDPR","32016R0679#recital_30","ACTION_OBJECT_AMBIGUITY",,"STRUCTURAL","YES","NO","YES","Typology generated from the frozen extraction flag and direct structural fields; no theoretical adjudication."
"AMB-00226","EXT-000390","D1_GDPR","32016R0679#recital_31","MULTI_ACTOR_PROVISION",,"STRUCTURAL","NO_OR_LIMITED","NO","YES","Typology generated from the frozen extraction flag and direct structural fields; no theoretical adjudication."
"AMB-00227","EXT-000391","D1_GDPR","32016R0679#recital_31","COUNTERPART_AMBIGUITY",,"STRUCTURAL","NO_OR_LIMITED","NO","YES","Typology generated from the frozen extraction flag and direct structural fields; no theoretical adjudication."
"AMB-00228","EXT-000392","D1_GDPR","32016R0679#recital_31","ACTION_OBJECT_AMBIGUITY",,"STRUCTURAL","YES","NO","YES","Typology generated from the frozen extraction flag and direct structural fields; no theoretical adjudication."
"AMB-00229","EXT-000393","D1_GDPR","32016R0679#recital_36","ACTION_OBJECT_AMBIGUITY",,"STRUCTURAL","YES","NO","YES","Typology generated from the frozen extraction flag and direct structural fields; no theoretical adjudication."
"AMB-00230","EXT-000394","D1_GDPR","32016R0679#recital_36","COUNTERPART_AMBIGUITY",,"STRUCTURAL","NO_OR_LIMITED","NO","YES","Typology generated from the frozen extraction flag and direct structural fields; no theoretical adjudication."
"AMB-00231","EXT-000395","D1_GDPR","32016R0679#recital_36","MULTI_ACTOR_PROVISION",,"STRUCTURAL","NO_OR_LIMITED","NO","YES","Typology generated from the frozen extraction flag and direct structural fields; no theoretical adjudication."
"AMB-00232","EXT-000396","D1_GDPR","32016R0679#recital_36","MULTI_ACTION_PROVISION",,"STRUCTURAL","YES","NO","YES","Typology generated from the frozen extraction flag and direct structural fields; no theoretical adjudication."
"AMB-00233","EXT-000397","D1_GDPR","32016R0679#recital_36","COUNTERPART_AMBIGUITY",,"STRUCTURAL","NO_OR_LIMITED","NO","YES","Typology generated from the frozen extraction flag and direct structural fields; no theoretical adjudication."
"AMB-00234","EXT-000398","D1_GDPR","32016R0679#recital_36","COUNTERPART_AMBIGUITY",,"STRUCTURAL","NO_OR_LIMITED","NO","YES","Typology generated from the frozen extraction flag and direct structural fields; no theoretical adjudication."
"AMB-00235","EXT-000399","D1_GDPR","32016R0679#recital_36","COUNTERPART_AMBIGUITY",,"STRUCTURAL","NO_OR_LIMITED","NO","YES","Typology generated from the frozen extraction flag and direct structural fields; no theoretical adjudication."
"AMB-00236","EXT-000400","D1_GDPR","32016R0679#recital_36","MULTI_ACTOR_PROVISION",,"STRUCTURAL","NO_OR_LIMITED","NO","YES","Typology generated from the frozen extraction flag and direct structural fields; no theoretical adjudication."
"AMB-00237","EXT-000401","D1_GDPR","32016R0679#recital_37","MULTI_ACTION_PROVISION",,"STRUCTURAL","YES","NO","YES","Typology generated from the frozen extraction flag and direct structural fields; no theoretical adjudication."
"AMB-00238","EXT-000402","D1_GDPR","32016R0679#recital_37","PRONOUN_REFERENCE_AMBIGUITY",,"STRUCTURAL","NO_OR_LIMITED","NO","YES","Typology generated from the frozen extraction flag and direct structural fields; no theoretical adjudication."
"AMB-00239","EXT-000403","D1_GDPR","32016R0679#recital_37","ACTION_OBJECT_AMBIGUITY",,"STRUCTURAL","YES","NO","YES","Typology generated from the frozen extraction flag and direct structural fields; no theoretical adjudication."
"AMB-00240","EXT-000404","D1_GDPR","32016R0679#recital_38","COUNTERPART_AMBIGUITY",,"STRUCTURAL","NO_OR_LIMITED","NO","YES","Typology generated from the frozen extraction flag and direct structural fields; no theoretical adjudication."
"AMB-00241","EXT-000405","D1_GDPR","32016R0679#recital_39","ACTION_OBJECT_AMBIGUITY",,"STRUCTURAL","YES","NO","YES","Typology generated from the frozen extraction flag and direct structural fields; no theoretical adjudication."
"AMB-00242","EXT-000406","D1_GDPR","32016R0679#recital_42","ACTION_OBJECT_AMBIGUITY",,"STRUCTURAL","YES","NO","YES","Typology generated from the frozen extraction flag and direct structural fields; no theoretical adjudication."
"AMB-00243","EXT-000407","D1_GDPR","32016R0679#recital_42","ACTION_OBJECT_AMBIGUITY",,"STRUCTURAL","YES","NO","YES","Typology generated from the frozen extraction flag and direct structural fields; no theoretical adjudication."
"AMB-00244","EXT-000408","D1_GDPR","32016R0679#recital_42","MULTI_ACTION_PROVISION",,"STRUCTURAL","YES","NO","YES","Typology generated from the frozen extraction flag and direct structural fields; no theoretical adjudication."
"AMB-00245","EXT-000409","D1_GDPR","32016R0679#recital_45","MULTI_ACTOR_PROVISION",,"STRUCTURAL","NO_OR_LIMITED","NO","YES","Typology generated from the frozen extraction flag and direct structural fields; no theoretical adjudication."
"AMB-00246","EXT-000410","D1_GDPR","32016R0679#recital_45","MULTI_ACTOR_PROVISION",,"STRUCTURAL","NO_OR_LIMITED","NO","YES","Typology generated from the frozen extraction flag and direct structural fields; no theoretical adjudication."
"AMB-00247","EXT-000411","D1_GDPR","32016R0679#recital_46","ACTION_OBJECT_AMBIGUITY",,"STRUCTURAL","YES","NO","YES","Typology generated from the frozen extraction flag and direct structural fields; no theoretical adjudication."
"AMB-00248","EXT-000412","D1_GDPR","32016R0679#recital_47","COUNTERPART_AMBIGUITY",,"STRUCTURAL","NO_OR_LIMITED","NO","YES","Typology generated from the frozen extraction flag and direct structural fields; no theoretical adjudication."
"AMB-00249","EXT-000413","D1_GDPR","32016R0679#recital_47","MULTI_ACTION_PROVISION",,"STRUCTURAL","YES","NO","YES","Typology generated from the frozen extraction flag and direct structural fields; no theoretical adjudication."
"AMB-00250","EXT-000415","D1_GDPR","32016R0679#recital_50","MULTI_ACTOR_PROVISION",,"STRUCTURAL","NO_OR_LIMITED","NO","YES","Typology generated from the frozen extraction flag and direct structural fields; no theoretical adjudication."
"AMB-00251","EXT-000416","D1_GDPR","32016R0679#recital_50","ACTION_OBJECT_AMBIGUITY",,"STRUCTURAL","YES","NO","YES","Typology generated from the frozen extraction flag and direct structural fields; no theoretical adjudication."
"AMB-00252","EXT-000417","D1_GDPR","32016R0679#recital_50","MULTI_ACTOR_PROVISION",,"STRUCTURAL","NO_OR_LIMITED","NO","YES","Typology generated from the frozen extraction flag and direct structural fields; no theoretical adjudication."
"AMB-00253","EXT-000418","D1_GDPR","32016R0679#recital_50","MULTI_ACTOR_PROVISION",,"STRUCTURAL","NO_OR_LIMITED","NO","YES","Typology generated from the frozen extraction flag and direct structural fields; no theoretical adjudication."
"AMB-00254","EXT-000419","D1_GDPR","32016R0679#recital_50","MULTI_ACTOR_PROVISION",,"STRUCTURAL","NO_OR_LIMITED","NO","YES","Typology generated from the frozen extraction flag and direct structural fields; no theoretical adjudication."
"AMB-00255","EXT-000420","D1_GDPR","32016R0679#recital_51","ACTION_OBJECT_AMBIGUITY",,"STRUCTURAL","YES","NO","YES","Typology generated from the frozen extraction flag and direct structural fields; no theoretical adjudication."
"AMB-00256","EXT-000421","D1_GDPR","32016R0679#recital_53","MULTI_ACTION_PROVISION",,"STRUCTURAL","YES","NO","YES","Typology generated from the frozen extraction flag and direct structural fields; no theoretical adjudication."
"AMB-00257","EXT-000422","D1_GDPR","32016R0679#recital_53","MULTI_ACTOR_PROVISION",,"STRUCTURAL","NO_OR_LIMITED","NO","YES","Typology generated from the frozen extraction flag and direct structural fields; no theoretical adjudication."
"AMB-00258","EXT-000423","D1_GDPR","32016R0679#recital_57","ACTION_OBJECT_AMBIGUITY",,"STRUCTURAL","YES","NO","YES","Typology generated from the frozen extraction flag and direct structural fields; no theoretical adjudication."
"AMB-00259","EXT-000424","D1_GDPR","32016R0679#recital_57","ACTION_OBJECT_AMBIGUITY",,"STRUCTURAL","YES","NO","YES","Typology generated from the frozen extraction flag and direct structural fields; no theoretical adjudication."
"AMB-00260","EXT-000425","D1_GDPR","32016R0679#recital_59","COUNTERPART_AMBIGUITY",,"STRUCTURAL","NO_OR_LIMITED","NO","YES","Typology generated from the frozen extraction flag and direct structural fields; no theoretical adjudication."
"AMB-00261","EXT-000426","D1_GDPR","32016R0679#recital_59","COUNTERPART_AMBIGUITY",,"STRUCTURAL","NO_OR_LIMITED","NO","YES","Typology generated from the frozen extraction flag and direct structural fields; no theoretical adjudication."
"AMB-00262","EXT-000427","D1_GDPR","32016R0679#recital_60","ACTION_OBJECT_AMBIGUITY",,"STRUCTURAL","YES","NO","YES","Typology generated from the frozen extraction flag and direct structural fields; no theoretical adjudication."
"AMB-00263","EXT-000428","D1_GDPR","32016R0679#recital_60","MULTI_ACTION_PROVISION",,"STRUCTURAL","YES","NO","YES","Typology generated from the frozen extraction flag and direct structural fields; no theoretical adjudication."
"AMB-00264","EXT-000429","D1_GDPR","32016R0679#recital_60","COUNTERPART_AMBIGUITY",,"STRUCTURAL","NO_OR_LIMITED","NO","YES","Typology generated from the frozen extraction flag and direct structural fields; no theoretical adjudication."
"AMB-00265","EXT-000430","D1_GDPR","32016R0679#recital_61","COUNTERPART_AMBIGUITY",,"STRUCTURAL","NO_OR_LIMITED","NO","YES","Typology generated from the frozen extraction flag and direct structural fields; no theoretical adjudication."
"AMB-00266","EXT-000431","D1_GDPR","32016R0679#recital_61","COUNTERPART_AMBIGUITY",,"STRUCTURAL","NO_OR_LIMITED","NO","YES","Typology generated from the frozen extraction flag and direct structural fields; no theoretical adjudication."
"AMB-00267","EXT-000432","D1_GDPR","32016R0679#recital_61","MULTI_ACTION_PROVISION",,"STRUCTURAL","YES","NO","YES","Typology generated from the frozen extraction flag and direct structural fields; no theoretical adjudication."
"AMB-00268","EXT-000433","D1_GDPR","32016R0679#recital_63","ACTION_OBJECT_AMBIGUITY",,"STRUCTURAL","YES","NO","YES","Typology generated from the frozen extraction flag and direct structural fields; no theoretical adjudication."
"AMB-00269","EXT-000434","D1_GDPR","32016R0679#recital_63","ACTION_OBJECT_AMBIGUITY",,"STRUCTURAL","YES","NO","YES","Typology generated from the frozen extraction flag and direct structural fields; no theoretical adjudication."
"AMB-00270","EXT-000435","D1_GDPR","32016R0679#recital_63","ACTION_OBJECT_AMBIGUITY",,"STRUCTURAL","YES","NO","YES","Typology generated from the frozen extraction flag and direct structural fields; no theoretical adjudication."
"AMB-00271","EXT-000436","D1_GDPR","32016R0679#recital_63","MULTI_ACTION_PROVISION",,"STRUCTURAL","YES","NO","YES","Typology generated from the frozen extraction flag and direct structural fields; no theoretical adjudication."
"AMB-00272","EXT-000437","D1_GDPR","32016R0679#recital_64","ACTION_SCOPE_AMBIGUITY",,"STRUCTURAL","YES","NO","YES","Typology generated from the frozen extraction flag and direct structural fields; no theoretical adjudication."
"AMB-00273","EXT-000438","D1_GDPR","32016R0679#recital_64","ACTION_OBJECT_AMBIGUITY",,"STRUCTURAL","YES","NO","YES","Typology generated from the frozen extraction flag and direct structural fields; no theoretical adjudication."
"AMB-00274","EXT-000439","D1_GDPR","32016R0679#recital_65","ACTION_OBJECT_AMBIGUITY",,"STRUCTURAL","YES","NO","YES","Typology generated from the frozen extraction flag and direct structural fields; no theoretical adjudication."
"AMB-00275","EXT-000440","D1_GDPR","32016R0679#recital_65","MULTI_ACTION_PROVISION",,"STRUCTURAL","YES","NO","YES","Typology generated from the frozen extraction flag and direct structural fields; no theoretical adjudication."
"AMB-00276","EXT-000441","D1_GDPR","32016R0679#recital_65","MULTI_ACTION_PROVISION",,"STRUCTURAL","YES","NO","YES","Typology generated from the frozen extraction flag and direct structural fields; no theoretical adjudication."
"AMB-00277","EXT-000442","D1_GDPR","32016R0679#recital_66","ACTION_OBJECT_AMBIGUITY",,"STRUCTURAL","YES","NO","YES","Typology generated from the frozen extraction flag and direct structural fields; no theoretical adjudication."
"AMB-00278","EXT-000443","D1_GDPR","32016R0679#recital_66","ACTION_OBJECT_AMBIGUITY",,"STRUCTURAL","YES","NO","YES","Typology generated from the frozen extraction flag and direct structural fields; no theoretical adjudication."
"AMB-00279","EXT-000444","D1_GDPR","32016R0679#recital_68","ACTION_OBJECT_AMBIGUITY",,"STRUCTURAL","YES","NO","YES","Typology generated from the frozen extraction flag and direct structural fields; no theoretical adjudication."
"AMB-00280","EXT-000445","D1_GDPR","32016R0679#recital_68","COUNTERPART_AMBIGUITY",,"STRUCTURAL","NO_OR_LIMITED","NO","YES","Typology generated from the frozen extraction flag and direct structural fields; no theoretical adjudication."
"AMB-00281","EXT-000446","D1_GDPR","32016R0679#recital_7","MULTI_ACTOR_PROVISION",,"STRUCTURAL","NO_OR_LIMITED","NO","YES","Typology generated from the frozen extraction flag and direct structural fields; no theoretical adjudication."
"AMB-00282","EXT-000447","D1_GDPR","32016R0679#recital_7","ACTION_OBJECT_AMBIGUITY",,"STRUCTURAL","YES","NO","YES","Typology generated from the frozen extraction flag and direct structural fields; no theoretical adjudication."
"AMB-00283","EXT-000448","D1_GDPR","32016R0679#recital_70","ACTION_OBJECT_AMBIGUITY",,"STRUCTURAL","YES","NO","YES","Typology generated from the frozen extraction flag and direct structural fields; no theoretical adjudication."
"AMB-00284","EXT-000449","D1_GDPR","32016R0679#recital_71","MULTI_ACTION_PROVISION",,"STRUCTURAL","YES","NO","YES","Typology generated from the frozen extraction flag and direct structural fields; no theoretical adjudication."
"AMB-00285","EXT-000450","D1_GDPR","32016R0679#recital_71","ACTION_OBJECT_AMBIGUITY",,"STRUCTURAL","YES","NO","YES","Typology generated from the frozen extraction flag and direct structural fields; no theoretical adjudication."
"AMB-00286","EXT-000451","D1_GDPR","32016R0679#recital_73","MULTI_ACTOR_PROVISION",,"STRUCTURAL","NO_OR_LIMITED","NO","YES","Typology generated from the frozen extraction flag and direct structural fields; no theoretical adjudication."
"AMB-00287","EXT-000452","D1_GDPR","32016R0679#recital_74","MULTI_ACTOR_PROVISION",,"STRUCTURAL","NO_OR_LIMITED","NO","YES","Typology generated from the frozen extraction flag and direct structural fields; no theoretical adjudication."
"AMB-00288","EXT-000453","D1_GDPR","32016R0679#recital_74","MULTI_ACTION_PROVISION",,"STRUCTURAL","YES","NO","YES","Typology generated from the frozen extraction flag and direct structural fields; no theoretical adjudication."
"AMB-00289","EXT-000454","D1_GDPR","32016R0679#recital_76","MULTI_ACTOR_PROVISION",,"STRUCTURAL","NO_OR_LIMITED","NO","YES","Typology generated from the frozen extraction flag and direct structural fields; no theoretical adjudication."
"AMB-00290","EXT-000455","D1_GDPR","32016R0679#recital_77","ACTION_OBJECT_AMBIGUITY",,"STRUCTURAL","YES","NO","YES","Typology generated from the frozen extraction flag and direct structural fields; no theoretical adjudication."
"AMB-00291","EXT-000456","D1_GDPR","32016R0679#recital_77","MULTI_ACTOR_PROVISION",,"STRUCTURAL","NO_OR_LIMITED","NO","YES","Typology generated from the frozen extraction flag and direct structural fields; no theoretical adjudication."
"AMB-00292","EXT-000457","D1_GDPR","32016R0679#recital_78","MULTI_ACTION_PROVISION",,"STRUCTURAL","YES","NO","YES","Typology generated from the frozen extraction flag and direct structural fields; no theoretical adjudication."
"AMB-00293","EXT-000458","D1_GDPR","32016R0679#recital_80","MULTI_ACTOR_PROVISION",,"STRUCTURAL","NO_OR_LIMITED","NO","YES","Typology generated from the frozen extraction flag and direct structural fields; no theoretical adjudication."
"AMB-00294","EXT-000459","D1_GDPR","32016R0679#recital_80","COUNTERPART_AMBIGUITY",,"STRUCTURAL","NO_OR_LIMITED","NO","YES","Typology generated from the frozen extraction flag and direct structural fields; no theoretical adjudication."
"AMB-00295","EXT-000460","D1_GDPR","32016R0679#recital_80","MULTI_ACTOR_PROVISION",,"STRUCTURAL","NO_OR_LIMITED","NO","YES","Typology generated from the frozen extraction flag and direct structural fields; no theoretical adjudication."
"AMB-00296","EXT-000461","D1_GDPR","32016R0679#recital_80","MULTI_ACTION_PROVISION",,"STRUCTURAL","YES","NO","YES","Typology generated from the frozen extraction flag and direct structural fields; no theoretical adjudication."
"AMB-00297","EXT-000462","D1_GDPR","32016R0679#recital_80","ACTION_OBJECT_AMBIGUITY",,"STRUCTURAL","YES","NO","YES","Typology generated from the frozen extraction flag and direct structural fields; no theoretical adjudication."
"AMB-00298","EXT-000463","D1_GDPR","32016R0679#recital_80","PRONOUN_REFERENCE_AMBIGUITY",,"STRUCTURAL","NO_OR_LIMITED","NO","YES","Typology generated from the frozen extraction flag and direct structural fields; no theoretical adjudication."
"AMB-00299","EXT-000464","D1_GDPR","32016R0679#recital_81","MULTI_ACTION_PROVISION",,"STRUCTURAL","YES","NO","YES","Typology generated from the frozen extraction flag and direct structural fields; no theoretical adjudication."
"AMB-00300","EXT-000465","D1_GDPR","32016R0679#recital_81","ACTION_OBJECT_AMBIGUITY",,"STRUCTURAL","YES","NO","YES","Typology generated from the frozen extraction flag and direct structural fields; no theoretical adjudication."
"AMB-00301","EXT-000466","D1_GDPR","32016R0679#recital_81","MULTI_ACTOR_PROVISION",,"STRUCTURAL","NO_OR_LIMITED","NO","YES","Typology generated from the frozen extraction flag and direct structural fields; no theoretical adjudication."
"AMB-00302","EXT-000467","D1_GDPR","32016R0679#recital_82","MULTI_ACTOR_PROVISION",,"STRUCTURAL","NO_OR_LIMITED","NO","YES","Typology generated from the frozen extraction flag and direct structural fields; no theoretical adjudication."
"AMB-00303","EXT-000468","D1_GDPR","32016R0679#recital_82","MULTI_ACTOR_PROVISION",,"STRUCTURAL","NO_OR_LIMITED","NO","YES","Typology generated from the frozen extraction flag and direct structural fields; no theoretical adjudication."
"AMB-00304","EXT-000469","D1_GDPR","32016R0679#recital_83","MULTI_ACTOR_PROVISION",,"STRUCTURAL","NO_OR_LIMITED","NO","YES","Typology generated from the frozen extraction flag and direct structural fields; no theoretical adjudication."
"AMB-00305","EXT-000470","D1_GDPR","32016R0679#recital_84","COUNTERPART_AMBIGUITY",,"STRUCTURAL","NO_OR_LIMITED","NO","YES","Typology generated from the frozen extraction flag and direct structural fields; no theoretical adjudication."
"AMB-00306","EXT-000471","D1_GDPR","32016R0679#recital_84","ACTION_OBJECT_AMBIGUITY",,"STRUCTURAL","YES","NO","YES","Typology generated from the frozen extraction flag and direct structural fields; no theoretical adjudication."
"AMB-00307","EXT-000472","D1_GDPR","32016R0679#recital_84","ACTION_OBJECT_AMBIGUITY",,"STRUCTURAL","YES","NO","YES","Typology generated from the frozen extraction flag and direct structural fields; no theoretical adjudication."
"AMB-00308","EXT-000473","D1_GDPR","32016R0679#recital_85","COUNTERPART_AMBIGUITY",,"STRUCTURAL","NO_OR_LIMITED","NO","YES","Typology generated from the frozen extraction flag and direct structural fields; no theoretical adjudication."
"AMB-00309","EXT-000474","D1_GDPR","32016R0679#recital_86","COUNTERPART_AMBIGUITY",,"STRUCTURAL","NO_OR_LIMITED","NO","YES","Typology generated from the frozen extraction flag and direct structural fields; no theoretical adjudication."
"AMB-00310","EXT-000475","D1_GDPR","32016R0679#recital_9","ACTION_OBJECT_AMBIGUITY",,"STRUCTURAL","YES","NO","YES","Typology generated from the frozen extraction flag and direct structural fields; no theoretical adjudication."
"AMB-00311","EXT-000477","D1_GDPR","32016R0679#recital_94","MULTI_ACTOR_PROVISION",,"STRUCTURAL","NO_OR_LIMITED","NO","YES","Typology generated from the frozen extraction flag and direct structural fields; no theoretical adjudication."
"AMB-00312","EXT-000478","D1_GDPR","32016R0679#recital_94","COUNTERPART_AMBIGUITY",,"STRUCTURAL","NO_OR_LIMITED","NO","YES","Typology generated from the frozen extraction flag and direct structural fields; no theoretical adjudication."
"AMB-00313","EXT-000479","D1_GDPR","32016R0679#recital_94","ACTION_OBJECT_AMBIGUITY",,"STRUCTURAL","YES","NO","YES","Typology generated from the frozen extraction flag and direct structural fields; no theoretical adjudication."
"AMB-00314","EXT-000480","D1_GDPR","32016R0679#recital_94","ACTION_OBJECT_AMBIGUITY",,"STRUCTURAL","YES","NO","YES","Typology generated from the frozen extraction flag and direct structural fields; no theoretical adjudication."
"AMB-00315","EXT-000483","D1_GDPR","32016R0679#recital_97","MULTI_ACTOR_PROVISION",,"STRUCTURAL","NO_OR_LIMITED","NO","YES","Typology generated from the frozen extraction flag and direct structural fields; no theoretical adjudication."
"AMB-00316","EXT-000487","D2_DSA","32022R2065#article_10/p5","ACTION_OBJECT_AMBIGUITY",,"STRUCTURAL","YES","NO","YES","Typology generated from the frozen extraction flag and direct structural fields; no theoretical adjudication."
"AMB-00317","EXT-000488","D2_DSA","32022R2065#article_10/p5","PRONOUN_REFERENCE_AMBIGUITY",,"STRUCTURAL","NO_OR_LIMITED","NO","YES","Typology generated from the frozen extraction flag and direct structural fields; no theoretical adjudication."
"AMB-00318","EXT-000490","D2_DSA","32022R2065#article_11/p2","ACTION_OBJECT_AMBIGUITY",,"STRUCTURAL","YES","NO","YES","Typology generated from the frozen extraction flag and direct structural fields; no theoretical adjudication."
"AMB-00319","EXT-000491","D2_DSA","32022R2065#article_11/p3","ACTION_OBJECT_AMBIGUITY",,"STRUCTURAL","YES","NO","YES","Typology generated from the frozen extraction flag and direct structural fields; no theoretical adjudication."
"AMB-00320","EXT-000492","D2_DSA","32022R2065#article_12/p1","ACTION_OBJECT_AMBIGUITY",,"STRUCTURAL","YES","NO","YES","Typology generated from the frozen extraction flag and direct structural fields; no theoretical adjudication."
"AMB-00321","EXT-000493","D2_DSA","32022R2065#article_12/p2","ACTION_OBJECT_AMBIGUITY",,"STRUCTURAL","YES","NO","YES","Typology generated from the frozen extraction flag and direct structural fields; no theoretical adjudication."
"AMB-00322","EXT-000494","D2_DSA","32022R2065#article_13/p2","ACTION_OBJECT_AMBIGUITY",,"STRUCTURAL","YES","NO","YES","Typology generated from the frozen extraction flag and direct structural fields; no theoretical adjudication."
"AMB-00323","EXT-000495","D2_DSA","32022R2065#article_13/p2","ACTION_OBJECT_AMBIGUITY",,"STRUCTURAL","YES","NO","YES","Typology generated from the frozen extraction flag and direct structural fields; no theoretical adjudication."
"AMB-00324","EXT-000496","D2_DSA","32022R2065#article_13/p4","ACTION_OBJECT_AMBIGUITY",,"STRUCTURAL","YES","NO","YES","Typology generated from the frozen extraction flag and direct structural fields; no theoretical adjudication."
"AMB-00325","EXT-000497","D2_DSA","32022R2065#article_14/p1","ACTION_OBJECT_AMBIGUITY",,"STRUCTURAL","YES","NO","YES","Typology generated from the frozen extraction flag and direct structural fields; no theoretical adjudication."
"AMB-00326","EXT-000499","D2_DSA","32022R2065#article_14/p3","ACTION_SCOPE_AMBIGUITY",,"STRUCTURAL","YES","NO","YES","Typology generated from the frozen extraction flag and direct structural fields; no theoretical adjudication."
"AMB-00327","EXT-000501","D2_DSA","32022R2065#article_15/p1","ACTION_OBJECT_AMBIGUITY",,"STRUCTURAL","YES","NO","YES","Typology generated from the frozen extraction flag and direct structural fields; no theoretical adjudication."
"AMB-00328","EXT-000502","D2_DSA","32022R2065#article_15/p3","CROSS_REFERENCE_AMBIGUITY",,"STRUCTURAL","YES","NO","YES","Typology generated from the frozen extraction flag and direct structural fields; no theoretical adjudication."
"AMB-00329","EXT-000503","D2_DSA","32022R2065#article_16/p1","ACTION_OBJECT_AMBIGUITY",,"STRUCTURAL","YES","NO","YES","Typology generated from the frozen extraction flag and direct structural fields; no theoretical adjudication."
"AMB-00330","EXT-000506","D2_DSA","32022R2065#article_16/p6","ACTION_OBJECT_AMBIGUITY",,"STRUCTURAL","YES","NO","YES","Typology generated from the frozen extraction flag and direct structural fields; no theoretical adjudication."
"AMB-00331","EXT-000508","D2_DSA","32022R2065#article_17/p4","PRONOUN_REFERENCE_AMBIGUITY",,"STRUCTURAL","NO_OR_LIMITED","NO","YES","Typology generated from the frozen extraction flag and direct structural fields; no theoretical adjudication."
"AMB-00332","EXT-000509","D2_DSA","32022R2065#article_18/p2","CROSS_REFERENCE_AMBIGUITY",,"STRUCTURAL","YES","NO","YES","Typology generated from the frozen extraction flag and direct structural fields; no theoretical adjudication."
"AMB-00333","EXT-000510","D2_DSA","32022R2065#article_18/p2","CROSS_REFERENCE_AMBIGUITY",,"STRUCTURAL","YES","NO","YES","Typology generated from the frozen extraction flag and direct structural fields; no theoretical adjudication."
"AMB-00334","EXT-000513","D2_DSA","32022R2065#article_20/p4","ACTION_SCOPE_AMBIGUITY",,"STRUCTURAL","YES","NO","YES","Typology generated from the frozen extraction flag and direct structural fields; no theoretical adjudication."
"AMB-00335","EXT-000517","D2_DSA","32022R2065#article_21/p2","COUNTERPART_AMBIGUITY",,"STRUCTURAL","NO_OR_LIMITED","NO","YES","Typology generated from the frozen extraction flag and direct structural fields; no theoretical adjudication."
"AMB-00336","EXT-000518","D2_DSA","32022R2065#article_21/p2","COUNTERPART_AMBIGUITY",,"STRUCTURAL","NO_OR_LIMITED","NO","YES","Typology generated from the frozen extraction flag and direct structural fields; no theoretical adjudication."
"AMB-00337","EXT-000519","D2_DSA","32022R2065#article_21/p4","ACTION_OBJECT_AMBIGUITY",,"STRUCTURAL","YES","NO","YES","Typology generated from the frozen extraction flag and direct structural fields; no theoretical adjudication."
"AMB-00338","EXT-000520","D2_DSA","32022R2065#article_21/p4(a)(b)(c)(d)(e)","ACTION_OBJECT_AMBIGUITY",,"STRUCTURAL","YES","NO","YES","Typology generated from the frozen extraction flag and direct structural fields; no theoretical adjudication."
"AMB-00339","EXT-000521","D2_DSA","32022R2065#article_21/p5","ACTION_OBJECT_AMBIGUITY",,"STRUCTURAL","YES","NO","YES","Typology generated from the frozen extraction flag and direct structural fields; no theoretical adjudication."
"AMB-00340","EXT-000522","D2_DSA","32022R2065#article_21/p5","ACTION_OBJECT_AMBIGUITY",,"STRUCTURAL","YES","NO","YES","Typology generated from the frozen extraction flag and direct structural fields; no theoretical adjudication."
"AMB-00341","EXT-000523","D2_DSA","32022R2065#article_21/p5","MULTI_ACTION_PROVISION",,"STRUCTURAL","YES","NO","YES","Typology generated from the frozen extraction flag and direct structural fields; no theoretical adjudication."
"AMB-00342","EXT-000524","D2_DSA","32022R2065#article_21/p6","ACTION_OBJECT_AMBIGUITY",,"STRUCTURAL","YES","NO","YES","Typology generated from the frozen extraction flag and direct structural fields; no theoretical adjudication."
"AMB-00343","EXT-000525","D2_DSA","32022R2065#article_21/p6","ACTION_OBJECT_AMBIGUITY",,"STRUCTURAL","YES","NO","YES","Typology generated from the frozen extraction flag and direct structural fields; no theoretical adjudication."
"AMB-00344","EXT-000526","D2_DSA","32022R2065#article_21/p7","ACTION_OBJECT_AMBIGUITY",,"STRUCTURAL","YES","NO","YES","Typology generated from the frozen extraction flag and direct structural fields; no theoretical adjudication."
"AMB-00345","EXT-000527","D2_DSA","32022R2065#article_21/p8","ACTION_OBJECT_AMBIGUITY",,"STRUCTURAL","YES","NO","YES","Typology generated from the frozen extraction flag and direct structural fields; no theoretical adjudication."
"AMB-00346","EXT-000529","D2_DSA","32022R2065#article_22/p5","ACTION_OBJECT_AMBIGUITY",,"STRUCTURAL","YES","NO","YES","Typology generated from the frozen extraction flag and direct structural fields; no theoretical adjudication."
"AMB-00347","EXT-000531","D2_DSA","32022R2065#article_23/p2","CROSS_REFERENCE_AMBIGUITY",,"STRUCTURAL","YES","NO","YES","Typology generated from the frozen extraction flag and direct structural fields; no theoretical adjudication."
"AMB-00348","EXT-000532","D2_DSA","32022R2065#article_23/p3","ACTION_OBJECT_AMBIGUITY",,"STRUCTURAL","YES","NO","YES","Typology generated from the frozen extraction flag and direct structural fields; no theoretical adjudication."
"AMB-00349","EXT-000533","D2_DSA","32022R2065#article_23/p4","ACTION_OBJECT_AMBIGUITY",,"STRUCTURAL","YES","NO","YES","Typology generated from the frozen extraction flag and direct structural fields; no theoretical adjudication."
"AMB-00350","EXT-000536","D2_DSA","32022R2065#article_24/p3","MULTI_ACTOR_PROVISION",,"STRUCTURAL","NO_OR_LIMITED","NO","YES","Typology generated from the frozen extraction flag and direct structural fields; no theoretical adjudication."
"AMB-00351","EXT-000537","D2_DSA","32022R2065#article_24/p3","MULTI_ACTOR_PROVISION",,"STRUCTURAL","NO_OR_LIMITED","NO","YES","Typology generated from the frozen extraction flag and direct structural fields; no theoretical adjudication."
"AMB-00352","EXT-000539","D2_DSA","32022R2065#article_24/p6","CROSS_REFERENCE_AMBIGUITY",,"STRUCTURAL","YES","NO","YES","Typology generated from the frozen extraction flag and direct structural fields; no theoretical adjudication."
"AMB-00353","EXT-000542","D2_DSA","32022R2065#article_26/p2","CROSS_REFERENCE_AMBIGUITY",,"STRUCTURAL","YES","NO","YES","Typology generated from the frozen extraction flag and direct structural fields; no theoretical adjudication."
"AMB-00354","EXT-000543","D2_DSA","32022R2065#article_26/p2","CROSS_REFERENCE_AMBIGUITY",,"STRUCTURAL","YES","NO","YES","Typology generated from the frozen extraction flag and direct structural fields; no theoretical adjudication."
"AMB-00355","EXT-000546","D2_DSA","32022R2065#article_27/p3","ACTION_OBJECT_AMBIGUITY",,"STRUCTURAL","YES","NO","YES","Typology generated from the frozen extraction flag and direct structural fields; no theoretical adjudication."
"AMB-00356","EXT-000549","D2_DSA","32022R2065#article_30/p2","COUNTERPART_AMBIGUITY",,"STRUCTURAL","NO_OR_LIMITED","NO","YES","Typology generated from the frozen extraction flag and direct structural fields; no theoretical adjudication."
"AMB-00357","EXT-000550","D2_DSA","32022R2065#article_30/p2","COUNTERPART_AMBIGUITY",,"STRUCTURAL","NO_OR_LIMITED","NO","YES","Typology generated from the frozen extraction flag and direct structural fields; no theoretical adjudication."
"AMB-00358","EXT-000551","D2_DSA","32022R2065#article_30/p3","COUNTERPART_AMBIGUITY",,"STRUCTURAL","NO_OR_LIMITED","NO","YES","Typology generated from the frozen extraction flag and direct structural fields; no theoretical adjudication."
"AMB-00359","EXT-000552","D2_DSA","32022R2065#article_31/p1","CROSS_REFERENCE_AMBIGUITY",,"STRUCTURAL","YES","NO","YES","Typology generated from the frozen extraction flag and direct structural fields; no theoretical adjudication."
"AMB-00360","EXT-000553","D2_DSA","32022R2065#article_31/p3","ACTION_OBJECT_AMBIGUITY",,"STRUCTURAL","YES","NO","YES","Typology generated from the frozen extraction flag and direct structural fields; no theoretical adjudication."
"AMB-00361","EXT-000556","D2_DSA","32022R2065#article_33/p2","CROSS_REFERENCE_AMBIGUITY",,"STRUCTURAL","YES","NO","YES","Typology generated from the frozen extraction flag and direct structural fields; no theoretical adjudication."
"AMB-00362","EXT-000558","D2_DSA","32022R2065#article_33/p4","CROSS_REFERENCE_AMBIGUITY",,"STRUCTURAL","YES","NO","YES","Typology generated from the frozen extraction flag and direct structural fields; no theoretical adjudication."
"AMB-00363","EXT-000559","D2_DSA","32022R2065#article_33/p4","CROSS_REFERENCE_AMBIGUITY",,"STRUCTURAL","YES","NO","YES","Typology generated from the frozen extraction flag and direct structural fields; no theoretical adjudication."
"AMB-00364","EXT-000560","D2_DSA","32022R2065#article_33/p4","CROSS_REFERENCE_AMBIGUITY",,"STRUCTURAL","YES","NO","YES","Typology generated from the frozen extraction flag and direct structural fields; no theoretical adjudication."
"AMB-00365","EXT-000562","D2_DSA","32022R2065#article_33/p6","ACTION_OBJECT_AMBIGUITY",,"STRUCTURAL","YES","NO","YES","Typology generated from the frozen extraction flag and direct structural fields; no theoretical adjudication."
"AMB-00366","EXT-000563","D2_DSA","32022R2065#article_33/p6","ACTION_OBJECT_AMBIGUITY",,"STRUCTURAL","YES","NO","YES","Typology generated from the frozen extraction flag and direct structural fields; no theoretical adjudication."
"AMB-00367","EXT-000570","D2_DSA","32022R2065#article_36/p6","ACTION_OBJECT_AMBIGUITY",,"STRUCTURAL","YES","NO","YES","Typology generated from the frozen extraction flag and direct structural fields; no theoretical adjudication."
"AMB-00368","EXT-000571","D2_DSA","32022R2065#article_36/p6","MULTI_ACTION_PROVISION",,"STRUCTURAL","YES","NO","YES","Typology generated from the frozen extraction flag and direct structural fields; no theoretical adjudication."
"AMB-00369","EXT-000572","D2_DSA","32022R2065#article_36/p7","CROSS_REFERENCE_AMBIGUITY",,"STRUCTURAL","YES","NO","YES","Typology generated from the frozen extraction flag and direct structural fields; no theoretical adjudication."
"AMB-00370","EXT-000573","D2_DSA","32022R2065#article_36/p7","CROSS_REFERENCE_AMBIGUITY",,"STRUCTURAL","YES","NO","YES","Typology generated from the frozen extraction flag and direct structural fields; no theoretical adjudication."
"AMB-00371","EXT-000575","D2_DSA","32022R2065#article_40/p10","ACTION_OBJECT_AMBIGUITY",,"STRUCTURAL","YES","NO","YES","Typology generated from the frozen extraction flag and direct structural fields; no theoretical adjudication."
"AMB-00372","EXT-000576","D2_DSA","32022R2065#article_40/p2","MULTI_ACTOR_PROVISION",,"STRUCTURAL","NO_OR_LIMITED","NO","YES","Typology generated from the frozen extraction flag and direct structural fields; no theoretical adjudication."
"AMB-00373","EXT-000578","D2_DSA","32022R2065#article_41/p7","CROSS_REFERENCE_AMBIGUITY",,"STRUCTURAL","YES","NO","YES","Typology generated from the frozen extraction flag and direct structural fields; no theoretical adjudication."
"AMB-00374","EXT-000579","D2_DSA","32022R2065#article_42/p5","ACTION_OBJECT_AMBIGUITY",,"STRUCTURAL","YES","NO","YES","Typology generated from the frozen extraction flag and direct structural fields; no theoretical adjudication."
"AMB-00375","EXT-000580","D2_DSA","32022R2065#article_42/p5","ACTION_OBJECT_AMBIGUITY",,"STRUCTURAL","YES","NO","YES","Typology generated from the frozen extraction flag and direct structural fields; no theoretical adjudication."
"AMB-00376","EXT-000583","D2_DSA","32022R2065#article_43/p3","CROSS_REFERENCE_AMBIGUITY",,"STRUCTURAL","YES","NO","YES","Typology generated from the frozen extraction flag and direct structural fields; no theoretical adjudication."
"AMB-00377","EXT-000584","D2_DSA","32022R2065#article_43/p3","CROSS_REFERENCE_AMBIGUITY",,"STRUCTURAL","YES","NO","YES","Typology generated from the frozen extraction flag and direct structural fields; no theoretical adjudication."
"AMB-00378","EXT-000588","D2_DSA","32022R2065#article_44/p1","ACTION_OBJECT_AMBIGUITY",,"STRUCTURAL","YES","NO","YES","Typology generated from the frozen extraction flag and direct structural fields; no theoretical adjudication."
"AMB-00379","EXT-000589","D2_DSA","32022R2065#article_44/p2","ACTION_OBJECT_AMBIGUITY",,"STRUCTURAL","YES","NO","YES","Typology generated from the frozen extraction flag and direct structural fields; no theoretical adjudication."
"AMB-00380","EXT-000592","D2_DSA","32022R2065#article_45/p3","MULTI_ACTOR_PROVISION",,"STRUCTURAL","NO_OR_LIMITED","NO","YES","Typology generated from the frozen extraction flag and direct structural fields; no theoretical adjudication."
"AMB-00381","EXT-000593","D2_DSA","32022R2065#article_45/p4","MULTI_ACTOR_PROVISION",,"STRUCTURAL","NO_OR_LIMITED","NO","YES","Typology generated from the frozen extraction flag and direct structural fields; no theoretical adjudication."
"AMB-00382","EXT-000594","D2_DSA","32022R2065#article_45/p4","MULTI_ACTOR_PROVISION",,"STRUCTURAL","NO_OR_LIMITED","NO","YES","Typology generated from the frozen extraction flag and direct structural fields; no theoretical adjudication."
"AMB-00383","EXT-000595","D2_DSA","32022R2065#article_45/p4","MULTI_ACTOR_PROVISION",,"STRUCTURAL","NO_OR_LIMITED","NO","YES","Typology generated from the frozen extraction flag and direct structural fields; no theoretical adjudication."
"AMB-00384","EXT-000597","D2_DSA","32022R2065#article_46/p2","ACTION_OBJECT_AMBIGUITY",,"STRUCTURAL","YES","NO","YES","Typology generated from the frozen extraction flag and direct structural fields; no theoretical adjudication."
"AMB-00385","EXT-000601","D2_DSA","32022R2065#article_47/p2","ACTION_OBJECT_AMBIGUITY",,"STRUCTURAL","YES","NO","YES","Typology generated from the frozen extraction flag and direct structural fields; no theoretical adjudication."
"AMB-00386","EXT-000603","D2_DSA","32022R2065#article_48/p1","ACTION_SCOPE_AMBIGUITY",,"STRUCTURAL","YES","NO","YES","Typology generated from the frozen extraction flag and direct structural fields; no theoretical adjudication."
"AMB-00387","EXT-000604","D2_DSA","32022R2065#article_48/p2","ACTION_SCOPE_AMBIGUITY",,"STRUCTURAL","YES","NO","YES","Typology generated from the frozen extraction flag and direct structural fields; no theoretical adjudication."
"AMB-00388","EXT-000605","D2_DSA","32022R2065#article_48/p2","MULTI_ACTION_PROVISION",,"STRUCTURAL","YES","NO","YES","Typology generated from the frozen extraction flag and direct structural fields; no theoretical adjudication."
"AMB-00389","EXT-000608","D2_DSA","32022R2065#article_49/p2","ACTION_OBJECT_AMBIGUITY",,"STRUCTURAL","YES","NO","YES","Typology generated from the frozen extraction flag and direct structural fields; no theoretical adjudication."
"AMB-00390","EXT-000609","D2_DSA","32022R2065#article_49/p3","MULTI_ACTION_PROVISION",,"STRUCTURAL","YES","NO","YES","Typology generated from the frozen extraction flag and direct structural fields; no theoretical adjudication."
"AMB-00391","EXT-000610","D2_DSA","32022R2065#article_49/p3","ACTION_OBJECT_AMBIGUITY",,"STRUCTURAL","YES","NO","YES","Typology generated from the frozen extraction flag and direct structural fields; no theoretical adjudication."
"AMB-00392","EXT-000611","D2_DSA","32022R2065#article_49/p3","ACTION_OBJECT_AMBIGUITY",,"STRUCTURAL","YES","NO","YES","Typology generated from the frozen extraction flag and direct structural fields; no theoretical adjudication."
"AMB-00393","EXT-000613","D2_DSA","32022R2065#article_50/p1","ACTION_OBJECT_AMBIGUITY",,"STRUCTURAL","YES","NO","YES","Typology generated from the frozen extraction flag and direct structural fields; no theoretical adjudication."
"AMB-00394","EXT-000614","D2_DSA","32022R2065#article_50/p1","ACTION_OBJECT_AMBIGUITY",,"STRUCTURAL","YES","NO","YES","Typology generated from the frozen extraction flag and direct structural fields; no theoretical adjudication."
"AMB-00395","EXT-000615","D2_DSA","32022R2065#article_51/p6","MULTI_ACTION_PROVISION",,"STRUCTURAL","YES","NO","YES","Typology generated from the frozen extraction flag and direct structural fields; no theoretical adjudication."
"AMB-00396","EXT-000616","D2_DSA","32022R2065#article_52/p1","CROSS_REFERENCE_AMBIGUITY",,"STRUCTURAL","YES","NO","YES","Typology generated from the frozen extraction flag and direct structural fields; no theoretical adjudication."
"AMB-00397","EXT-000617","D2_DSA","32022R2065#article_52/p1","MULTI_ACTOR_PROVISION",,"STRUCTURAL","NO_OR_LIMITED","NO","YES","Typology generated from the frozen extraction flag and direct structural fields; no theoretical adjudication."
"AMB-00398","EXT-000618","D2_DSA","32022R2065#article_52/p2","MULTI_ACTION_PROVISION",,"STRUCTURAL","YES","NO","YES","Typology generated from the frozen extraction flag and direct structural fields; no theoretical adjudication."
"AMB-00399","EXT-000619","D2_DSA","32022R2065#article_52/p3","ACTION_OBJECT_AMBIGUITY",,"STRUCTURAL","YES","NO","YES","Typology generated from the frozen extraction flag and direct structural fields; no theoretical adjudication."
"AMB-00400","EXT-000620","D2_DSA","32022R2065#article_52/p3","ACTION_OBJECT_AMBIGUITY",,"STRUCTURAL","YES","NO","YES","Typology generated from the frozen extraction flag and direct structural fields; no theoretical adjudication."
"AMB-00401","EXT-000621","D2_DSA","32022R2065#article_52/p4","ACTION_OBJECT_AMBIGUITY",,"STRUCTURAL","YES","NO","YES","Typology generated from the frozen extraction flag and direct structural fields; no theoretical adjudication."
"AMB-00402","EXT-000627","D2_DSA","32022R2065#article_56/p7","MULTI_ACTION_PROVISION",,"STRUCTURAL","YES","NO","YES","Typology generated from the frozen extraction flag and direct structural fields; no theoretical adjudication."
"AMB-00403","EXT-000628","D2_DSA","32022R2065#article_56/p7","CROSS_REFERENCE_AMBIGUITY",,"STRUCTURAL","YES","NO","YES","Typology generated from the frozen extraction flag and direct structural fields; no theoretical adjudication."
"AMB-00404","EXT-000629","D2_DSA","32022R2065#article_57/p1","MULTI_ACTOR_PROVISION",,"STRUCTURAL","NO_OR_LIMITED","NO","YES","Typology generated from the frozen extraction flag and direct structural fields; no theoretical adjudication."
"AMB-00405","EXT-000632","D2_DSA","32022R2065#article_59/p1","CROSS_REFERENCE_AMBIGUITY",,"STRUCTURAL","YES","NO","YES","Typology generated from the frozen extraction flag and direct structural fields; no theoretical adjudication."
"AMB-00406","EXT-000637","D2_DSA","32022R2065#article_62/p1","ACTION_OBJECT_AMBIGUITY",,"STRUCTURAL","YES","NO","YES","Typology generated from the frozen extraction flag and direct structural fields; no theoretical adjudication."
"AMB-00407","EXT-000638","D2_DSA","32022R2065#article_62/p1","MULTI_ACTOR_PROVISION",,"STRUCTURAL","NO_OR_LIMITED","NO","YES","Typology generated from the frozen extraction flag and direct structural fields; no theoretical adjudication."
"AMB-00408","EXT-000639","D2_DSA","32022R2065#article_62/p1","COUNTERPART_AMBIGUITY",,"STRUCTURAL","NO_OR_LIMITED","NO","YES","Typology generated from the frozen extraction flag and direct structural fields; no theoretical adjudication."
"AMB-00409","EXT-000640","D2_DSA","32022R2065#article_62/p2","CROSS_REFERENCE_AMBIGUITY",,"STRUCTURAL","YES","NO","YES","Typology generated from the frozen extraction flag and direct structural fields; no theoretical adjudication."
"AMB-00410","EXT-000641","D2_DSA","32022R2065#article_62/p2","MULTI_ACTION_PROVISION",,"STRUCTURAL","YES","NO","YES","Typology generated from the frozen extraction flag and direct structural fields; no theoretical adjudication."
"AMB-00411","EXT-000642","D2_DSA","32022R2065#article_62/p3","CROSS_REFERENCE_AMBIGUITY",,"STRUCTURAL","YES","NO","YES","Typology generated from the frozen extraction flag and direct structural fields; no theoretical adjudication."
"AMB-00412","EXT-000643","D2_DSA","32022R2065#article_62/p3","CROSS_REFERENCE_AMBIGUITY",,"STRUCTURAL","YES","NO","YES","Typology generated from the frozen extraction flag and direct structural fields; no theoretical adjudication."
"AMB-00413","EXT-000644","D2_DSA","32022R2065#article_62/p3","CROSS_REFERENCE_AMBIGUITY",,"STRUCTURAL","YES","NO","YES","Typology generated from the frozen extraction flag and direct structural fields; no theoretical adjudication."
"AMB-00414","EXT-000645","D2_DSA","32022R2065#article_62/p3","CROSS_REFERENCE_AMBIGUITY",,"STRUCTURAL","YES","NO","YES","Typology generated from the frozen extraction flag and direct structural fields; no theoretical adjudication."
"AMB-00415","EXT-000647","D2_DSA","32022R2065#article_62/p5","MULTI_ACTION_PROVISION",,"STRUCTURAL","YES","NO","YES","Typology generated from the frozen extraction flag and direct structural fields; no theoretical adjudication."
"AMB-00416","EXT-000648","D2_DSA","32022R2065#article_62/p5","ACTION_SCOPE_AMBIGUITY",,"STRUCTURAL","YES","NO","YES","Typology generated from the frozen extraction flag and direct structural fields; no theoretical adjudication."
"AMB-00417","EXT-000649","D2_DSA","32022R2065#article_62/p6","ACTION_SCOPE_AMBIGUITY",,"STRUCTURAL","YES","NO","YES","Typology generated from the frozen extraction flag and direct structural fields; no theoretical adjudication."
"AMB-00418","EXT-000655","D2_DSA","32022R2065#article_65/p1","CROSS_REFERENCE_AMBIGUITY",,"STRUCTURAL","YES","NO","YES","Typology generated from the frozen extraction flag and direct structural fields; no theoretical adjudication."
"AMB-00419","EXT-000657","D2_DSA","32022R2065#article_66/p2","PRONOUN_REFERENCE_AMBIGUITY",,"STRUCTURAL","NO_OR_LIMITED","NO","YES","Typology generated from the frozen extraction flag and direct structural fields; no theoretical adjudication."
"AMB-00420","EXT-000658","D2_DSA","32022R2065#article_66/p3","PRONOUN_REFERENCE_AMBIGUITY",,"STRUCTURAL","NO_OR_LIMITED","NO","YES","Typology generated from the frozen extraction flag and direct structural fields; no theoretical adjudication."
"AMB-00421","EXT-000659","D2_DSA","32022R2065#article_66/p3","MULTI_ACTOR_PROVISION",,"STRUCTURAL","NO_OR_LIMITED","NO","YES","Typology generated from the frozen extraction flag and direct structural fields; no theoretical adjudication."
"AMB-00422","EXT-000660","D2_DSA","32022R2065#article_66/p4","CROSS_REFERENCE_AMBIGUITY",,"STRUCTURAL","YES","NO","YES","Typology generated from the frozen extraction flag and direct structural fields; no theoretical adjudication."
"AMB-00423","EXT-000661","D2_DSA","32022R2065#article_66/p4","CROSS_REFERENCE_AMBIGUITY",,"STRUCTURAL","YES","NO","YES","Typology generated from the frozen extraction flag and direct structural fields; no theoretical adjudication."
"AMB-00424","EXT-000662","D2_DSA","32022R2065#article_66/p4","CROSS_REFERENCE_AMBIGUITY",,"STRUCTURAL","YES","NO","YES","Typology generated from the frozen extraction flag and direct structural fields; no theoretical adjudication."
"AMB-00425","EXT-000665","D2_DSA","32022R2065#article_68/p1","COUNTERPART_AMBIGUITY",,"STRUCTURAL","NO_OR_LIMITED","NO","YES","Typology generated from the frozen extraction flag and direct structural fields; no theoretical adjudication."
"AMB-00426","EXT-000666","D2_DSA","32022R2065#article_68/p1","MULTI_ACTION_PROVISION",,"STRUCTURAL","YES","NO","YES","Typology generated from the frozen extraction flag and direct structural fields; no theoretical adjudication."
"AMB-00427","EXT-000667","D2_DSA","32022R2065#article_68/p2","ACTION_SCOPE_AMBIGUITY",,"STRUCTURAL","YES","NO","YES","Typology generated from the frozen extraction flag and direct structural fields; no theoretical adjudication."
"AMB-00428","EXT-000669","D2_DSA","32022R2065#article_69/p10","COUNTERPART_AMBIGUITY",,"STRUCTURAL","NO_OR_LIMITED","NO","YES","Typology generated from the frozen extraction flag and direct structural fields; no theoretical adjudication."
"AMB-00429","EXT-000670","D2_DSA","32022R2065#article_69/p10","ACTION_OBJECT_AMBIGUITY",,"STRUCTURAL","YES","NO","YES","Typology generated from the frozen extraction flag and direct structural fields; no theoretical adjudication."
"AMB-00430","EXT-000671","D2_DSA","32022R2065#article_69/p10","ACTION_OBJECT_AMBIGUITY",,"STRUCTURAL","YES","NO","YES","Typology generated from the frozen extraction flag and direct structural fields; no theoretical adjudication."
"AMB-00431","EXT-000672","D2_DSA","32022R2065#article_69/p10","ACTION_OBJECT_AMBIGUITY",,"STRUCTURAL","YES","NO","YES","Typology generated from the frozen extraction flag and direct structural fields; no theoretical adjudication."
"AMB-00432","EXT-000674","D2_DSA","32022R2065#article_69/p4","CROSS_REFERENCE_AMBIGUITY",,"STRUCTURAL","YES","NO","YES","Typology generated from the frozen extraction flag and direct structural fields; no theoretical adjudication."
"AMB-00433","EXT-000675","D2_DSA","32022R2065#article_69/p4","CROSS_REFERENCE_AMBIGUITY",,"STRUCTURAL","YES","NO","YES","Typology generated from the frozen extraction flag and direct structural fields; no theoretical adjudication."
"AMB-00434","EXT-000676","D2_DSA","32022R2065#article_69/p5","ACTION_OBJECT_AMBIGUITY",,"STRUCTURAL","YES","NO","YES","Typology generated from the frozen extraction flag and direct structural fields; no theoretical adjudication."
"AMB-00435","EXT-000677","D2_DSA","32022R2065#article_69/p6","CROSS_REFERENCE_AMBIGUITY",,"STRUCTURAL","YES","NO","YES","Typology generated from the frozen extraction flag and direct structural fields; no theoretical adjudication."
"AMB-00436","EXT-000678","D2_DSA","32022R2065#article_69/p6","MULTI_ACTOR_PROVISION",,"STRUCTURAL","NO_OR_LIMITED","NO","YES","Typology generated from the frozen extraction flag and direct structural fields; no theoretical adjudication."
"AMB-00437","EXT-000680","D2_DSA","32022R2065#article_72/p1","ACTION_OBJECT_AMBIGUITY",,"STRUCTURAL","YES","NO","YES","Typology generated from the frozen extraction flag and direct structural fields; no theoretical adjudication."
"AMB-00438","EXT-000681","D2_DSA","32022R2065#article_72/p1","ACTION_OBJECT_AMBIGUITY",,"STRUCTURAL","YES","NO","YES","Typology generated from the frozen extraction flag and direct structural fields; no theoretical adjudication."
"AMB-00439","EXT-000683","D2_DSA","32022R2065#article_73/p2","ACTION_OBJECT_AMBIGUITY",,"STRUCTURAL","YES","NO","YES","Typology generated from the frozen extraction flag and direct structural fields; no theoretical adjudication."
"AMB-00440","EXT-000684","D2_DSA","32022R2065#article_73/p2","ACTION_OBJECT_AMBIGUITY",,"STRUCTURAL","YES","NO","YES","Typology generated from the frozen extraction flag and direct structural fields; no theoretical adjudication."
"AMB-00441","EXT-000690","D2_DSA","32022R2065#article_75/p1","CROSS_REFERENCE_AMBIGUITY",,"STRUCTURAL","YES","NO","YES","Typology generated from the frozen extraction flag and direct structural fields; no theoretical adjudication."
"AMB-00442","EXT-000691","D2_DSA","32022R2065#article_75/p2","CROSS_REFERENCE_AMBIGUITY",,"STRUCTURAL","YES","NO","YES","Typology generated from the frozen extraction flag and direct structural fields; no theoretical adjudication."
"AMB-00443","EXT-000692","D2_DSA","32022R2065#article_75/p3","ACTION_OBJECT_AMBIGUITY",,"STRUCTURAL","YES","NO","YES","Typology generated from the frozen extraction flag and direct structural fields; no theoretical adjudication."
"AMB-00444","EXT-000693","D2_DSA","32022R2065#article_75/p3","ACTION_OBJECT_AMBIGUITY",,"STRUCTURAL","YES","NO","YES","Typology generated from the frozen extraction flag and direct structural fields; no theoretical adjudication."
"AMB-00445","EXT-000694","D2_DSA","32022R2065#article_75/p3","MULTI_ACTION_PROVISION",,"STRUCTURAL","YES","NO","YES","Typology generated from the frozen extraction flag and direct structural fields; no theoretical adjudication."
"AMB-00446","EXT-000695","D2_DSA","32022R2065#article_75/p3","ACTION_OBJECT_AMBIGUITY",,"STRUCTURAL","YES","NO","YES","Typology generated from the frozen extraction flag and direct structural fields; no theoretical adjudication."
"AMB-00447","EXT-000702","D2_DSA","32022R2065#article_79/p4","ACTION_OBJECT_AMBIGUITY",,"STRUCTURAL","YES","NO","YES","Typology generated from the frozen extraction flag and direct structural fields; no theoretical adjudication."
"AMB-00448","EXT-000703","D2_DSA","32022R2065#article_79/p4","MULTI_ACTION_PROVISION",,"STRUCTURAL","YES","NO","YES","Typology generated from the frozen extraction flag and direct structural fields; no theoretical adjudication."
"AMB-00449","EXT-000704","D2_DSA","32022R2065#article_80/p1","CROSS_REFERENCE_AMBIGUITY",,"STRUCTURAL","YES","NO","YES","Typology generated from the frozen extraction flag and direct structural fields; no theoretical adjudication."
"AMB-00450","EXT-000705","D2_DSA","32022R2065#article_82/p1","CROSS_REFERENCE_AMBIGUITY",,"STRUCTURAL","YES","NO","YES","Typology generated from the frozen extraction flag and direct structural fields; no theoretical adjudication."
"AMB-00451","EXT-000706","D2_DSA","32022R2065#article_82/p1","CROSS_REFERENCE_AMBIGUITY",,"STRUCTURAL","YES","NO","YES","Typology generated from the frozen extraction flag and direct structural fields; no theoretical adjudication."
"AMB-00452","EXT-000707","D2_DSA","32022R2065#article_82/p2","MULTI_ACTION_PROVISION",,"STRUCTURAL","YES","NO","YES","Typology generated from the frozen extraction flag and direct structural fields; no theoretical adjudication."
"AMB-00453","EXT-000708","D2_DSA","32022R2065#article_82/p3","CROSS_REFERENCE_AMBIGUITY",,"STRUCTURAL","YES","NO","YES","Typology generated from the frozen extraction flag and direct structural fields; no theoretical adjudication."
"AMB-00454","EXT-000709","D2_DSA","32022R2065#article_82/p3","CROSS_REFERENCE_AMBIGUITY",,"STRUCTURAL","YES","NO","YES","Typology generated from the frozen extraction flag and direct structural fields; no theoretical adjudication."
"AMB-00455","EXT-000710","D2_DSA","32022R2065#article_85/p1","MULTI_ACTION_PROVISION",,"STRUCTURAL","YES","NO","YES","Typology generated from the frozen extraction flag and direct structural fields; no theoretical adjudication."
"AMB-00456","EXT-000711","D2_DSA","32022R2065#article_85/p1","ACTION_SCOPE_AMBIGUITY",,"STRUCTURAL","YES","NO","YES","Typology generated from the frozen extraction flag and direct structural fields; no theoretical adjudication."
"AMB-00457","EXT-000713","D2_DSA","32022R2065#article_85/p3","CROSS_REFERENCE_AMBIGUITY",,"STRUCTURAL","YES","NO","YES","Typology generated from the frozen extraction flag and direct structural fields; no theoretical adjudication."
"AMB-00458","EXT-000715","D2_DSA","32022R2065#article_87/p2","CROSS_REFERENCE_AMBIGUITY",,"STRUCTURAL","YES","NO","YES","Typology generated from the frozen extraction flag and direct structural fields; no theoretical adjudication."
"AMB-00459","EXT-000718","D2_DSA","32022R2065#article_88/p1","ACTION_OBJECT_AMBIGUITY",,"STRUCTURAL","YES","NO","YES","Typology generated from the frozen extraction flag and direct structural fields; no theoretical adjudication."
"AMB-00460","EXT-000719","D2_DSA","32022R2065#article_88/p1","ACTION_SCOPE_AMBIGUITY",,"STRUCTURAL","YES","NO","YES","Typology generated from the frozen extraction flag and direct structural fields; no theoretical adjudication."
"AMB-00461","EXT-000722","D2_DSA","32022R2065#article_9/p5","ACTION_OBJECT_AMBIGUITY",,"STRUCTURAL","YES","NO","YES","Typology generated from the frozen extraction flag and direct structural fields; no theoretical adjudication."
"AMB-00462","EXT-000723","D2_DSA","32022R2065#article_9/p5","PRONOUN_REFERENCE_AMBIGUITY",,"STRUCTURAL","NO_OR_LIMITED","NO","YES","Typology generated from the frozen extraction flag and direct structural fields; no theoretical adjudication."
"AMB-00463","EXT-000724","D2_DSA","32022R2065#article_91/p1","MULTI_ACTION_PROVISION",,"STRUCTURAL","YES","NO","YES","Typology generated from the frozen extraction flag and direct structural fields; no theoretical adjudication."
"AMB-00464","EXT-000725","D2_DSA","32022R2065#article_91/p2","ACTION_OBJECT_AMBIGUITY",,"STRUCTURAL","YES","NO","YES","Typology generated from the frozen extraction flag and direct structural fields; no theoretical adjudication."
"AMB-00465","EXT-000727","D2_DSA","32022R2065#article_91/p6","MULTI_ACTION_PROVISION",,"STRUCTURAL","YES","NO","YES","Typology generated from the frozen extraction flag and direct structural fields; no theoretical adjudication."
"AMB-00466","EXT-000728","D2_DSA","32022R2065#recital_101","MULTI_ACTOR_PROVISION",,"STRUCTURAL","NO_OR_LIMITED","NO","YES","Typology generated from the frozen extraction flag and direct structural fields; no theoretical adjudication."
"AMB-00467","EXT-000729","D2_DSA","32022R2065#recital_101","ACTION_OBJECT_AMBIGUITY",,"STRUCTURAL","YES","NO","YES","Typology generated from the frozen extraction flag and direct structural fields; no theoretical adjudication."
"AMB-00468","EXT-000730","D2_DSA","32022R2065#recital_101","ACTION_OBJECT_AMBIGUITY",,"STRUCTURAL","YES","NO","YES","Typology generated from the frozen extraction flag and direct structural fields; no theoretical adjudication."
"AMB-00469","EXT-000731","D2_DSA","32022R2065#recital_101","ACTION_OBJECT_AMBIGUITY",,"STRUCTURAL","YES","NO","YES","Typology generated from the frozen extraction flag and direct structural fields; no theoretical adjudication."
"AMB-00470","EXT-000732","D2_DSA","32022R2065#recital_101","ACTION_OBJECT_AMBIGUITY",,"STRUCTURAL","YES","NO","YES","Typology generated from the frozen extraction flag and direct structural fields; no theoretical adjudication."
"AMB-00471","EXT-000733","D2_DSA","32022R2065#recital_103","MULTI_ACTOR_PROVISION",,"STRUCTURAL","NO_OR_LIMITED","NO","YES","Typology generated from the frozen extraction flag and direct structural fields; no theoretical adjudication."
"AMB-00472","EXT-000734","D2_DSA","32022R2065#recital_103","MULTI_ACTOR_PROVISION",,"STRUCTURAL","NO_OR_LIMITED","NO","YES","Typology generated from the frozen extraction flag and direct structural fields; no theoretical adjudication."
"AMB-00473","EXT-000735","D2_DSA","32022R2065#recital_107","COUNTERPART_AMBIGUITY",,"STRUCTURAL","NO_OR_LIMITED","NO","YES","Typology generated from the frozen extraction flag and direct structural fields; no theoretical adjudication."
"AMB-00474","EXT-000736","D2_DSA","32022R2065#recital_107","MULTI_ACTION_PROVISION",,"STRUCTURAL","YES","NO","YES","Typology generated from the frozen extraction flag and direct structural fields; no theoretical adjudication."
"AMB-00475","EXT-000737","D2_DSA","32022R2065#recital_108","ACTION_OBJECT_AMBIGUITY",,"STRUCTURAL","YES","NO","YES","Typology generated from the frozen extraction flag and direct structural fields; no theoretical adjudication."
"AMB-00476","EXT-000738","D2_DSA","32022R2065#recital_108","PRONOUN_REFERENCE_AMBIGUITY",,"STRUCTURAL","NO_OR_LIMITED","NO","YES","Typology generated from the frozen extraction flag and direct structural fields; no theoretical adjudication."
"AMB-00477","EXT-000739","D2_DSA","32022R2065#recital_109","ACTION_OBJECT_AMBIGUITY",,"STRUCTURAL","YES","NO","YES","Typology generated from the frozen extraction flag and direct structural fields; no theoretical adjudication."
"AMB-00478","EXT-000740","D2_DSA","32022R2065#recital_109","ACTION_OBJECT_AMBIGUITY",,"STRUCTURAL","YES","NO","YES","Typology generated from the frozen extraction flag and direct structural fields; no theoretical adjudication."
"AMB-00479","EXT-000741","D2_DSA","32022R2065#recital_109","ACTION_OBJECT_AMBIGUITY",,"STRUCTURAL","YES","NO","YES","Typology generated from the frozen extraction flag and direct structural fields; no theoretical adjudication."
"AMB-00480","EXT-000742","D2_DSA","32022R2065#recital_110","MULTI_ACTOR_PROVISION",,"STRUCTURAL","NO_OR_LIMITED","NO","YES","Typology generated from the frozen extraction flag and direct structural fields; no theoretical adjudication."
"AMB-00481","EXT-000743","D2_DSA","32022R2065#recital_110","COUNTERPART_AMBIGUITY",,"STRUCTURAL","NO_OR_LIMITED","NO","YES","Typology generated from the frozen extraction flag and direct structural fields; no theoretical adjudication."
"AMB-00482","EXT-000744","D2_DSA","32022R2065#recital_110","ACTION_OBJECT_AMBIGUITY",,"STRUCTURAL","YES","NO","YES","Typology generated from the frozen extraction flag and direct structural fields; no theoretical adjudication."
"AMB-00483","EXT-000745","D2_DSA","32022R2065#recital_112","PRONOUN_REFERENCE_AMBIGUITY",,"STRUCTURAL","NO_OR_LIMITED","NO","YES","Typology generated from the frozen extraction flag and direct structural fields; no theoretical adjudication."
"AMB-00484","EXT-000746","D2_DSA","32022R2065#recital_112","PRONOUN_REFERENCE_AMBIGUITY",,"STRUCTURAL","NO_OR_LIMITED","NO","YES","Typology generated from the frozen extraction flag and direct structural fields; no theoretical adjudication."
"AMB-00485","EXT-000747","D2_DSA","32022R2065#recital_113","ACTION_OBJECT_AMBIGUITY",,"STRUCTURAL","YES","NO","YES","Typology generated from the frozen extraction flag and direct structural fields; no theoretical adjudication."
"AMB-00486","EXT-000748","D2_DSA","32022R2065#recital_114","ACTION_OBJECT_AMBIGUITY",,"STRUCTURAL","YES","NO","YES","Typology generated from the frozen extraction flag and direct structural fields; no theoretical adjudication."
"AMB-00487","EXT-000749","D2_DSA","32022R2065#recital_114","MULTI_ACTOR_PROVISION",,"STRUCTURAL","NO_OR_LIMITED","NO","YES","Typology generated from the frozen extraction flag and direct structural fields; no theoretical adjudication."
"AMB-00488","EXT-000751","D2_DSA","32022R2065#recital_116","ACTION_OBJECT_AMBIGUITY",,"STRUCTURAL","YES","NO","YES","Typology generated from the frozen extraction flag and direct structural fields; no theoretical adjudication."
"AMB-00489","EXT-000752","D2_DSA","32022R2065#recital_116","MULTI_ACTION_PROVISION",,"STRUCTURAL","YES","NO","YES","Typology generated from the frozen extraction flag and direct structural fields; no theoretical adjudication."
"AMB-00490","EXT-000753","D2_DSA","32022R2065#recital_117","ACTION_OBJECT_AMBIGUITY",,"STRUCTURAL","YES","NO","YES","Typology generated from the frozen extraction flag and direct structural fields; no theoretical adjudication."
"AMB-00491","EXT-000754","D2_DSA","32022R2065#recital_118","MULTI_ACTOR_PROVISION",,"STRUCTURAL","NO_OR_LIMITED","NO","YES","Typology generated from the frozen extraction flag and direct structural fields; no theoretical adjudication."
"AMB-00492","EXT-000755","D2_DSA","32022R2065#recital_119","ACTION_OBJECT_AMBIGUITY",,"STRUCTURAL","YES","NO","YES","Typology generated from the frozen extraction flag and direct structural fields; no theoretical adjudication."
"AMB-00493","EXT-000756","D2_DSA","32022R2065#recital_121","ACTION_OBJECT_AMBIGUITY",,"STRUCTURAL","YES","NO","YES","Typology generated from the frozen extraction flag and direct structural fields; no theoretical adjudication."
"AMB-00494","EXT-000757","D2_DSA","32022R2065#recital_123","ACTION_OBJECT_AMBIGUITY",,"STRUCTURAL","YES","NO","YES","Typology generated from the frozen extraction flag and direct structural fields; no theoretical adjudication."
"AMB-00495","EXT-000758","D2_DSA","32022R2065#recital_124","COUNTERPART_AMBIGUITY",,"STRUCTURAL","NO_OR_LIMITED","NO","YES","Typology generated from the frozen extraction flag and direct structural fields; no theoretical adjudication."
"AMB-00496","EXT-000759","D2_DSA","32022R2065#recital_124","MULTI_ACTION_PROVISION",,"STRUCTURAL","YES","NO","YES","Typology generated from the frozen extraction flag and direct structural fields; no theoretical adjudication."
"AMB-00497","EXT-000760","D2_DSA","32022R2065#recital_124","ACTION_OBJECT_AMBIGUITY",,"STRUCTURAL","YES","NO","YES","Typology generated from the frozen extraction flag and direct structural fields; no theoretical adjudication."
"AMB-00498","EXT-000761","D2_DSA","32022R2065#recital_125","MULTI_ACTOR_PROVISION",,"STRUCTURAL","NO_OR_LIMITED","NO","YES","Typology generated from the frozen extraction flag and direct structural fields; no theoretical adjudication."
"AMB-00499","EXT-000762","D2_DSA","32022R2065#recital_125","MULTI_ACTION_PROVISION",,"STRUCTURAL","YES","NO","YES","Typology generated from the frozen extraction flag and direct structural fields; no theoretical adjudication."
"AMB-00500","EXT-000763","D2_DSA","32022R2065#recital_125","ACTION_OBJECT_AMBIGUITY",,"STRUCTURAL","YES","NO","YES","Typology generated from the frozen extraction flag and direct structural fields; no theoretical adjudication."
"AMB-00501","EXT-000764","D2_DSA","32022R2065#recital_127","MULTI_ACTOR_PROVISION",,"STRUCTURAL","NO_OR_LIMITED","NO","YES","Typology generated from the frozen extraction flag and direct structural fields; no theoretical adjudication."
"AMB-00502","EXT-000765","D2_DSA","32022R2065#recital_129","ACTION_OBJECT_AMBIGUITY",,"STRUCTURAL","YES","NO","YES","Typology generated from the frozen extraction flag and direct structural fields; no theoretical adjudication."
"AMB-00503","EXT-000766","D2_DSA","32022R2065#recital_13","CROSS_REFERENCE_AMBIGUITY",,"STRUCTURAL","YES","NO","YES","Typology generated from the frozen extraction flag and direct structural fields; no theoretical adjudication."
"AMB-00504","EXT-000767","D2_DSA","32022R2065#recital_130","COUNTERPART_AMBIGUITY",,"STRUCTURAL","NO_OR_LIMITED","NO","YES","Typology generated from the frozen extraction flag and direct structural fields; no theoretical adjudication."
"AMB-00505","EXT-000768","D2_DSA","32022R2065#recital_130","COUNTERPART_AMBIGUITY",,"STRUCTURAL","NO_OR_LIMITED","NO","YES","Typology generated from the frozen extraction flag and direct structural fields; no theoretical adjudication."
"AMB-00506","EXT-000769","D2_DSA","32022R2065#recital_130","ACTION_OBJECT_AMBIGUITY",,"STRUCTURAL","YES","NO","YES","Typology generated from the frozen extraction flag and direct structural fields; no theoretical adjudication."
"AMB-00507","EXT-000770","D2_DSA","32022R2065#recital_131","COUNTERPART_AMBIGUITY",,"STRUCTURAL","NO_OR_LIMITED","NO","YES","Typology generated from the frozen extraction flag and direct structural fields; no theoretical adjudication."
"AMB-00508","EXT-000771","D2_DSA","32022R2065#recital_132","ACTION_OBJECT_AMBIGUITY",,"STRUCTURAL","YES","NO","YES","Typology generated from the frozen extraction flag and direct structural fields; no theoretical adjudication."
"AMB-00509","EXT-000772","D2_DSA","32022R2065#recital_132","ACTION_OBJECT_AMBIGUITY",,"STRUCTURAL","YES","NO","YES","Typology generated from the frozen extraction flag and direct structural fields; no theoretical adjudication."
"AMB-00510","EXT-000773","D2_DSA","32022R2065#recital_133","ACTION_OBJECT_AMBIGUITY",,"STRUCTURAL","YES","NO","YES","Typology generated from the frozen extraction flag and direct structural fields; no theoretical adjudication."
"AMB-00511","EXT-000774","D2_DSA","32022R2065#recital_134","ACTION_OBJECT_AMBIGUITY",,"STRUCTURAL","YES","NO","YES","Typology generated from the frozen extraction flag and direct structural fields; no theoretical adjudication."
"AMB-00512","EXT-000775","D2_DSA","32022R2065#recital_134","ACTION_OBJECT_AMBIGUITY",,"STRUCTURAL","YES","NO","YES","Typology generated from the frozen extraction flag and direct structural fields; no theoretical adjudication."
"AMB-00513","EXT-000777","D2_DSA","32022R2065#recital_136","ACTION_OBJECT_AMBIGUITY",,"STRUCTURAL","YES","NO","YES","Typology generated from the frozen extraction flag and direct structural fields; no theoretical adjudication."
"AMB-00514","EXT-000778","D2_DSA","32022R2065#recital_136","ACTION_SCOPE_AMBIGUITY",,"STRUCTURAL","YES","NO","YES","Typology generated from the frozen extraction flag and direct structural fields; no theoretical adjudication."
"AMB-00515","EXT-000779","D2_DSA","32022R2065#recital_137","MULTI_ACTION_PROVISION",,"STRUCTURAL","YES","NO","YES","Typology generated from the frozen extraction flag and direct structural fields; no theoretical adjudication."
"AMB-00516","EXT-000780","D2_DSA","32022R2065#recital_137","ACTION_OBJECT_AMBIGUITY",,"STRUCTURAL","YES","NO","YES","Typology generated from the frozen extraction flag and direct structural fields; no theoretical adjudication."
"AMB-00517","EXT-000781","D2_DSA","32022R2065#recital_137","MULTI_ACTION_PROVISION",,"STRUCTURAL","YES","NO","YES","Typology generated from the frozen extraction flag and direct structural fields; no theoretical adjudication."
"AMB-00518","EXT-000782","D2_DSA","32022R2065#recital_137","COUNTERPART_AMBIGUITY",,"STRUCTURAL","NO_OR_LIMITED","NO","YES","Typology generated from the frozen extraction flag and direct structural fields; no theoretical adjudication."
"AMB-00519","EXT-000783","D2_DSA","32022R2065#recital_137","MULTI_ACTOR_PROVISION",,"STRUCTURAL","NO_OR_LIMITED","NO","YES","Typology generated from the frozen extraction flag and direct structural fields; no theoretical adjudication."
"AMB-00520","EXT-000784","D2_DSA","32022R2065#recital_138","COUNTERPART_AMBIGUITY",,"STRUCTURAL","NO_OR_LIMITED","NO","YES","Typology generated from the frozen extraction flag and direct structural fields; no theoretical adjudication."
"AMB-00521","EXT-000785","D2_DSA","32022R2065#recital_138","COUNTERPART_AMBIGUITY",,"STRUCTURAL","NO_OR_LIMITED","NO","YES","Typology generated from the frozen extraction flag and direct structural fields; no theoretical adjudication."
"AMB-00522","EXT-000786","D2_DSA","32022R2065#recital_139","MULTI_ACTION_PROVISION",,"STRUCTURAL","YES","NO","YES","Typology generated from the frozen extraction flag and direct structural fields; no theoretical adjudication."
"AMB-00523","EXT-000787","D2_DSA","32022R2065#recital_139","ACTION_OBJECT_AMBIGUITY",,"STRUCTURAL","YES","NO","YES","Typology generated from the frozen extraction flag and direct structural fields; no theoretical adjudication."
"AMB-00524","EXT-000788","D2_DSA","32022R2065#recital_14","PRONOUN_REFERENCE_AMBIGUITY",,"STRUCTURAL","NO_OR_LIMITED","NO","YES","Typology generated from the frozen extraction flag and direct structural fields; no theoretical adjudication."
"AMB-00525","EXT-000789","D2_DSA","32022R2065#recital_140","MULTI_ACTION_PROVISION",,"STRUCTURAL","YES","NO","YES","Typology generated from the frozen extraction flag and direct structural fields; no theoretical adjudication."
"AMB-00526","EXT-000790","D2_DSA","32022R2065#recital_141","ACTION_OBJECT_AMBIGUITY",,"STRUCTURAL","YES","NO","YES","Typology generated from the frozen extraction flag and direct structural fields; no theoretical adjudication."
"AMB-00527","EXT-000791","D2_DSA","32022R2065#recital_141","ACTION_OBJECT_AMBIGUITY",,"STRUCTURAL","YES","NO","YES","Typology generated from the frozen extraction flag and direct structural fields; no theoretical adjudication."
"AMB-00528","EXT-000792","D2_DSA","32022R2065#recital_141","ACTION_OBJECT_AMBIGUITY",,"STRUCTURAL","YES","NO","YES","Typology generated from the frozen extraction flag and direct structural fields; no theoretical adjudication."
"AMB-00529","EXT-000793","D2_DSA","32022R2065#recital_141","ACTION_OBJECT_AMBIGUITY",,"STRUCTURAL","YES","NO","YES","Typology generated from the frozen extraction flag and direct structural fields; no theoretical adjudication."
"AMB-00530","EXT-000794","D2_DSA","32022R2065#recital_141","ACTION_OBJECT_AMBIGUITY",,"STRUCTURAL","YES","NO","YES","Typology generated from the frozen extraction flag and direct structural fields; no theoretical adjudication."
"AMB-00531","EXT-000795","D2_DSA","32022R2065#recital_141","ACTION_OBJECT_AMBIGUITY",,"STRUCTURAL","YES","NO","YES","Typology generated from the frozen extraction flag and direct structural fields; no theoretical adjudication."
"AMB-00532","EXT-000796","D2_DSA","32022R2065#recital_141","MULTI_ACTOR_PROVISION",,"STRUCTURAL","NO_OR_LIMITED","NO","YES","Typology generated from the frozen extraction flag and direct structural fields; no theoretical adjudication."
"AMB-00533","EXT-000797","D2_DSA","32022R2065#recital_142","ACTION_OBJECT_AMBIGUITY",,"STRUCTURAL","YES","NO","YES","Typology generated from the frozen extraction flag and direct structural fields; no theoretical adjudication."
"AMB-00534","EXT-000798","D2_DSA","32022R2065#recital_143","ACTION_OBJECT_AMBIGUITY",,"STRUCTURAL","YES","NO","YES","Typology generated from the frozen extraction flag and direct structural fields; no theoretical adjudication."
"AMB-00535","EXT-000799","D2_DSA","32022R2065#recital_143","COUNTERPART_AMBIGUITY",,"STRUCTURAL","NO_OR_LIMITED","NO","YES","Typology generated from the frozen extraction flag and direct structural fields; no theoretical adjudication."
"AMB-00536","EXT-000800","D2_DSA","32022R2065#recital_144","MULTI_ACTION_PROVISION",,"STRUCTURAL","YES","NO","YES","Typology generated from the frozen extraction flag and direct structural fields; no theoretical adjudication."
"AMB-00537","EXT-000801","D2_DSA","32022R2065#recital_144","MULTI_ACTOR_PROVISION",,"STRUCTURAL","NO_OR_LIMITED","NO","YES","Typology generated from the frozen extraction flag and direct structural fields; no theoretical adjudication."
"AMB-00538","EXT-000802","D2_DSA","32022R2065#recital_144","CROSS_REFERENCE_AMBIGUITY",,"STRUCTURAL","YES","NO","YES","Typology generated from the frozen extraction flag and direct structural fields; no theoretical adjudication."
"AMB-00539","EXT-000803","D2_DSA","32022R2065#recital_145","ACTION_OBJECT_AMBIGUITY",,"STRUCTURAL","YES","NO","YES","Typology generated from the frozen extraction flag and direct structural fields; no theoretical adjudication."
"AMB-00540","EXT-000804","D2_DSA","32022R2065#recital_145","MULTI_ACTION_PROVISION",,"STRUCTURAL","YES","NO","YES","Typology generated from the frozen extraction flag and direct structural fields; no theoretical adjudication."
"AMB-00541","EXT-000805","D2_DSA","32022R2065#recital_146","ACTION_OBJECT_AMBIGUITY",,"STRUCTURAL","YES","NO","YES","Typology generated from the frozen extraction flag and direct structural fields; no theoretical adjudication."
"AMB-00542","EXT-000806","D2_DSA","32022R2065#recital_148","ACTION_OBJECT_AMBIGUITY",,"STRUCTURAL","YES","NO","YES","Typology generated from the frozen extraction flag and direct structural fields; no theoretical adjudication."
"AMB-00543","EXT-000807","D2_DSA","32022R2065#recital_149","COUNTERPART_AMBIGUITY",,"STRUCTURAL","NO_OR_LIMITED","NO","YES","Typology generated from the frozen extraction flag and direct structural fields; no theoretical adjudication."
"AMB-00544","EXT-000808","D2_DSA","32022R2065#recital_150","ACTION_OBJECT_AMBIGUITY",,"STRUCTURAL","YES","NO","YES","Typology generated from the frozen extraction flag and direct structural fields; no theoretical adjudication."
"AMB-00545","EXT-000809","D2_DSA","32022R2065#recital_153","COUNTERPART_AMBIGUITY",,"STRUCTURAL","NO_OR_LIMITED","NO","YES","Typology generated from the frozen extraction flag and direct structural fields; no theoretical adjudication."
"AMB-00546","EXT-000810","D2_DSA","32022R2065#recital_155","PRONOUN_REFERENCE_AMBIGUITY",,"STRUCTURAL","NO_OR_LIMITED","NO","YES","Typology generated from the frozen extraction flag and direct structural fields; no theoretical adjudication."
"AMB-00547","EXT-000811","D2_DSA","32022R2065#recital_17","ACTION_OBJECT_AMBIGUITY",,"STRUCTURAL","YES","NO","YES","Typology generated from the frozen extraction flag and direct structural fields; no theoretical adjudication."
"AMB-00548","EXT-000812","D2_DSA","32022R2065#recital_17","PRONOUN_REFERENCE_AMBIGUITY",,"STRUCTURAL","NO_OR_LIMITED","NO","YES","Typology generated from the frozen extraction flag and direct structural fields; no theoretical adjudication."
"AMB-00549","EXT-000813","D2_DSA","32022R2065#recital_2","PRONOUN_REFERENCE_AMBIGUITY",,"STRUCTURAL","NO_OR_LIMITED","NO","YES","Typology generated from the frozen extraction flag and direct structural fields; no theoretical adjudication."
"AMB-00550","EXT-000814","D2_DSA","32022R2065#recital_20","MULTI_ACTOR_PROVISION",,"STRUCTURAL","NO_OR_LIMITED","NO","YES","Typology generated from the frozen extraction flag and direct structural fields; no theoretical adjudication."
"AMB-00551","EXT-000815","D2_DSA","32022R2065#recital_20","COUNTERPART_AMBIGUITY",,"STRUCTURAL","NO_OR_LIMITED","NO","YES","Typology generated from the frozen extraction flag and direct structural fields; no theoretical adjudication."
"AMB-00552","EXT-000816","D2_DSA","32022R2065#recital_21","ACTION_OBJECT_AMBIGUITY",,"STRUCTURAL","YES","NO","YES","Typology generated from the frozen extraction flag and direct structural fields; no theoretical adjudication."
"AMB-00553","EXT-000817","D2_DSA","32022R2065#recital_22","MULTI_ACTION_PROVISION",,"STRUCTURAL","YES","NO","YES","Typology generated from the frozen extraction flag and direct structural fields; no theoretical adjudication."
"AMB-00554","EXT-000818","D2_DSA","32022R2065#recital_26","MULTI_ACTOR_PROVISION",,"STRUCTURAL","NO_OR_LIMITED","NO","YES","Typology generated from the frozen extraction flag and direct structural fields; no theoretical adjudication."
"AMB-00555","EXT-000819","D2_DSA","32022R2065#recital_26","PRONOUN_REFERENCE_AMBIGUITY",,"STRUCTURAL","NO_OR_LIMITED","NO","YES","Typology generated from the frozen extraction flag and direct structural fields; no theoretical adjudication."
"AMB-00556","EXT-000820","D2_DSA","32022R2065#recital_26","ACTION_OBJECT_AMBIGUITY",,"STRUCTURAL","YES","NO","YES","Typology generated from the frozen extraction flag and direct structural fields; no theoretical adjudication."
"AMB-00557","EXT-000821","D2_DSA","32022R2065#recital_26","PRONOUN_REFERENCE_AMBIGUITY",,"STRUCTURAL","NO_OR_LIMITED","NO","YES","Typology generated from the frozen extraction flag and direct structural fields; no theoretical adjudication."
"AMB-00558","EXT-000822","D2_DSA","32022R2065#recital_30","COUNTERPART_AMBIGUITY",,"STRUCTURAL","NO_OR_LIMITED","NO","YES","Typology generated from the frozen extraction flag and direct structural fields; no theoretical adjudication."
"AMB-00559","EXT-000823","D2_DSA","32022R2065#recital_31","MULTI_ACTION_PROVISION",,"STRUCTURAL","YES","NO","YES","Typology generated from the frozen extraction flag and direct structural fields; no theoretical adjudication."
"AMB-00560","EXT-000824","D2_DSA","32022R2065#recital_32","ACTION_OBJECT_AMBIGUITY",,"STRUCTURAL","YES","NO","YES","Typology generated from the frozen extraction flag and direct structural fields; no theoretical adjudication."
"AMB-00561","EXT-000826","D2_DSA","32022R2065#recital_34","ACTION_OBJECT_AMBIGUITY",,"STRUCTURAL","YES","NO","YES","Typology generated from the frozen extraction flag and direct structural fields; no theoretical adjudication."
"AMB-00562","EXT-000827","D2_DSA","32022R2065#recital_39","PRONOUN_REFERENCE_AMBIGUITY",,"STRUCTURAL","NO_OR_LIMITED","NO","YES","Typology generated from the frozen extraction flag and direct structural fields; no theoretical adjudication."
"AMB-00563","EXT-000828","D2_DSA","32022R2065#recital_42","ACTION_OBJECT_AMBIGUITY",,"STRUCTURAL","YES","NO","YES","Typology generated from the frozen extraction flag and direct structural fields; no theoretical adjudication."
"AMB-00564","EXT-000829","D2_DSA","32022R2065#recital_42","COUNTERPART_AMBIGUITY",,"STRUCTURAL","NO_OR_LIMITED","NO","YES","Typology generated from the frozen extraction flag and direct structural fields; no theoretical adjudication."
"AMB-00565","EXT-000830","D2_DSA","32022R2065#recital_43","ACTION_OBJECT_AMBIGUITY",,"STRUCTURAL","YES","NO","YES","Typology generated from the frozen extraction flag and direct structural fields; no theoretical adjudication."
"AMB-00566","EXT-000831","D2_DSA","32022R2065#recital_43","ACTION_OBJECT_AMBIGUITY",,"STRUCTURAL","YES","NO","YES","Typology generated from the frozen extraction flag and direct structural fields; no theoretical adjudication."
"AMB-00567","EXT-000832","D2_DSA","32022R2065#recital_43","ACTION_OBJECT_AMBIGUITY",,"STRUCTURAL","YES","NO","YES","Typology generated from the frozen extraction flag and direct structural fields; no theoretical adjudication."
"AMB-00568","EXT-000833","D2_DSA","32022R2065#recital_44","PRONOUN_REFERENCE_AMBIGUITY",,"STRUCTURAL","NO_OR_LIMITED","NO","YES","Typology generated from the frozen extraction flag and direct structural fields; no theoretical adjudication."
"AMB-00569","EXT-000834","D2_DSA","32022R2065#recital_45","ACTION_OBJECT_AMBIGUITY",,"STRUCTURAL","YES","NO","YES","Typology generated from the frozen extraction flag and direct structural fields; no theoretical adjudication."
"AMB-00570","EXT-000835","D2_DSA","32022R2065#recital_45","ACTION_OBJECT_AMBIGUITY",,"STRUCTURAL","YES","NO","YES","Typology generated from the frozen extraction flag and direct structural fields; no theoretical adjudication."
"AMB-00571","EXT-000836","D2_DSA","32022R2065#recital_45","MULTI_ACTION_PROVISION",,"STRUCTURAL","YES","NO","YES","Typology generated from the frozen extraction flag and direct structural fields; no theoretical adjudication."
"AMB-00572","EXT-000837","D2_DSA","32022R2065#recital_45","ACTION_OBJECT_AMBIGUITY",,"STRUCTURAL","YES","NO","YES","Typology generated from the frozen extraction flag and direct structural fields; no theoretical adjudication."
"AMB-00573","EXT-000838","D2_DSA","32022R2065#recital_47","MULTI_ACTION_PROVISION",,"STRUCTURAL","YES","NO","YES","Typology generated from the frozen extraction flag and direct structural fields; no theoretical adjudication."
"AMB-00574","EXT-000839","D2_DSA","32022R2065#recital_47","ACTION_OBJECT_AMBIGUITY",,"STRUCTURAL","YES","NO","YES","Typology generated from the frozen extraction flag and direct structural fields; no theoretical adjudication."
"AMB-00575","EXT-000840","D2_DSA","32022R2065#recital_47","ACTION_OBJECT_AMBIGUITY",,"STRUCTURAL","YES","NO","YES","Typology generated from the frozen extraction flag and direct structural fields; no theoretical adjudication."
"AMB-00576","EXT-000841","D2_DSA","32022R2065#recital_48","PRONOUN_REFERENCE_AMBIGUITY",,"STRUCTURAL","NO_OR_LIMITED","NO","YES","Typology generated from the frozen extraction flag and direct structural fields; no theoretical adjudication."
"AMB-00577","EXT-000842","D2_DSA","32022R2065#recital_49","COUNTERPART_AMBIGUITY",,"STRUCTURAL","NO_OR_LIMITED","NO","YES","Typology generated from the frozen extraction flag and direct structural fields; no theoretical adjudication."
"AMB-00578","EXT-000843","D2_DSA","32022R2065#recital_50","MULTI_ACTION_PROVISION",,"STRUCTURAL","YES","NO","YES","Typology generated from the frozen extraction flag and direct structural fields; no theoretical adjudication."
"AMB-00579","EXT-000844","D2_DSA","32022R2065#recital_51","ACTION_OBJECT_AMBIGUITY",,"STRUCTURAL","YES","NO","YES","Typology generated from the frozen extraction flag and direct structural fields; no theoretical adjudication."
"AMB-00580","EXT-000845","D2_DSA","32022R2065#recital_51","ACTION_OBJECT_AMBIGUITY",,"STRUCTURAL","YES","NO","YES","Typology generated from the frozen extraction flag and direct structural fields; no theoretical adjudication."
"AMB-00581","EXT-000846","D2_DSA","32022R2065#recital_52","MULTI_ACTION_PROVISION",,"STRUCTURAL","YES","NO","YES","Typology generated from the frozen extraction flag and direct structural fields; no theoretical adjudication."
"AMB-00582","EXT-000847","D2_DSA","32022R2065#recital_52","ACTION_OBJECT_AMBIGUITY",,"STRUCTURAL","YES","NO","YES","Typology generated from the frozen extraction flag and direct structural fields; no theoretical adjudication."
"AMB-00583","EXT-000848","D2_DSA","32022R2065#recital_52","PRONOUN_REFERENCE_AMBIGUITY",,"STRUCTURAL","NO_OR_LIMITED","NO","YES","Typology generated from the frozen extraction flag and direct structural fields; no theoretical adjudication."
"AMB-00584","EXT-000849","D2_DSA","32022R2065#recital_54","COUNTERPART_AMBIGUITY",,"STRUCTURAL","NO_OR_LIMITED","NO","YES","Typology generated from the frozen extraction flag and direct structural fields; no theoretical adjudication."
"AMB-00585","EXT-000850","D2_DSA","32022R2065#recital_54","MULTI_ACTION_PROVISION",,"STRUCTURAL","YES","NO","YES","Typology generated from the frozen extraction flag and direct structural fields; no theoretical adjudication."
"AMB-00586","EXT-000851","D2_DSA","32022R2065#recital_55","COUNTERPART_AMBIGUITY",,"STRUCTURAL","NO_OR_LIMITED","NO","YES","Typology generated from the frozen extraction flag and direct structural fields; no theoretical adjudication."
"AMB-00587","EXT-000852","D2_DSA","32022R2065#recital_55","MULTI_ACTION_PROVISION",,"STRUCTURAL","YES","NO","YES","Typology generated from the frozen extraction flag and direct structural fields; no theoretical adjudication."
"AMB-00588","EXT-000853","D2_DSA","32022R2065#recital_56","CROSS_REFERENCE_AMBIGUITY",,"STRUCTURAL","YES","NO","YES","Typology generated from the frozen extraction flag and direct structural fields; no theoretical adjudication."
"AMB-00589","EXT-000854","D2_DSA","32022R2065#recital_56","CROSS_REFERENCE_AMBIGUITY",,"STRUCTURAL","YES","NO","YES","Typology generated from the frozen extraction flag and direct structural fields; no theoretical adjudication."
"AMB-00590","EXT-000855","D2_DSA","32022R2065#recital_56","CROSS_REFERENCE_AMBIGUITY",,"STRUCTURAL","YES","NO","YES","Typology generated from the frozen extraction flag and direct structural fields; no theoretical adjudication."
"AMB-00591","EXT-000856","D2_DSA","32022R2065#recital_56","CROSS_REFERENCE_AMBIGUITY",,"STRUCTURAL","YES","NO","YES","Typology generated from the frozen extraction flag and direct structural fields; no theoretical adjudication."
"AMB-00592","EXT-000857","D2_DSA","32022R2065#recital_56","CROSS_REFERENCE_AMBIGUITY",,"STRUCTURAL","YES","NO","YES","Typology generated from the frozen extraction flag and direct structural fields; no theoretical adjudication."
"AMB-00593","EXT-000858","D2_DSA","32022R2065#recital_57","PRONOUN_REFERENCE_AMBIGUITY",,"STRUCTURAL","NO_OR_LIMITED","NO","YES","Typology generated from the frozen extraction flag and direct structural fields; no theoretical adjudication."
"AMB-00594","EXT-000859","D2_DSA","32022R2065#recital_57","PRONOUN_REFERENCE_AMBIGUITY",,"STRUCTURAL","NO_OR_LIMITED","NO","YES","Typology generated from the frozen extraction flag and direct structural fields; no theoretical adjudication."
"AMB-00595","EXT-000860","D2_DSA","32022R2065#recital_58","ACTION_OBJECT_AMBIGUITY",,"STRUCTURAL","YES","NO","YES","Typology generated from the frozen extraction flag and direct structural fields; no theoretical adjudication."
"AMB-00596","EXT-000861","D2_DSA","32022R2065#recital_58","MULTI_ACTOR_PROVISION",,"STRUCTURAL","NO_OR_LIMITED","NO","YES","Typology generated from the frozen extraction flag and direct structural fields; no theoretical adjudication."
"AMB-00597","EXT-000862","D2_DSA","32022R2065#recital_59","CROSS_REFERENCE_AMBIGUITY",,"STRUCTURAL","YES","NO","YES","Typology generated from the frozen extraction flag and direct structural fields; no theoretical adjudication."
"AMB-00598","EXT-000863","D2_DSA","32022R2065#recital_59","CROSS_REFERENCE_AMBIGUITY",,"STRUCTURAL","YES","NO","YES","Typology generated from the frozen extraction flag and direct structural fields; no theoretical adjudication."
"AMB-00599","EXT-000864","D2_DSA","32022R2065#recital_59","CROSS_REFERENCE_AMBIGUITY",,"STRUCTURAL","YES","NO","YES","Typology generated from the frozen extraction flag and direct structural fields; no theoretical adjudication."
"AMB-00600","EXT-000865","D2_DSA","32022R2065#recital_59","PRONOUN_REFERENCE_AMBIGUITY",,"STRUCTURAL","NO_OR_LIMITED","NO","YES","Typology generated from the frozen extraction flag and direct structural fields; no theoretical adjudication."
"AMB-00601","EXT-000866","D2_DSA","32022R2065#recital_59","CROSS_REFERENCE_AMBIGUITY",,"STRUCTURAL","YES","NO","YES","Typology generated from the frozen extraction flag and direct structural fields; no theoretical adjudication."
"AMB-00602","EXT-000867","D2_DSA","32022R2065#recital_6","MULTI_ACTION_PROVISION",,"STRUCTURAL","YES","NO","YES","Typology generated from the frozen extraction flag and direct structural fields; no theoretical adjudication."
"AMB-00603","EXT-000868","D2_DSA","32022R2065#recital_61","MULTI_ACTOR_PROVISION",,"STRUCTURAL","NO_OR_LIMITED","NO","YES","Typology generated from the frozen extraction flag and direct structural fields; no theoretical adjudication."
"AMB-00604","EXT-000869","D2_DSA","32022R2065#recital_64","PRONOUN_REFERENCE_AMBIGUITY",,"STRUCTURAL","NO_OR_LIMITED","NO","YES","Typology generated from the frozen extraction flag and direct structural fields; no theoretical adjudication."
"AMB-00605","EXT-000870","D2_DSA","32022R2065#recital_64","ACTION_OBJECT_AMBIGUITY",,"STRUCTURAL","YES","NO","YES","Typology generated from the frozen extraction flag and direct structural fields; no theoretical adjudication."
"AMB-00606","EXT-000871","D2_DSA","32022R2065#recital_64","ACTION_OBJECT_AMBIGUITY",,"STRUCTURAL","YES","NO","YES","Typology generated from the frozen extraction flag and direct structural fields; no theoretical adjudication."
"AMB-00607","EXT-000872","D2_DSA","32022R2065#recital_66","MULTI_ACTION_PROVISION",,"STRUCTURAL","YES","NO","YES","Typology generated from the frozen extraction flag and direct structural fields; no theoretical adjudication."
"AMB-00608","EXT-000873","D2_DSA","32022R2065#recital_66","ACTION_OBJECT_AMBIGUITY",,"STRUCTURAL","YES","NO","YES","Typology generated from the frozen extraction flag and direct structural fields; no theoretical adjudication."
"AMB-00609","EXT-000874","D2_DSA","32022R2065#recital_67","MULTI_ACTION_PROVISION",,"STRUCTURAL","YES","NO","YES","Typology generated from the frozen extraction flag and direct structural fields; no theoretical adjudication."
"AMB-00610","EXT-000875","D2_DSA","32022R2065#recital_68","CROSS_REFERENCE_AMBIGUITY",,"STRUCTURAL","YES","NO","YES","Typology generated from the frozen extraction flag and direct structural fields; no theoretical adjudication."
"AMB-00611","EXT-000876","D2_DSA","32022R2065#recital_69","CROSS_REFERENCE_AMBIGUITY",,"STRUCTURAL","YES","NO","YES","Typology generated from the frozen extraction flag and direct structural fields; no theoretical adjudication."
"AMB-00612","EXT-000877","D2_DSA","32022R2065#recital_71","CROSS_REFERENCE_AMBIGUITY",,"STRUCTURAL","YES","NO","YES","Typology generated from the frozen extraction flag and direct structural fields; no theoretical adjudication."
"AMB-00613","EXT-000878","D2_DSA","32022R2065#recital_71","MULTI_ACTION_PROVISION",,"STRUCTURAL","YES","NO","YES","Typology generated from the frozen extraction flag and direct structural fields; no theoretical adjudication."
"AMB-00614","EXT-000879","D2_DSA","32022R2065#recital_72","CROSS_REFERENCE_AMBIGUITY",,"STRUCTURAL","YES","NO","YES","Typology generated from the frozen extraction flag and direct structural fields; no theoretical adjudication."
"AMB-00615","EXT-000880","D2_DSA","32022R2065#recital_73","ACTION_OBJECT_AMBIGUITY",,"STRUCTURAL","YES","NO","YES","Typology generated from the frozen extraction flag and direct structural fields; no theoretical adjudication."
"AMB-00616","EXT-000881","D2_DSA","32022R2065#recital_74","CROSS_REFERENCE_AMBIGUITY",,"STRUCTURAL","YES","NO","YES","Typology generated from the frozen extraction flag and direct structural fields; no theoretical adjudication."
"AMB-00617","EXT-000882","D2_DSA","32022R2065#recital_74","MULTI_ACTION_PROVISION",,"STRUCTURAL","YES","NO","YES","Typology generated from the frozen extraction flag and direct structural fields; no theoretical adjudication."
"AMB-00618","EXT-000883","D2_DSA","32022R2065#recital_74","MULTI_ACTION_PROVISION",,"STRUCTURAL","YES","NO","YES","Typology generated from the frozen extraction flag and direct structural fields; no theoretical adjudication."
"AMB-00619","EXT-000884","D2_DSA","32022R2065#recital_74","CROSS_REFERENCE_AMBIGUITY",,"STRUCTURAL","YES","NO","YES","Typology generated from the frozen extraction flag and direct structural fields; no theoretical adjudication."
"AMB-00620","EXT-000885","D2_DSA","32022R2065#recital_74","CROSS_REFERENCE_AMBIGUITY",,"STRUCTURAL","YES","NO","YES","Typology generated from the frozen extraction flag and direct structural fields; no theoretical adjudication."
"AMB-00621","EXT-000886","D2_DSA","32022R2065#recital_76","ACTION_SCOPE_AMBIGUITY",,"STRUCTURAL","YES","NO","YES","Typology generated from the frozen extraction flag and direct structural fields; no theoretical adjudication."
"AMB-00622","EXT-000887","D2_DSA","32022R2065#recital_77","MULTI_ACTOR_PROVISION",,"STRUCTURAL","NO_OR_LIMITED","NO","YES","Typology generated from the frozen extraction flag and direct structural fields; no theoretical adjudication."
"AMB-00623","EXT-000888","D2_DSA","32022R2065#recital_77","ACTION_OBJECT_AMBIGUITY",,"STRUCTURAL","YES","NO","YES","Typology generated from the frozen extraction flag and direct structural fields; no theoretical adjudication."
"AMB-00624","EXT-000889","D2_DSA","32022R2065#recital_78","MULTI_ACTOR_PROVISION",,"STRUCTURAL","NO_OR_LIMITED","NO","YES","Typology generated from the frozen extraction flag and direct structural fields; no theoretical adjudication."
"AMB-00625","EXT-000890","D2_DSA","32022R2065#recital_79","ACTION_OBJECT_AMBIGUITY",,"STRUCTURAL","YES","NO","YES","Typology generated from the frozen extraction flag and direct structural fields; no theoretical adjudication."
"AMB-00626","EXT-000891","D2_DSA","32022R2065#recital_8","MULTI_ACTOR_PROVISION",,"STRUCTURAL","NO_OR_LIMITED","NO","YES","Typology generated from the frozen extraction flag and direct structural fields; no theoretical adjudication."
"AMB-00627","EXT-000892","D2_DSA","32022R2065#recital_84","PRONOUN_REFERENCE_AMBIGUITY",,"STRUCTURAL","NO_OR_LIMITED","NO","YES","Typology generated from the frozen extraction flag and direct structural fields; no theoretical adjudication."
"AMB-00628","EXT-000893","D2_DSA","32022R2065#recital_84","ACTION_OBJECT_AMBIGUITY",,"STRUCTURAL","YES","NO","YES","Typology generated from the frozen extraction flag and direct structural fields; no theoretical adjudication."
"AMB-00629","EXT-000894","D2_DSA","32022R2065#recital_84","ACTION_OBJECT_AMBIGUITY",,"STRUCTURAL","YES","NO","YES","Typology generated from the frozen extraction flag and direct structural fields; no theoretical adjudication."
"AMB-00630","EXT-000895","D2_DSA","32022R2065#recital_84","COUNTERPART_AMBIGUITY",,"STRUCTURAL","NO_OR_LIMITED","NO","YES","Typology generated from the frozen extraction flag and direct structural fields; no theoretical adjudication."
"AMB-00631","EXT-000896","D2_DSA","32022R2065#recital_86","COUNTERPART_AMBIGUITY",,"STRUCTURAL","NO_OR_LIMITED","NO","YES","Typology generated from the frozen extraction flag and direct structural fields; no theoretical adjudication."
"AMB-00632","EXT-000897","D2_DSA","32022R2065#recital_87","MULTI_ACTION_PROVISION",,"STRUCTURAL","YES","NO","YES","Typology generated from the frozen extraction flag and direct structural fields; no theoretical adjudication."
"AMB-00633","EXT-000898","D2_DSA","32022R2065#recital_88","ACTION_OBJECT_AMBIGUITY",,"STRUCTURAL","YES","NO","YES","Typology generated from the frozen extraction flag and direct structural fields; no theoretical adjudication."
"AMB-00634","EXT-000899","D2_DSA","32022R2065#recital_89","COUNTERPART_AMBIGUITY",,"STRUCTURAL","NO_OR_LIMITED","NO","YES","Typology generated from the frozen extraction flag and direct structural fields; no theoretical adjudication."
"AMB-00635","EXT-000900","D2_DSA","32022R2065#recital_9","MULTI_ACTION_PROVISION",,"STRUCTURAL","YES","NO","YES","Typology generated from the frozen extraction flag and direct structural fields; no theoretical adjudication."
"AMB-00636","EXT-000901","D2_DSA","32022R2065#recital_91","ACTION_OBJECT_AMBIGUITY",,"STRUCTURAL","YES","NO","YES","Typology generated from the frozen extraction flag and direct structural fields; no theoretical adjudication."
"AMB-00637","EXT-000902","D2_DSA","32022R2065#recital_91","MULTI_ACTOR_PROVISION",,"STRUCTURAL","NO_OR_LIMITED","NO","YES","Typology generated from the frozen extraction flag and direct structural fields; no theoretical adjudication."
"AMB-00638","EXT-000903","D2_DSA","32022R2065#recital_93","ACTION_OBJECT_AMBIGUITY",,"STRUCTURAL","YES","NO","YES","Typology generated from the frozen extraction flag and direct structural fields; no theoretical adjudication."
"AMB-00639","EXT-000904","D2_DSA","32022R2065#recital_96","MULTI_ACTOR_PROVISION",,"STRUCTURAL","NO_OR_LIMITED","NO","YES","Typology generated from the frozen extraction flag and direct structural fields; no theoretical adjudication."
"AMB-00640","EXT-000905","D2_DSA","32022R2065#recital_97","CROSS_REFERENCE_AMBIGUITY",,"STRUCTURAL","YES","NO","YES","Typology generated from the frozen extraction flag and direct structural fields; no theoretical adjudication."
"AMB-00641","EXT-000906","D2_DSA","32022R2065#recital_97","CROSS_REFERENCE_AMBIGUITY",,"STRUCTURAL","YES","NO","YES","Typology generated from the frozen extraction flag and direct structural fields; no theoretical adjudication."
"AMB-00642","EXT-000907","D2_DSA","32022R2065#recital_98","MULTI_ACTION_PROVISION",,"STRUCTURAL","YES","NO","YES","Typology generated from the frozen extraction flag and direct structural fields; no theoretical adjudication."
"AMB-00643","EXT-000908","D2_DSA","32022R2065#recital_98","PRONOUN_REFERENCE_AMBIGUITY",,"STRUCTURAL","NO_OR_LIMITED","NO","YES","Typology generated from the frozen extraction flag and direct structural fields; no theoretical adjudication."
"AMB-00644","EXT-000909","D2_DSA","32022R2065#recital_98","MULTI_ACTOR_PROVISION",,"STRUCTURAL","NO_OR_LIMITED","NO","YES","Typology generated from the frozen extraction flag and direct structural fields; no theoretical adjudication."
"AMB-00645","EXT-000910","D3_AI_ACT","32024R1689#annex_VII","CROSS_REFERENCE_AMBIGUITY",,"STRUCTURAL","YES","NO","YES","Typology generated from the frozen extraction flag and direct structural fields; no theoretical adjudication."
"AMB-00646","EXT-000911","D3_AI_ACT","32024R1689#annex_VII","CROSS_REFERENCE_AMBIGUITY",,"STRUCTURAL","YES","NO","YES","Typology generated from the frozen extraction flag and direct structural fields; no theoretical adjudication."
"AMB-00647","EXT-000912","D3_AI_ACT","32024R1689#annex_VII","CROSS_REFERENCE_AMBIGUITY",,"STRUCTURAL","YES","NO","YES","Typology generated from the frozen extraction flag and direct structural fields; no theoretical adjudication."
"AMB-00648","EXT-000913","D3_AI_ACT","32024R1689#annex_VII","CROSS_REFERENCE_AMBIGUITY",,"STRUCTURAL","YES","NO","YES","Typology generated from the frozen extraction flag and direct structural fields; no theoretical adjudication."
"AMB-00649","EXT-000914","D3_AI_ACT","32024R1689#annex_VII","CROSS_REFERENCE_AMBIGUITY",,"STRUCTURAL","YES","NO","YES","Typology generated from the frozen extraction flag and direct structural fields; no theoretical adjudication."
"AMB-00650","EXT-000915","D3_AI_ACT","32024R1689#annex_VII","CROSS_REFERENCE_AMBIGUITY",,"STRUCTURAL","YES","NO","YES","Typology generated from the frozen extraction flag and direct structural fields; no theoretical adjudication."
"AMB-00651","EXT-000916","D3_AI_ACT","32024R1689#annex_VII","CROSS_REFERENCE_AMBIGUITY",,"STRUCTURAL","YES","NO","YES","Typology generated from the frozen extraction flag and direct structural fields; no theoretical adjudication."
"AMB-00652","EXT-000917","D3_AI_ACT","32024R1689#annex_VII","CROSS_REFERENCE_AMBIGUITY",,"STRUCTURAL","YES","NO","YES","Typology generated from the frozen extraction flag and direct structural fields; no theoretical adjudication."
"AMB-00653","EXT-000918","D3_AI_ACT","32024R1689#annex_VII","CROSS_REFERENCE_AMBIGUITY",,"STRUCTURAL","YES","NO","YES","Typology generated from the frozen extraction flag and direct structural fields; no theoretical adjudication."
"AMB-00654","EXT-000919","D3_AI_ACT","32024R1689#annex_VII","CROSS_REFERENCE_AMBIGUITY",,"STRUCTURAL","YES","NO","YES","Typology generated from the frozen extraction flag and direct structural fields; no theoretical adjudication."
"AMB-00655","EXT-000920","D3_AI_ACT","32024R1689#annex_VII","CROSS_REFERENCE_AMBIGUITY",,"STRUCTURAL","YES","NO","YES","Typology generated from the frozen extraction flag and direct structural fields; no theoretical adjudication."
"AMB-00656","EXT-000921","D3_AI_ACT","32024R1689#annex_VII","CROSS_REFERENCE_AMBIGUITY",,"STRUCTURAL","YES","NO","YES","Typology generated from the frozen extraction flag and direct structural fields; no theoretical adjudication."
"AMB-00657","EXT-000922","D3_AI_ACT","32024R1689#annex_VII","CROSS_REFERENCE_AMBIGUITY",,"STRUCTURAL","YES","NO","YES","Typology generated from the frozen extraction flag and direct structural fields; no theoretical adjudication."
"AMB-00658","EXT-000923","D3_AI_ACT","32024R1689#annex_VII","CROSS_REFERENCE_AMBIGUITY",,"STRUCTURAL","YES","NO","YES","Typology generated from the frozen extraction flag and direct structural fields; no theoretical adjudication."
"AMB-00659","EXT-000924","D3_AI_ACT","32024R1689#annex_VII","MULTI_ACTOR_PROVISION",,"STRUCTURAL","NO_OR_LIMITED","NO","YES","Typology generated from the frozen extraction flag and direct structural fields; no theoretical adjudication."
"AMB-00660","EXT-000925","D3_AI_ACT","32024R1689#annex_XIII","CROSS_REFERENCE_AMBIGUITY",,"STRUCTURAL","YES","NO","YES","Typology generated from the frozen extraction flag and direct structural fields; no theoretical adjudication."
"AMB-00661","EXT-000926","D3_AI_ACT","32024R1689#article_10/p5","PRONOUN_REFERENCE_AMBIGUITY",,"STRUCTURAL","NO_OR_LIMITED","NO","YES","Typology generated from the frozen extraction flag and direct structural fields; no theoretical adjudication."
"AMB-00662","EXT-000928","D3_AI_ACT","32024R1689#article_101/p1(a)(b)(c)(d)","CROSS_REFERENCE_AMBIGUITY",,"STRUCTURAL","YES","NO","YES","Typology generated from the frozen extraction flag and direct structural fields; no theoretical adjudication."
"AMB-00663","EXT-000930","D3_AI_ACT","32024R1689#article_101/p5","ACTION_SCOPE_AMBIGUITY",,"STRUCTURAL","YES","NO","YES","Typology generated from the frozen extraction flag and direct structural fields; no theoretical adjudication."
"AMB-00664","EXT-000931","D3_AI_ACT","32024R1689#article_101/p6","MULTI_ACTION_PROVISION",,"STRUCTURAL","YES","NO","YES","Typology generated from the frozen extraction flag and direct structural fields; no theoretical adjudication."
"AMB-00665","EXT-000932","D3_AI_ACT","32024R1689#article_11/p1","CROSS_REFERENCE_AMBIGUITY",,"STRUCTURAL","YES","NO","YES","Typology generated from the frozen extraction flag and direct structural fields; no theoretical adjudication."
"AMB-00666","EXT-000933","D3_AI_ACT","32024R1689#article_11/p1","CROSS_REFERENCE_AMBIGUITY",,"STRUCTURAL","YES","NO","YES","Typology generated from the frozen extraction flag and direct structural fields; no theoretical adjudication."
"AMB-00667","EXT-000934","D3_AI_ACT","32024R1689#article_111/p2","CROSS_REFERENCE_AMBIGUITY",,"STRUCTURAL","YES","NO","YES","Typology generated from the frozen extraction flag and direct structural fields; no theoretical adjudication."
"AMB-00668","EXT-000935","D3_AI_ACT","32024R1689#article_112/p1","CROSS_REFERENCE_AMBIGUITY",,"STRUCTURAL","YES","NO","YES","Typology generated from the frozen extraction flag and direct structural fields; no theoretical adjudication."
"AMB-00669","EXT-000936","D3_AI_ACT","32024R1689#article_112/p1","CROSS_REFERENCE_AMBIGUITY",,"STRUCTURAL","YES","NO","YES","Typology generated from the frozen extraction flag and direct structural fields; no theoretical adjudication."
"AMB-00670","EXT-000937","D3_AI_ACT","32024R1689#article_112/p13","ACTION_OBJECT_AMBIGUITY",,"STRUCTURAL","YES","NO","YES","Typology generated from the frozen extraction flag and direct structural fields; no theoretical adjudication."
"AMB-00671","EXT-000939","D3_AI_ACT","32024R1689#article_112/p3","MULTI_ACTION_PROVISION",,"STRUCTURAL","YES","NO","YES","Typology generated from the frozen extraction flag and direct structural fields; no theoretical adjudication."
"AMB-00672","EXT-000940","D3_AI_ACT","32024R1689#article_112/p5","ACTION_OBJECT_AMBIGUITY",,"STRUCTURAL","YES","NO","YES","Typology generated from the frozen extraction flag and direct structural fields; no theoretical adjudication."
"AMB-00673","EXT-000941","D3_AI_ACT","32024R1689#article_112/p5","COUNTERPART_AMBIGUITY",,"STRUCTURAL","NO_OR_LIMITED","NO","YES","Typology generated from the frozen extraction flag and direct structural fields; no theoretical adjudication."
"AMB-00674","EXT-000942","D3_AI_ACT","32024R1689#article_112/p6","ACTION_OBJECT_AMBIGUITY",,"STRUCTURAL","YES","NO","YES","Typology generated from the frozen extraction flag and direct structural fields; no theoretical adjudication."
"AMB-00675","EXT-000946","D3_AI_ACT","32024R1689#article_14/p5","CROSS_REFERENCE_AMBIGUITY",,"STRUCTURAL","YES","NO","YES","Typology generated from the frozen extraction flag and direct structural fields; no theoretical adjudication."
"AMB-00676","EXT-000947","D3_AI_ACT","32024R1689#article_17/p1","ACTION_OBJECT_AMBIGUITY",,"STRUCTURAL","YES","NO","YES","Typology generated from the frozen extraction flag and direct structural fields; no theoretical adjudication."
"AMB-00677","EXT-000949","D3_AI_ACT","32024R1689#article_19/p1","CROSS_REFERENCE_AMBIGUITY",,"STRUCTURAL","YES","NO","YES","Typology generated from the frozen extraction flag and direct structural fields; no theoretical adjudication."
"AMB-00678","EXT-000951","D3_AI_ACT","32024R1689#article_21/p3","PRONOUN_REFERENCE_AMBIGUITY",,"STRUCTURAL","NO_OR_LIMITED","NO","YES","Typology generated from the frozen extraction flag and direct structural fields; no theoretical adjudication."
"AMB-00679","EXT-000953","D3_AI_ACT","32024R1689#article_22/p3","ACTION_OBJECT_AMBIGUITY",,"STRUCTURAL","YES","NO","YES","Typology generated from the frozen extraction flag and direct structural fields; no theoretical adjudication."
"AMB-00680","EXT-000954","D3_AI_ACT","32024R1689#article_22/p4","MULTI_ACTION_PROVISION",,"STRUCTURAL","YES","NO","YES","Typology generated from the frozen extraction flag and direct structural fields; no theoretical adjudication."
"AMB-00681","EXT-000955","D3_AI_ACT","32024R1689#article_23/p2","CROSS_REFERENCE_AMBIGUITY",,"STRUCTURAL","YES","NO","YES","Typology generated from the frozen extraction flag and direct structural fields; no theoretical adjudication."
"AMB-00682","EXT-000956","D3_AI_ACT","32024R1689#article_24/p2","MULTI_ACTION_PROVISION",,"STRUCTURAL","YES","NO","YES","Typology generated from the frozen extraction flag and direct structural fields; no theoretical adjudication."
"AMB-00683","EXT-000957","D3_AI_ACT","32024R1689#article_24/p4","MULTI_ACTION_PROVISION",,"STRUCTURAL","YES","NO","YES","Typology generated from the frozen extraction flag and direct structural fields; no theoretical adjudication."
"AMB-00684","EXT-000958","D3_AI_ACT","32024R1689#article_25/p1","MULTI_ACTOR_PROVISION",,"STRUCTURAL","NO_OR_LIMITED","NO","YES","Typology generated from the frozen extraction flag and direct structural fields; no theoretical adjudication."
"AMB-00685","EXT-000959","D3_AI_ACT","32024R1689#article_25/p2","MULTI_ACTOR_PROVISION",,"STRUCTURAL","NO_OR_LIMITED","NO","YES","Typology generated from the frozen extraction flag and direct structural fields; no theoretical adjudication."
"AMB-00686","EXT-000960","D3_AI_ACT","32024R1689#article_25/p3","CROSS_REFERENCE_AMBIGUITY",,"STRUCTURAL","YES","NO","YES","Typology generated from the frozen extraction flag and direct structural fields; no theoretical adjudication."
"AMB-00687","EXT-000961","D3_AI_ACT","32024R1689#article_26/p10","CROSS_REFERENCE_AMBIGUITY",,"STRUCTURAL","YES","NO","YES","Typology generated from the frozen extraction flag and direct structural fields; no theoretical adjudication."
"AMB-00688","EXT-000962","D3_AI_ACT","32024R1689#article_26/p10","CROSS_REFERENCE_AMBIGUITY",,"STRUCTURAL","YES","NO","YES","Typology generated from the frozen extraction flag and direct structural fields; no theoretical adjudication."
"AMB-00689","EXT-000963","D3_AI_ACT","32024R1689#article_26/p10","CROSS_REFERENCE_AMBIGUITY",,"STRUCTURAL","YES","NO","YES","Typology generated from the frozen extraction flag and direct structural fields; no theoretical adjudication."
"AMB-00690","EXT-000967","D3_AI_ACT","32024R1689#article_27/p3","CROSS_REFERENCE_AMBIGUITY",,"STRUCTURAL","YES","NO","YES","Typology generated from the frozen extraction flag and direct structural fields; no theoretical adjudication."
"AMB-00691","EXT-000968","D3_AI_ACT","32024R1689#article_28/p1","MULTI_ACTION_PROVISION",,"STRUCTURAL","YES","NO","YES","Typology generated from the frozen extraction flag and direct structural fields; no theoretical adjudication."
"AMB-00692","EXT-000974","D3_AI_ACT","32024R1689#article_28/p7","ACTION_OBJECT_AMBIGUITY",,"STRUCTURAL","YES","NO","YES","Typology generated from the frozen extraction flag and direct structural fields; no theoretical adjudication."
"AMB-00693","EXT-000976","D3_AI_ACT","32024R1689#article_29/p2","CROSS_REFERENCE_AMBIGUITY",,"STRUCTURAL","YES","NO","YES","Typology generated from the frozen extraction flag and direct structural fields; no theoretical adjudication."
"AMB-00694","EXT-000977","D3_AI_ACT","32024R1689#article_29/p3","CROSS_REFERENCE_AMBIGUITY",,"STRUCTURAL","YES","NO","YES","Typology generated from the frozen extraction flag and direct structural fields; no theoretical adjudication."
"AMB-00695","EXT-000978","D3_AI_ACT","32024R1689#article_29/p4","CROSS_REFERENCE_AMBIGUITY",,"STRUCTURAL","YES","NO","YES","Typology generated from the frozen extraction flag and direct structural fields; no theoretical adjudication."
"AMB-00696","EXT-000981","D3_AI_ACT","32024R1689#article_30/p3","MULTI_ACTION_PROVISION",,"STRUCTURAL","YES","NO","YES","Typology generated from the frozen extraction flag and direct structural fields; no theoretical adjudication."
"AMB-00697","EXT-000983","D3_AI_ACT","32024R1689#article_30/p5","COUNTERPART_AMBIGUITY",,"STRUCTURAL","NO_OR_LIMITED","NO","YES","Typology generated from the frozen extraction flag and direct structural fields; no theoretical adjudication."
"AMB-00698","EXT-000984","D3_AI_ACT","32024R1689#article_30/p5","ACTION_OBJECT_AMBIGUITY",,"STRUCTURAL","YES","NO","YES","Typology generated from the frozen extraction flag and direct structural fields; no theoretical adjudication."
"AMB-00699","EXT-000985","D3_AI_ACT","32024R1689#article_31/p1","MULTI_ACTOR_PROVISION",,"STRUCTURAL","NO_OR_LIMITED","NO","YES","Typology generated from the frozen extraction flag and direct structural fields; no theoretical adjudication."
"AMB-00700","EXT-000986","D3_AI_ACT","32024R1689#article_31/p1","ACTION_SCOPE_AMBIGUITY",,"STRUCTURAL","YES","NO","YES","Typology generated from the frozen extraction flag and direct structural fields; no theoretical adjudication."
"AMB-00701","EXT-000988","D3_AI_ACT","32024R1689#article_31/p11","CROSS_REFERENCE_AMBIGUITY",,"STRUCTURAL","YES","NO","YES","Typology generated from the frozen extraction flag and direct structural fields; no theoretical adjudication."
"AMB-00702","EXT-000989","D3_AI_ACT","32024R1689#article_31/p11","CROSS_REFERENCE_AMBIGUITY",,"STRUCTURAL","YES","NO","YES","Typology generated from the frozen extraction flag and direct structural fields; no theoretical adjudication."
"AMB-00703","EXT-000990","D3_AI_ACT","32024R1689#article_31/p12","CROSS_REFERENCE_AMBIGUITY",,"STRUCTURAL","YES","NO","YES","Typology generated from the frozen extraction flag and direct structural fields; no theoretical adjudication."
"AMB-00704","EXT-000993","D3_AI_ACT","32024R1689#article_31/p4","ACTION_OBJECT_AMBIGUITY",,"STRUCTURAL","YES","NO","YES","Typology generated from the frozen extraction flag and direct structural fields; no theoretical adjudication."
"AMB-00705","EXT-000994","D3_AI_ACT","32024R1689#article_31/p4","ACTION_OBJECT_AMBIGUITY",,"STRUCTURAL","YES","NO","YES","Typology generated from the frozen extraction flag and direct structural fields; no theoretical adjudication."
"AMB-00706","EXT-000995","D3_AI_ACT","32024R1689#article_31/p6","MULTI_ACTION_PROVISION",,"STRUCTURAL","YES","NO","YES","Typology generated from the frozen extraction flag and direct structural fields; no theoretical adjudication."
"AMB-00707","EXT-000996","D3_AI_ACT","32024R1689#article_31/p6","MULTI_ACTION_PROVISION",,"STRUCTURAL","YES","NO","YES","Typology generated from the frozen extraction flag and direct structural fields; no theoretical adjudication."
"AMB-00708","EXT-000997","D3_AI_ACT","32024R1689#article_31/p7","CROSS_REFERENCE_AMBIGUITY",,"STRUCTURAL","YES","NO","YES","Typology generated from the frozen extraction flag and direct structural fields; no theoretical adjudication."
"AMB-00709","EXT-000998","D3_AI_ACT","32024R1689#article_31/p7","CROSS_REFERENCE_AMBIGUITY",,"STRUCTURAL","YES","NO","YES","Typology generated from the frozen extraction flag and direct structural fields; no theoretical adjudication."
"AMB-00710","EXT-001002","D3_AI_ACT","32024R1689#article_33/p3","COUNTERPART_AMBIGUITY",,"STRUCTURAL","NO_OR_LIMITED","NO","YES","Typology generated from the frozen extraction flag and direct structural fields; no theoretical adjudication."
"AMB-00711","EXT-001007","D3_AI_ACT","32024R1689#article_35/p2","ACTION_SCOPE_AMBIGUITY",,"STRUCTURAL","YES","NO","YES","Typology generated from the frozen extraction flag and direct structural fields; no theoretical adjudication."
"AMB-00712","EXT-001008","D3_AI_ACT","32024R1689#article_35/p2","ACTION_OBJECT_AMBIGUITY",,"STRUCTURAL","YES","NO","YES","Typology generated from the frozen extraction flag and direct structural fields; no theoretical adjudication."
"AMB-00713","EXT-001010","D3_AI_ACT","32024R1689#article_36/p3","ACTION_OBJECT_AMBIGUITY",,"STRUCTURAL","YES","NO","YES","Typology generated from the frozen extraction flag and direct structural fields; no theoretical adjudication."
"AMB-00714","EXT-001011","D3_AI_ACT","32024R1689#article_36/p3","ACTION_OBJECT_AMBIGUITY",,"STRUCTURAL","YES","NO","YES","Typology generated from the frozen extraction flag and direct structural fields; no theoretical adjudication."
"AMB-00715","EXT-001012","D3_AI_ACT","32024R1689#article_36/p3","ACTION_SCOPE_AMBIGUITY",,"STRUCTURAL","YES","NO","YES","Typology generated from the frozen extraction flag and direct structural fields; no theoretical adjudication."
"AMB-00716","EXT-001013","D3_AI_ACT","32024R1689#article_36/p4","CROSS_REFERENCE_AMBIGUITY",,"STRUCTURAL","YES","NO","YES","Typology generated from the frozen extraction flag and direct structural fields; no theoretical adjudication."
"AMB-00717","EXT-001018","D3_AI_ACT","32024R1689#article_36/p9(a)(b)","ACTION_SCOPE_AMBIGUITY",,"STRUCTURAL","YES","NO","YES","Typology generated from the frozen extraction flag and direct structural fields; no theoretical adjudication."
"AMB-00718","EXT-001024","D3_AI_ACT","32024R1689#article_40/p2","MULTI_ACTION_PROVISION",,"STRUCTURAL","YES","NO","YES","Typology generated from the frozen extraction flag and direct structural fields; no theoretical adjudication."
"AMB-00719","EXT-001025","D3_AI_ACT","32024R1689#article_40/p2","CROSS_REFERENCE_AMBIGUITY",,"STRUCTURAL","YES","NO","YES","Typology generated from the frozen extraction flag and direct structural fields; no theoretical adjudication."
"AMB-00720","EXT-001026","D3_AI_ACT","32024R1689#article_40/p2","CROSS_REFERENCE_AMBIGUITY",,"STRUCTURAL","YES","NO","YES","Typology generated from the frozen extraction flag and direct structural fields; no theoretical adjudication."
"AMB-00721","EXT-001027","D3_AI_ACT","32024R1689#article_40/p2","CROSS_REFERENCE_AMBIGUITY",,"STRUCTURAL","YES","NO","YES","Typology generated from the frozen extraction flag and direct structural fields; no theoretical adjudication."
"AMB-00722","EXT-001029","D3_AI_ACT","32024R1689#article_41/p1(a)(i)(b)","CROSS_REFERENCE_AMBIGUITY",,"STRUCTURAL","YES","NO","YES","Typology generated from the frozen extraction flag and direct structural fields; no theoretical adjudication."
"AMB-00723","EXT-001031","D3_AI_ACT","32024R1689#article_41/p4","CROSS_REFERENCE_AMBIGUITY",,"STRUCTURAL","YES","NO","YES","Typology generated from the frozen extraction flag and direct structural fields; no theoretical adjudication."
"AMB-00724","EXT-001032","D3_AI_ACT","32024R1689#article_41/p4","CROSS_REFERENCE_AMBIGUITY",,"STRUCTURAL","YES","NO","YES","Typology generated from the frozen extraction flag and direct structural fields; no theoretical adjudication."
"AMB-00725","EXT-001033","D3_AI_ACT","32024R1689#article_41/p6","MULTI_ACTION_PROVISION",,"STRUCTURAL","YES","NO","YES","Typology generated from the frozen extraction flag and direct structural fields; no theoretical adjudication."
"AMB-00726","EXT-001038","D3_AI_ACT","32024R1689#article_43/p3","CROSS_REFERENCE_AMBIGUITY",,"STRUCTURAL","YES","NO","YES","Typology generated from the frozen extraction flag and direct structural fields; no theoretical adjudication."
"AMB-00727","EXT-001039","D3_AI_ACT","32024R1689#article_43/p3","CROSS_REFERENCE_AMBIGUITY",,"STRUCTURAL","YES","NO","YES","Typology generated from the frozen extraction flag and direct structural fields; no theoretical adjudication."
"AMB-00728","EXT-001040","D3_AI_ACT","32024R1689#article_43/p3","CROSS_REFERENCE_AMBIGUITY",,"STRUCTURAL","YES","NO","YES","Typology generated from the frozen extraction flag and direct structural fields; no theoretical adjudication."
"AMB-00729","EXT-001048","D3_AI_ACT","32024R1689#article_46/p1","MULTI_ACTION_PROVISION",,"STRUCTURAL","YES","NO","YES","Typology generated from the frozen extraction flag and direct structural fields; no theoretical adjudication."
"AMB-00730","EXT-001049","D3_AI_ACT","32024R1689#article_46/p2","MULTI_ACTOR_PROVISION",,"STRUCTURAL","NO_OR_LIMITED","NO","YES","Typology generated from the frozen extraction flag and direct structural fields; no theoretical adjudication."
"AMB-00731","EXT-001050","D3_AI_ACT","32024R1689#article_46/p3","MULTI_ACTION_PROVISION",,"STRUCTURAL","YES","NO","YES","Typology generated from the frozen extraction flag and direct structural fields; no theoretical adjudication."
"AMB-00732","EXT-001051","D3_AI_ACT","32024R1689#article_46/p5","COUNTERPART_AMBIGUITY",,"STRUCTURAL","NO_OR_LIMITED","NO","YES","Typology generated from the frozen extraction flag and direct structural fields; no theoretical adjudication."
"AMB-00733","EXT-001052","D3_AI_ACT","32024R1689#article_46/p5","ACTION_OBJECT_AMBIGUITY",,"STRUCTURAL","YES","NO","YES","Typology generated from the frozen extraction flag and direct structural fields; no theoretical adjudication."
"AMB-00734","EXT-001053","D3_AI_ACT","32024R1689#article_47/p1","ACTION_OBJECT_AMBIGUITY",,"STRUCTURAL","YES","NO","YES","Typology generated from the frozen extraction flag and direct structural fields; no theoretical adjudication."
"AMB-00735","EXT-001054","D3_AI_ACT","32024R1689#article_47/p4","CROSS_REFERENCE_AMBIGUITY",,"STRUCTURAL","YES","NO","YES","Typology generated from the frozen extraction flag and direct structural fields; no theoretical adjudication."
"AMB-00736","EXT-001055","D3_AI_ACT","32024R1689#article_47/p4","CROSS_REFERENCE_AMBIGUITY",,"STRUCTURAL","YES","NO","YES","Typology generated from the frozen extraction flag and direct structural fields; no theoretical adjudication."
"AMB-00737","EXT-001056","D3_AI_ACT","32024R1689#article_48/p4","MULTI_ACTION_PROVISION",,"STRUCTURAL","YES","NO","YES","Typology generated from the frozen extraction flag and direct structural fields; no theoretical adjudication."
"AMB-00738","EXT-001060","D3_AI_ACT","32024R1689#article_5/p3","MULTI_ACTOR_PROVISION",,"STRUCTURAL","NO_OR_LIMITED","NO","YES","Typology generated from the frozen extraction flag and direct structural fields; no theoretical adjudication."
"AMB-00739","EXT-001061","D3_AI_ACT","32024R1689#article_5/p3","COUNTERPART_AMBIGUITY",,"STRUCTURAL","NO_OR_LIMITED","NO","YES","Typology generated from the frozen extraction flag and direct structural fields; no theoretical adjudication."
"AMB-00740","EXT-001062","D3_AI_ACT","32024R1689#article_5/p3","ACTION_OBJECT_AMBIGUITY",,"STRUCTURAL","YES","NO","YES","Typology generated from the frozen extraction flag and direct structural fields; no theoretical adjudication."
"AMB-00741","EXT-001063","D3_AI_ACT","32024R1689#article_5/p5","ACTION_OBJECT_AMBIGUITY",,"STRUCTURAL","YES","NO","YES","Typology generated from the frozen extraction flag and direct structural fields; no theoretical adjudication."
"AMB-00742","EXT-001064","D3_AI_ACT","32024R1689#article_5/p5","ACTION_OBJECT_AMBIGUITY",,"STRUCTURAL","YES","NO","YES","Typology generated from the frozen extraction flag and direct structural fields; no theoretical adjudication."
"AMB-00743","EXT-001065","D3_AI_ACT","32024R1689#article_5/p5","COUNTERPART_AMBIGUITY",,"STRUCTURAL","NO_OR_LIMITED","NO","YES","Typology generated from the frozen extraction flag and direct structural fields; no theoretical adjudication."
"AMB-00744","EXT-001066","D3_AI_ACT","32024R1689#article_5/p5","COUNTERPART_AMBIGUITY",,"STRUCTURAL","NO_OR_LIMITED","NO","YES","Typology generated from the frozen extraction flag and direct structural fields; no theoretical adjudication."
"AMB-00745","EXT-001067","D3_AI_ACT","32024R1689#article_5/p5","ACTION_OBJECT_AMBIGUITY",,"STRUCTURAL","YES","NO","YES","Typology generated from the frozen extraction flag and direct structural fields; no theoretical adjudication."
"AMB-00746","EXT-001069","D3_AI_ACT","32024R1689#article_5/p7","ACTION_OBJECT_AMBIGUITY",,"STRUCTURAL","YES","NO","YES","Typology generated from the frozen extraction flag and direct structural fields; no theoretical adjudication."
"AMB-00747","EXT-001070","D3_AI_ACT","32024R1689#article_50/p1","ACTION_OBJECT_AMBIGUITY",,"STRUCTURAL","YES","NO","YES","Typology generated from the frozen extraction flag and direct structural fields; no theoretical adjudication."
"AMB-00748","EXT-001071","D3_AI_ACT","32024R1689#article_50/p2","ACTION_OBJECT_AMBIGUITY",,"STRUCTURAL","YES","NO","YES","Typology generated from the frozen extraction flag and direct structural fields; no theoretical adjudication."
"AMB-00749","EXT-001072","D3_AI_ACT","32024R1689#article_50/p7","CROSS_REFERENCE_AMBIGUITY",,"STRUCTURAL","YES","NO","YES","Typology generated from the frozen extraction flag and direct structural fields; no theoretical adjudication."
"AMB-00750","EXT-001074","D3_AI_ACT","32024R1689#article_52/p1","MULTI_ACTION_PROVISION",,"STRUCTURAL","YES","NO","YES","Typology generated from the frozen extraction flag and direct structural fields; no theoretical adjudication."
"AMB-00751","EXT-001076","D3_AI_ACT","32024R1689#article_52/p5","MULTI_ACTOR_PROVISION",,"STRUCTURAL","NO_OR_LIMITED","NO","YES","Typology generated from the frozen extraction flag and direct structural fields; no theoretical adjudication."
"AMB-00752","EXT-001077","D3_AI_ACT","32024R1689#article_52/p5","CROSS_REFERENCE_AMBIGUITY",,"STRUCTURAL","YES","NO","YES","Typology generated from the frozen extraction flag and direct structural fields; no theoretical adjudication."
"AMB-00753","EXT-001078","D3_AI_ACT","32024R1689#article_52/p6","CROSS_REFERENCE_AMBIGUITY",,"STRUCTURAL","YES","NO","YES","Typology generated from the frozen extraction flag and direct structural fields; no theoretical adjudication."
"AMB-00754","EXT-001080","D3_AI_ACT","32024R1689#article_53/p4","CROSS_REFERENCE_AMBIGUITY",,"STRUCTURAL","YES","NO","YES","Typology generated from the frozen extraction flag and direct structural fields; no theoretical adjudication."
"AMB-00755","EXT-001082","D3_AI_ACT","32024R1689#article_54/p3","ACTION_OBJECT_AMBIGUITY",,"STRUCTURAL","YES","NO","YES","Typology generated from the frozen extraction flag and direct structural fields; no theoretical adjudication."
"AMB-00756","EXT-001083","D3_AI_ACT","32024R1689#article_54/p5","MULTI_ACTION_PROVISION",,"STRUCTURAL","YES","NO","YES","Typology generated from the frozen extraction flag and direct structural fields; no theoretical adjudication."
"AMB-00757","EXT-001084","D3_AI_ACT","32024R1689#article_55/p2","CROSS_REFERENCE_AMBIGUITY",,"STRUCTURAL","YES","NO","YES","Typology generated from the frozen extraction flag and direct structural fields; no theoretical adjudication."
"AMB-00758","EXT-001087","D3_AI_ACT","32024R1689#article_56/p6","MULTI_ACTOR_PROVISION",,"STRUCTURAL","NO_OR_LIMITED","NO","YES","Typology generated from the frozen extraction flag and direct structural fields; no theoretical adjudication."
"AMB-00759","EXT-001088","D3_AI_ACT","32024R1689#article_56/p6","MULTI_ACTOR_PROVISION",,"STRUCTURAL","NO_OR_LIMITED","NO","YES","Typology generated from the frozen extraction flag and direct structural fields; no theoretical adjudication."
"AMB-00760","EXT-001089","D3_AI_ACT","32024R1689#article_56/p9","CROSS_REFERENCE_AMBIGUITY",,"STRUCTURAL","YES","NO","YES","Typology generated from the frozen extraction flag and direct structural fields; no theoretical adjudication."
"AMB-00761","EXT-001090","D3_AI_ACT","32024R1689#article_57/p1","ACTION_OBJECT_AMBIGUITY",,"STRUCTURAL","YES","NO","YES","Typology generated from the frozen extraction flag and direct structural fields; no theoretical adjudication."
"AMB-00762","EXT-001091","D3_AI_ACT","32024R1689#article_57/p1","ACTION_OBJECT_AMBIGUITY",,"STRUCTURAL","YES","NO","YES","Typology generated from the frozen extraction flag and direct structural fields; no theoretical adjudication."
"AMB-00763","EXT-001093","D3_AI_ACT","32024R1689#article_57/p11","ACTION_OBJECT_AMBIGUITY",,"STRUCTURAL","YES","NO","YES","Typology generated from the frozen extraction flag and direct structural fields; no theoretical adjudication."
"AMB-00764","EXT-001094","D3_AI_ACT","32024R1689#article_57/p11","MULTI_ACTION_PROVISION",,"STRUCTURAL","YES","NO","YES","Typology generated from the frozen extraction flag and direct structural fields; no theoretical adjudication."
"AMB-00765","EXT-001095","D3_AI_ACT","32024R1689#article_57/p12","MULTI_ACTOR_PROVISION",,"STRUCTURAL","NO_OR_LIMITED","NO","YES","Typology generated from the frozen extraction flag and direct structural fields; no theoretical adjudication."
"AMB-00766","EXT-001097","D3_AI_ACT","32024R1689#article_57/p15","MULTI_ACTION_PROVISION",,"STRUCTURAL","YES","NO","YES","Typology generated from the frozen extraction flag and direct structural fields; no theoretical adjudication."
"AMB-00767","EXT-001098","D3_AI_ACT","32024R1689#article_57/p16","MULTI_ACTION_PROVISION",,"STRUCTURAL","YES","NO","YES","Typology generated from the frozen extraction flag and direct structural fields; no theoretical adjudication."
"AMB-00768","EXT-001099","D3_AI_ACT","32024R1689#article_57/p16","ACTION_OBJECT_AMBIGUITY",,"STRUCTURAL","YES","NO","YES","Typology generated from the frozen extraction flag and direct structural fields; no theoretical adjudication."
"AMB-00769","EXT-001100","D3_AI_ACT","32024R1689#article_57/p17","MULTI_ACTION_PROVISION",,"STRUCTURAL","YES","NO","YES","Typology generated from the frozen extraction flag and direct structural fields; no theoretical adjudication."
"AMB-00770","EXT-001101","D3_AI_ACT","32024R1689#article_57/p17","CROSS_REFERENCE_AMBIGUITY",,"STRUCTURAL","YES","NO","YES","Typology generated from the frozen extraction flag and direct structural fields; no theoretical adjudication."
"AMB-00771","EXT-001103","D3_AI_ACT","32024R1689#article_57/p4","ACTION_OBJECT_AMBIGUITY",,"STRUCTURAL","YES","NO","YES","Typology generated from the frozen extraction flag and direct structural fields; no theoretical adjudication."
"AMB-00772","EXT-001104","D3_AI_ACT","32024R1689#article_57/p4","ACTION_OBJECT_AMBIGUITY",,"STRUCTURAL","YES","NO","YES","Typology generated from the frozen extraction flag and direct structural fields; no theoretical adjudication."
"AMB-00773","EXT-001106","D3_AI_ACT","32024R1689#article_57/p7","MULTI_ACTOR_PROVISION",,"STRUCTURAL","NO_OR_LIMITED","NO","YES","Typology generated from the frozen extraction flag and direct structural fields; no theoretical adjudication."
"AMB-00774","EXT-001107","D3_AI_ACT","32024R1689#article_57/p7","MULTI_ACTION_PROVISION",,"STRUCTURAL","YES","NO","YES","Typology generated from the frozen extraction flag and direct structural fields; no theoretical adjudication."
"AMB-00775","EXT-001108","D3_AI_ACT","32024R1689#article_57/p7","ACTION_OBJECT_AMBIGUITY",,"STRUCTURAL","YES","NO","YES","Typology generated from the frozen extraction flag and direct structural fields; no theoretical adjudication."
"AMB-00776","EXT-001109","D3_AI_ACT","32024R1689#article_57/p7","ACTION_OBJECT_AMBIGUITY",,"STRUCTURAL","YES","NO","YES","Typology generated from the frozen extraction flag and direct structural fields; no theoretical adjudication."
"AMB-00777","EXT-001110","D3_AI_ACT","32024R1689#article_57/p7","ACTION_OBJECT_AMBIGUITY",,"STRUCTURAL","YES","NO","YES","Typology generated from the frozen extraction flag and direct structural fields; no theoretical adjudication."
"AMB-00778","EXT-001111","D3_AI_ACT","32024R1689#article_57/p8","MULTI_ACTOR_PROVISION",,"STRUCTURAL","NO_OR_LIMITED","NO","YES","Typology generated from the frozen extraction flag and direct structural fields; no theoretical adjudication."
"AMB-00779","EXT-001112","D3_AI_ACT","32024R1689#article_58/p1","ACTION_OBJECT_AMBIGUITY",,"STRUCTURAL","YES","NO","YES","Typology generated from the frozen extraction flag and direct structural fields; no theoretical adjudication."
"AMB-00780","EXT-001115","D3_AI_ACT","32024R1689#article_59/p1(a)(i)(v)(b)(c)(d)(e)","ACTION_SCOPE_AMBIGUITY",,"STRUCTURAL","YES","NO","YES","Typology generated from the frozen extraction flag and direct structural fields; no theoretical adjudication."
"AMB-00781","EXT-001116","D3_AI_ACT","32024R1689#article_6/p4","CROSS_REFERENCE_AMBIGUITY",,"STRUCTURAL","YES","NO","YES","Typology generated from the frozen extraction flag and direct structural fields; no theoretical adjudication."
"AMB-00782","EXT-001117","D3_AI_ACT","32024R1689#article_6/p4","PRONOUN_REFERENCE_AMBIGUITY",,"STRUCTURAL","NO_OR_LIMITED","NO","YES","Typology generated from the frozen extraction flag and direct structural fields; no theoretical adjudication."
"AMB-00783","EXT-001122","D3_AI_ACT","32024R1689#article_60/p6","CROSS_REFERENCE_AMBIGUITY",,"STRUCTURAL","YES","NO","YES","Typology generated from the frozen extraction flag and direct structural fields; no theoretical adjudication."
"AMB-00784","EXT-001123","D3_AI_ACT","32024R1689#article_60/p6","CROSS_REFERENCE_AMBIGUITY",,"STRUCTURAL","YES","NO","YES","Typology generated from the frozen extraction flag and direct structural fields; no theoretical adjudication."
"AMB-00785","EXT-001124","D3_AI_ACT","32024R1689#article_60/p7","MULTI_ACTOR_PROVISION",,"STRUCTURAL","NO_OR_LIMITED","NO","YES","Typology generated from the frozen extraction flag and direct structural fields; no theoretical adjudication."
"AMB-00786","EXT-001125","D3_AI_ACT","32024R1689#article_60/p7","MULTI_ACTOR_PROVISION",,"STRUCTURAL","NO_OR_LIMITED","NO","YES","Typology generated from the frozen extraction flag and direct structural fields; no theoretical adjudication."
"AMB-00787","EXT-001130","D3_AI_ACT","32024R1689#article_63/p1","CROSS_REFERENCE_AMBIGUITY",,"STRUCTURAL","YES","NO","YES","Typology generated from the frozen extraction flag and direct structural fields; no theoretical adjudication."
"AMB-00788","EXT-001133","D3_AI_ACT","32024R1689#article_65/p2","ACTION_OBJECT_AMBIGUITY",,"STRUCTURAL","YES","NO","YES","Typology generated from the frozen extraction flag and direct structural fields; no theoretical adjudication."
"AMB-00789","EXT-001134","D3_AI_ACT","32024R1689#article_65/p2","MULTI_ACTOR_PROVISION",,"STRUCTURAL","NO_OR_LIMITED","NO","YES","Typology generated from the frozen extraction flag and direct structural fields; no theoretical adjudication."
"AMB-00790","EXT-001138","D3_AI_ACT","32024R1689#article_65/p6","MULTI_ACTION_PROVISION",,"STRUCTURAL","YES","NO","YES","Typology generated from the frozen extraction flag and direct structural fields; no theoretical adjudication."
"AMB-00791","EXT-001139","D3_AI_ACT","32024R1689#article_65/p6","CROSS_REFERENCE_AMBIGUITY",,"STRUCTURAL","YES","NO","YES","Typology generated from the frozen extraction flag and direct structural fields; no theoretical adjudication."
"AMB-00792","EXT-001140","D3_AI_ACT","32024R1689#article_65/p6","CROSS_REFERENCE_AMBIGUITY",,"STRUCTURAL","YES","NO","YES","Typology generated from the frozen extraction flag and direct structural fields; no theoretical adjudication."
"AMB-00793","EXT-001142","D3_AI_ACT","32024R1689#article_65/p8","ACTION_OBJECT_AMBIGUITY",,"STRUCTURAL","YES","NO","YES","Typology generated from the frozen extraction flag and direct structural fields; no theoretical adjudication."
"AMB-00794","EXT-001145","D3_AI_ACT","32024R1689#article_69/p2","CROSS_REFERENCE_AMBIGUITY",,"STRUCTURAL","YES","NO","YES","Typology generated from the frozen extraction flag and direct structural fields; no theoretical adjudication."
"AMB-00795","EXT-001148","D3_AI_ACT","32024R1689#article_70/p1","MULTI_ACTION_PROVISION",,"STRUCTURAL","YES","NO","YES","Typology generated from the frozen extraction flag and direct structural fields; no theoretical adjudication."
"AMB-00796","EXT-001149","D3_AI_ACT","32024R1689#article_70/p1","COUNTERPART_AMBIGUITY",,"STRUCTURAL","NO_OR_LIMITED","NO","YES","Typology generated from the frozen extraction flag and direct structural fields; no theoretical adjudication."
"AMB-00797","EXT-001150","D3_AI_ACT","32024R1689#article_70/p1","ACTION_OBJECT_AMBIGUITY",,"STRUCTURAL","YES","NO","YES","Typology generated from the frozen extraction flag and direct structural fields; no theoretical adjudication."
"AMB-00798","EXT-001151","D3_AI_ACT","32024R1689#article_70/p2","MULTI_ACTOR_PROVISION",,"STRUCTURAL","NO_OR_LIMITED","NO","YES","Typology generated from the frozen extraction flag and direct structural fields; no theoretical adjudication."
"AMB-00799","EXT-001152","D3_AI_ACT","32024R1689#article_70/p2","COUNTERPART_AMBIGUITY",,"STRUCTURAL","NO_OR_LIMITED","NO","YES","Typology generated from the frozen extraction flag and direct structural fields; no theoretical adjudication."
"AMB-00800","EXT-001153","D3_AI_ACT","32024R1689#article_70/p2","ACTION_OBJECT_AMBIGUITY",,"STRUCTURAL","YES","NO","YES","Typology generated from the frozen extraction flag and direct structural fields; no theoretical adjudication."
"AMB-00801","EXT-001154","D3_AI_ACT","32024R1689#article_70/p2","ACTION_OBJECT_AMBIGUITY",,"STRUCTURAL","YES","NO","YES","Typology generated from the frozen extraction flag and direct structural fields; no theoretical adjudication."
"AMB-00802","EXT-001155","D3_AI_ACT","32024R1689#article_70/p2","ACTION_OBJECT_AMBIGUITY",,"STRUCTURAL","YES","NO","YES","Typology generated from the frozen extraction flag and direct structural fields; no theoretical adjudication."
"AMB-00803","EXT-001156","D3_AI_ACT","32024R1689#article_70/p3","MULTI_ACTION_PROVISION",,"STRUCTURAL","YES","NO","YES","Typology generated from the frozen extraction flag and direct structural fields; no theoretical adjudication."
"AMB-00804","EXT-001157","D3_AI_ACT","32024R1689#article_70/p3","ACTION_OBJECT_AMBIGUITY",,"STRUCTURAL","YES","NO","YES","Typology generated from the frozen extraction flag and direct structural fields; no theoretical adjudication."
"AMB-00805","EXT-001158","D3_AI_ACT","32024R1689#article_70/p3","ACTION_OBJECT_AMBIGUITY",,"STRUCTURAL","YES","NO","YES","Typology generated from the frozen extraction flag and direct structural fields; no theoretical adjudication."
"AMB-00806","EXT-001161","D3_AI_ACT","32024R1689#article_70/p6","COUNTERPART_AMBIGUITY",,"STRUCTURAL","NO_OR_LIMITED","NO","YES","Typology generated from the frozen extraction flag and direct structural fields; no theoretical adjudication."
"AMB-00807","EXT-001162","D3_AI_ACT","32024R1689#article_70/p6","ACTION_OBJECT_AMBIGUITY",,"STRUCTURAL","YES","NO","YES","Typology generated from the frozen extraction flag and direct structural fields; no theoretical adjudication."
"AMB-00808","EXT-001164","D3_AI_ACT","32024R1689#article_70/p8","MULTI_ACTION_PROVISION",,"STRUCTURAL","YES","NO","YES","Typology generated from the frozen extraction flag and direct structural fields; no theoretical adjudication."
"AMB-00809","EXT-001165","D3_AI_ACT","32024R1689#article_70/p8","COUNTERPART_AMBIGUITY",,"STRUCTURAL","NO_OR_LIMITED","NO","YES","Typology generated from the frozen extraction flag and direct structural fields; no theoretical adjudication."
"AMB-00810","EXT-001166","D3_AI_ACT","32024R1689#article_71/p1","CROSS_REFERENCE_AMBIGUITY",,"STRUCTURAL","YES","NO","YES","Typology generated from the frozen extraction flag and direct structural fields; no theoretical adjudication."
"AMB-00811","EXT-001167","D3_AI_ACT","32024R1689#article_71/p6","CROSS_REFERENCE_AMBIGUITY",,"STRUCTURAL","YES","NO","YES","Typology generated from the frozen extraction flag and direct structural fields; no theoretical adjudication."
"AMB-00812","EXT-001169","D3_AI_ACT","32024R1689#article_72/p3","CROSS_REFERENCE_AMBIGUITY",,"STRUCTURAL","YES","NO","YES","Typology generated from the frozen extraction flag and direct structural fields; no theoretical adjudication."
"AMB-00813","EXT-001170","D3_AI_ACT","32024R1689#article_72/p4","CROSS_REFERENCE_AMBIGUITY",,"STRUCTURAL","YES","NO","YES","Typology generated from the frozen extraction flag and direct structural fields; no theoretical adjudication."
"AMB-00814","EXT-001173","D3_AI_ACT","32024R1689#article_73/p6","COUNTERPART_AMBIGUITY",,"STRUCTURAL","NO_OR_LIMITED","NO","YES","Typology generated from the frozen extraction flag and direct structural fields; no theoretical adjudication."
"AMB-00815","EXT-001174","D3_AI_ACT","32024R1689#article_73/p7","CROSS_REFERENCE_AMBIGUITY",,"STRUCTURAL","YES","NO","YES","Typology generated from the frozen extraction flag and direct structural fields; no theoretical adjudication."
"AMB-00816","EXT-001175","D3_AI_ACT","32024R1689#article_73/p7","MULTI_ACTION_PROVISION",,"STRUCTURAL","YES","NO","YES","Typology generated from the frozen extraction flag and direct structural fields; no theoretical adjudication."
"AMB-00817","EXT-001176","D3_AI_ACT","32024R1689#article_73/p8","CROSS_REFERENCE_AMBIGUITY",,"STRUCTURAL","YES","NO","YES","Typology generated from the frozen extraction flag and direct structural fields; no theoretical adjudication."
"AMB-00818","EXT-001178","D3_AI_ACT","32024R1689#article_74/p11","MULTI_ACTOR_PROVISION",,"STRUCTURAL","NO_OR_LIMITED","NO","YES","Typology generated from the frozen extraction flag and direct structural fields; no theoretical adjudication."
"AMB-00819","EXT-001182","D3_AI_ACT","32024R1689#article_74/p2","CROSS_REFERENCE_AMBIGUITY",,"STRUCTURAL","YES","NO","YES","Typology generated from the frozen extraction flag and direct structural fields; no theoretical adjudication."
"AMB-00820","EXT-001183","D3_AI_ACT","32024R1689#article_74/p2","MULTI_ACTION_PROVISION",,"STRUCTURAL","YES","NO","YES","Typology generated from the frozen extraction flag and direct structural fields; no theoretical adjudication."
"AMB-00821","EXT-001184","D3_AI_ACT","32024R1689#article_74/p3","PRONOUN_REFERENCE_AMBIGUITY",,"STRUCTURAL","NO_OR_LIMITED","NO","YES","Typology generated from the frozen extraction flag and direct structural fields; no theoretical adjudication."
"AMB-00822","EXT-001185","D3_AI_ACT","32024R1689#article_74/p3","CROSS_REFERENCE_AMBIGUITY",,"STRUCTURAL","YES","NO","YES","Typology generated from the frozen extraction flag and direct structural fields; no theoretical adjudication."
"AMB-00823","EXT-001187","D3_AI_ACT","32024R1689#article_74/p6","PRONOUN_REFERENCE_AMBIGUITY",,"STRUCTURAL","NO_OR_LIMITED","NO","YES","Typology generated from the frozen extraction flag and direct structural fields; no theoretical adjudication."
"AMB-00824","EXT-001188","D3_AI_ACT","32024R1689#article_74/p7","COUNTERPART_AMBIGUITY",,"STRUCTURAL","NO_OR_LIMITED","NO","YES","Typology generated from the frozen extraction flag and direct structural fields; no theoretical adjudication."
"AMB-00825","EXT-001189","D3_AI_ACT","32024R1689#article_74/p7","COUNTERPART_AMBIGUITY",,"STRUCTURAL","NO_OR_LIMITED","NO","YES","Typology generated from the frozen extraction flag and direct structural fields; no theoretical adjudication."
"AMB-00826","EXT-001190","D3_AI_ACT","32024R1689#article_74/p8","CROSS_REFERENCE_AMBIGUITY",,"STRUCTURAL","YES","NO","YES","Typology generated from the frozen extraction flag and direct structural fields; no theoretical adjudication."
"AMB-00827","EXT-001191","D3_AI_ACT","32024R1689#article_74/p8","CROSS_REFERENCE_AMBIGUITY",,"STRUCTURAL","YES","NO","YES","Typology generated from the frozen extraction flag and direct structural fields; no theoretical adjudication."
"AMB-00828","EXT-001192","D3_AI_ACT","32024R1689#article_75/p2","ACTION_OBJECT_AMBIGUITY",,"STRUCTURAL","YES","NO","YES","Typology generated from the frozen extraction flag and direct structural fields; no theoretical adjudication."
"AMB-00829","EXT-001193","D3_AI_ACT","32024R1689#article_75/p3","CROSS_REFERENCE_AMBIGUITY",,"STRUCTURAL","YES","NO","YES","Typology generated from the frozen extraction flag and direct structural fields; no theoretical adjudication."
"AMB-00830","EXT-001196","D3_AI_ACT","32024R1689#article_76/p4","MULTI_ACTOR_PROVISION",,"STRUCTURAL","NO_OR_LIMITED","NO","YES","Typology generated from the frozen extraction flag and direct structural fields; no theoretical adjudication."
"AMB-00831","EXT-001197","D3_AI_ACT","32024R1689#article_77/p1","MULTI_ACTOR_PROVISION",,"STRUCTURAL","NO_OR_LIMITED","NO","YES","Typology generated from the frozen extraction flag and direct structural fields; no theoretical adjudication."
"AMB-00832","EXT-001198","D3_AI_ACT","32024R1689#article_77/p2","MULTI_ACTION_PROVISION",,"STRUCTURAL","YES","NO","YES","Typology generated from the frozen extraction flag and direct structural fields; no theoretical adjudication."
"AMB-00833","EXT-001199","D3_AI_ACT","32024R1689#article_77/p2","MULTI_ACTION_PROVISION",,"STRUCTURAL","YES","NO","YES","Typology generated from the frozen extraction flag and direct structural fields; no theoretical adjudication."
"AMB-00834","EXT-001201","D3_AI_ACT","32024R1689#article_78/p3","MULTI_ACTOR_PROVISION",,"STRUCTURAL","NO_OR_LIMITED","NO","YES","Typology generated from the frozen extraction flag and direct structural fields; no theoretical adjudication."
"AMB-00835","EXT-001202","D3_AI_ACT","32024R1689#article_78/p3","MULTI_ACTION_PROVISION",,"STRUCTURAL","YES","NO","YES","Typology generated from the frozen extraction flag and direct structural fields; no theoretical adjudication."
"AMB-00836","EXT-001203","D3_AI_ACT","32024R1689#article_78/p3","CROSS_REFERENCE_AMBIGUITY",,"STRUCTURAL","YES","NO","YES","Typology generated from the frozen extraction flag and direct structural fields; no theoretical adjudication."
"AMB-00837","EXT-001205","D3_AI_ACT","32024R1689#article_79/p2","MULTI_ACTION_PROVISION",,"STRUCTURAL","YES","NO","YES","Typology generated from the frozen extraction flag and direct structural fields; no theoretical adjudication."
"AMB-00838","EXT-001206","D3_AI_ACT","32024R1689#article_79/p2","CROSS_REFERENCE_AMBIGUITY",,"STRUCTURAL","YES","NO","YES","Typology generated from the frozen extraction flag and direct structural fields; no theoretical adjudication."
"AMB-00839","EXT-001207","D3_AI_ACT","32024R1689#article_79/p2","PRONOUN_REFERENCE_AMBIGUITY",,"STRUCTURAL","NO_OR_LIMITED","NO","YES","Typology generated from the frozen extraction flag and direct structural fields; no theoretical adjudication."
"AMB-00840","EXT-001209","D3_AI_ACT","32024R1689#article_79/p5","ACTION_OBJECT_AMBIGUITY",,"STRUCTURAL","YES","NO","YES","Typology generated from the frozen extraction flag and direct structural fields; no theoretical adjudication."
"AMB-00841","EXT-001210","D3_AI_ACT","32024R1689#article_79/p5","MULTI_ACTION_PROVISION",,"STRUCTURAL","YES","NO","YES","Typology generated from the frozen extraction flag and direct structural fields; no theoretical adjudication."
"AMB-00842","EXT-001213","D3_AI_ACT","32024R1689#article_8/p2","CROSS_REFERENCE_AMBIGUITY",,"STRUCTURAL","YES","NO","YES","Typology generated from the frozen extraction flag and direct structural fields; no theoretical adjudication."
"AMB-00843","EXT-001214","D3_AI_ACT","32024R1689#article_8/p2","CROSS_REFERENCE_AMBIGUITY",,"STRUCTURAL","YES","NO","YES","Typology generated from the frozen extraction flag and direct structural fields; no theoretical adjudication."
"AMB-00844","EXT-001216","D3_AI_ACT","32024R1689#article_80/p2","COUNTERPART_AMBIGUITY",,"STRUCTURAL","NO_OR_LIMITED","NO","YES","Typology generated from the frozen extraction flag and direct structural fields; no theoretical adjudication."
"AMB-00845","EXT-001217","D3_AI_ACT","32024R1689#article_80/p4","CROSS_REFERENCE_AMBIGUITY",,"STRUCTURAL","YES","NO","YES","Typology generated from the frozen extraction flag and direct structural fields; no theoretical adjudication."
"AMB-00846","EXT-001218","D3_AI_ACT","32024R1689#article_80/p4","CROSS_REFERENCE_AMBIGUITY",,"STRUCTURAL","YES","NO","YES","Typology generated from the frozen extraction flag and direct structural fields; no theoretical adjudication."
"AMB-00847","EXT-001222","D3_AI_ACT","32024R1689#article_81/p1","CROSS_REFERENCE_AMBIGUITY",,"STRUCTURAL","YES","NO","YES","Typology generated from the frozen extraction flag and direct structural fields; no theoretical adjudication."
"AMB-00848","EXT-001223","D3_AI_ACT","32024R1689#article_81/p1","CROSS_REFERENCE_AMBIGUITY",,"STRUCTURAL","YES","NO","YES","Typology generated from the frozen extraction flag and direct structural fields; no theoretical adjudication."
"AMB-00849","EXT-001224","D3_AI_ACT","32024R1689#article_81/p2","MULTI_ACTOR_PROVISION",,"STRUCTURAL","NO_OR_LIMITED","NO","YES","Typology generated from the frozen extraction flag and direct structural fields; no theoretical adjudication."
"AMB-00850","EXT-001225","D3_AI_ACT","32024R1689#article_81/p2","ACTION_OBJECT_AMBIGUITY",,"STRUCTURAL","YES","NO","YES","Typology generated from the frozen extraction flag and direct structural fields; no theoretical adjudication."
"AMB-00851","EXT-001228","D3_AI_ACT","32024R1689#article_82/p3","MULTI_ACTION_PROVISION",,"STRUCTURAL","YES","NO","YES","Typology generated from the frozen extraction flag and direct structural fields; no theoretical adjudication."
"AMB-00852","EXT-001229","D3_AI_ACT","32024R1689#article_82/p4","MULTI_ACTION_PROVISION",,"STRUCTURAL","YES","NO","YES","Typology generated from the frozen extraction flag and direct structural fields; no theoretical adjudication."
"AMB-00853","EXT-001230","D3_AI_ACT","32024R1689#article_82/p4","ACTION_OBJECT_AMBIGUITY",,"STRUCTURAL","YES","NO","YES","Typology generated from the frozen extraction flag and direct structural fields; no theoretical adjudication."
"AMB-00854","EXT-001231","D3_AI_ACT","32024R1689#article_82/p5","COUNTERPART_AMBIGUITY",,"STRUCTURAL","NO_OR_LIMITED","NO","YES","Typology generated from the frozen extraction flag and direct structural fields; no theoretical adjudication."
"AMB-00855","EXT-001234","D3_AI_ACT","32024R1689#article_88/p1","CROSS_REFERENCE_AMBIGUITY",,"STRUCTURAL","YES","NO","YES","Typology generated from the frozen extraction flag and direct structural fields; no theoretical adjudication."
"AMB-00856","EXT-001235","D3_AI_ACT","32024R1689#article_88/p1","MULTI_ACTION_PROVISION",,"STRUCTURAL","YES","NO","YES","Typology generated from the frozen extraction flag and direct structural fields; no theoretical adjudication."
"AMB-00857","EXT-001237","D3_AI_ACT","32024R1689#article_89/p2","ACTION_SCOPE_AMBIGUITY",,"STRUCTURAL","YES","NO","YES","Typology generated from the frozen extraction flag and direct structural fields; no theoretical adjudication."
"AMB-00858","EXT-001241","D3_AI_ACT","32024R1689#article_91/p5","MULTI_ACTOR_PROVISION",,"STRUCTURAL","NO_OR_LIMITED","NO","YES","Typology generated from the frozen extraction flag and direct structural fields; no theoretical adjudication."
"AMB-00859","EXT-001242","D3_AI_ACT","32024R1689#article_92/p2","CROSS_REFERENCE_AMBIGUITY",,"STRUCTURAL","YES","NO","YES","Typology generated from the frozen extraction flag and direct structural fields; no theoretical adjudication."
"AMB-00860","EXT-001245","D3_AI_ACT","32024R1689#article_92/p6","CROSS_REFERENCE_AMBIGUITY",,"STRUCTURAL","YES","NO","YES","Typology generated from the frozen extraction flag and direct structural fields; no theoretical adjudication."
"AMB-00861","EXT-001251","D3_AI_ACT","32024R1689#article_96/p1(a)(b)(c)(d)(e)(f)","CROSS_REFERENCE_AMBIGUITY",,"STRUCTURAL","YES","NO","YES","Typology generated from the frozen extraction flag and direct structural fields; no theoretical adjudication."
"AMB-00862","EXT-001253","D3_AI_ACT","32024R1689#article_97/p2","CROSS_REFERENCE_AMBIGUITY",,"STRUCTURAL","YES","NO","YES","Typology generated from the frozen extraction flag and direct structural fields; no theoretical adjudication."
"AMB-00863","EXT-001256","D3_AI_ACT","32024R1689#article_98/p1","ACTION_SCOPE_AMBIGUITY",,"STRUCTURAL","YES","NO","YES","Typology generated from the frozen extraction flag and direct structural fields; no theoretical adjudication."
"AMB-00864","EXT-001257","D3_AI_ACT","32024R1689#article_98/p1","ACTION_SCOPE_AMBIGUITY",,"STRUCTURAL","YES","NO","YES","Typology generated from the frozen extraction flag and direct structural fields; no theoretical adjudication."
"AMB-00865","EXT-001258","D3_AI_ACT","32024R1689#article_99/p1","MULTI_ACTION_PROVISION",,"STRUCTURAL","YES","NO","YES","Typology generated from the frozen extraction flag and direct structural fields; no theoretical adjudication."
"AMB-00866","EXT-001260","D3_AI_ACT","32024R1689#article_99/p8","ACTION_OBJECT_AMBIGUITY",,"STRUCTURAL","YES","NO","YES","Typology generated from the frozen extraction flag and direct structural fields; no theoretical adjudication."
"AMB-00867","EXT-001261","D3_AI_ACT","32024R1689#article_99/p9","PRONOUN_REFERENCE_AMBIGUITY",,"STRUCTURAL","NO_OR_LIMITED","NO","YES","Typology generated from the frozen extraction flag and direct structural fields; no theoretical adjudication."
"AMB-00868","EXT-001262","D3_AI_ACT","32024R1689#recital_101","COUNTERPART_AMBIGUITY",,"STRUCTURAL","NO_OR_LIMITED","NO","YES","Typology generated from the frozen extraction flag and direct structural fields; no theoretical adjudication."
"AMB-00869","EXT-001263","D3_AI_ACT","32024R1689#recital_106","CROSS_REFERENCE_AMBIGUITY",,"STRUCTURAL","YES","NO","YES","Typology generated from the frozen extraction flag and direct structural fields; no theoretical adjudication."
"AMB-00870","EXT-001264","D3_AI_ACT","32024R1689#recital_106","CROSS_REFERENCE_AMBIGUITY",,"STRUCTURAL","YES","NO","YES","Typology generated from the frozen extraction flag and direct structural fields; no theoretical adjudication."
"AMB-00871","EXT-001265","D3_AI_ACT","32024R1689#recital_106","CROSS_REFERENCE_AMBIGUITY",,"STRUCTURAL","YES","NO","YES","Typology generated from the frozen extraction flag and direct structural fields; no theoretical adjudication."
"AMB-00872","EXT-001266","D3_AI_ACT","32024R1689#recital_106","CROSS_REFERENCE_AMBIGUITY",,"STRUCTURAL","YES","NO","YES","Typology generated from the frozen extraction flag and direct structural fields; no theoretical adjudication."
"AMB-00873","EXT-001267","D3_AI_ACT","32024R1689#recital_109","MULTI_ACTION_PROVISION",,"STRUCTURAL","YES","NO","YES","Typology generated from the frozen extraction flag and direct structural fields; no theoretical adjudication."
"AMB-00874","EXT-001268","D3_AI_ACT","32024R1689#recital_109","MULTI_ACTION_PROVISION",,"STRUCTURAL","YES","NO","YES","Typology generated from the frozen extraction flag and direct structural fields; no theoretical adjudication."
"AMB-00875","EXT-001269","D3_AI_ACT","32024R1689#recital_111","MULTI_ACTOR_PROVISION",,"STRUCTURAL","NO_OR_LIMITED","NO","YES","Typology generated from the frozen extraction flag and direct structural fields; no theoretical adjudication."
"AMB-00876","EXT-001270","D3_AI_ACT","32024R1689#recital_112","MULTI_ACTOR_PROVISION",,"STRUCTURAL","NO_OR_LIMITED","NO","YES","Typology generated from the frozen extraction flag and direct structural fields; no theoretical adjudication."
"AMB-00877","EXT-001271","D3_AI_ACT","32024R1689#recital_112","ACTION_OBJECT_AMBIGUITY",,"STRUCTURAL","YES","NO","YES","Typology generated from the frozen extraction flag and direct structural fields; no theoretical adjudication."
"AMB-00878","EXT-001272","D3_AI_ACT","32024R1689#recital_112","ACTION_OBJECT_AMBIGUITY",,"STRUCTURAL","YES","NO","YES","Typology generated from the frozen extraction flag and direct structural fields; no theoretical adjudication."
"AMB-00879","EXT-001273","D3_AI_ACT","32024R1689#recital_113","ACTION_OBJECT_AMBIGUITY",,"STRUCTURAL","YES","NO","YES","Typology generated from the frozen extraction flag and direct structural fields; no theoretical adjudication."
"AMB-00880","EXT-001274","D3_AI_ACT","32024R1689#recital_114","ACTION_OBJECT_AMBIGUITY",,"STRUCTURAL","YES","NO","YES","Typology generated from the frozen extraction flag and direct structural fields; no theoretical adjudication."
"AMB-00881","EXT-001275","D3_AI_ACT","32024R1689#recital_114","MULTI_ACTION_PROVISION",,"STRUCTURAL","YES","NO","YES","Typology generated from the frozen extraction flag and direct structural fields; no theoretical adjudication."
"AMB-00882","EXT-001276","D3_AI_ACT","32024R1689#recital_115","ACTION_OBJECT_AMBIGUITY",,"STRUCTURAL","YES","NO","YES","Typology generated from the frozen extraction flag and direct structural fields; no theoretical adjudication."
"AMB-00883","EXT-001277","D3_AI_ACT","32024R1689#recital_115","COUNTERPART_AMBIGUITY",,"STRUCTURAL","NO_OR_LIMITED","NO","YES","Typology generated from the frozen extraction flag and direct structural fields; no theoretical adjudication."
"AMB-00884","EXT-001278","D3_AI_ACT","32024R1689#recital_115","MULTI_ACTION_PROVISION",,"STRUCTURAL","YES","NO","YES","Typology generated from the frozen extraction flag and direct structural fields; no theoretical adjudication."
"AMB-00885","EXT-001279","D3_AI_ACT","32024R1689#recital_117","ACTION_OBJECT_AMBIGUITY",,"STRUCTURAL","YES","NO","YES","Typology generated from the frozen extraction flag and direct structural fields; no theoretical adjudication."
"AMB-00886","EXT-001280","D3_AI_ACT","32024R1689#recital_117","ACTION_OBJECT_AMBIGUITY",,"STRUCTURAL","YES","NO","YES","Typology generated from the frozen extraction flag and direct structural fields; no theoretical adjudication."
"AMB-00887","EXT-001281","D3_AI_ACT","32024R1689#recital_117","COUNTERPART_AMBIGUITY",,"STRUCTURAL","NO_OR_LIMITED","NO","YES","Typology generated from the frozen extraction flag and direct structural fields; no theoretical adjudication."
"AMB-00888","EXT-001282","D3_AI_ACT","32024R1689#recital_121","CROSS_REFERENCE_AMBIGUITY",,"STRUCTURAL","YES","NO","YES","Typology generated from the frozen extraction flag and direct structural fields; no theoretical adjudication."
"AMB-00889","EXT-001283","D3_AI_ACT","32024R1689#recital_121","MULTI_ACTION_PROVISION",,"STRUCTURAL","YES","NO","YES","Typology generated from the frozen extraction flag and direct structural fields; no theoretical adjudication."
"AMB-00890","EXT-001284","D3_AI_ACT","32024R1689#recital_126","CROSS_REFERENCE_AMBIGUITY",,"STRUCTURAL","YES","NO","YES","Typology generated from the frozen extraction flag and direct structural fields; no theoretical adjudication."
"AMB-00891","EXT-001285","D3_AI_ACT","32024R1689#recital_126","CROSS_REFERENCE_AMBIGUITY",,"STRUCTURAL","YES","NO","YES","Typology generated from the frozen extraction flag and direct structural fields; no theoretical adjudication."
"AMB-00892","EXT-001287","D3_AI_ACT","32024R1689#recital_129","ACTION_OBJECT_AMBIGUITY",,"STRUCTURAL","YES","NO","YES","Typology generated from the frozen extraction flag and direct structural fields; no theoretical adjudication."
"AMB-00893","EXT-001288","D3_AI_ACT","32024R1689#recital_130","MULTI_ACTOR_PROVISION",,"STRUCTURAL","NO_OR_LIMITED","NO","YES","Typology generated from the frozen extraction flag and direct structural fields; no theoretical adjudication."
"AMB-00894","EXT-001289","D3_AI_ACT","32024R1689#recital_131","COUNTERPART_AMBIGUITY",,"STRUCTURAL","NO_OR_LIMITED","NO","YES","Typology generated from the frozen extraction flag and direct structural fields; no theoretical adjudication."
"AMB-00895","EXT-001290","D3_AI_ACT","32024R1689#recital_131","ACTION_OBJECT_AMBIGUITY",,"STRUCTURAL","YES","NO","YES","Typology generated from the frozen extraction flag and direct structural fields; no theoretical adjudication."
"AMB-00896","EXT-001291","D3_AI_ACT","32024R1689#recital_132","MULTI_ACTOR_PROVISION",,"STRUCTURAL","NO_OR_LIMITED","NO","YES","Typology generated from the frozen extraction flag and direct structural fields; no theoretical adjudication."
"AMB-00897","EXT-001292","D3_AI_ACT","32024R1689#recital_132","COUNTERPART_AMBIGUITY",,"STRUCTURAL","NO_OR_LIMITED","NO","YES","Typology generated from the frozen extraction flag and direct structural fields; no theoretical adjudication."
"AMB-00898","EXT-001293","D3_AI_ACT","32024R1689#recital_132","ACTION_OBJECT_AMBIGUITY",,"STRUCTURAL","YES","NO","YES","Typology generated from the frozen extraction flag and direct structural fields; no theoretical adjudication."
"AMB-00899","EXT-001294","D3_AI_ACT","32024R1689#recital_133","MULTI_ACTION_PROVISION",,"STRUCTURAL","YES","NO","YES","Typology generated from the frozen extraction flag and direct structural fields; no theoretical adjudication."
"AMB-00900","EXT-001296","D3_AI_ACT","32024R1689#recital_137","PRONOUN_REFERENCE_AMBIGUITY",,"STRUCTURAL","NO_OR_LIMITED","NO","YES","Typology generated from the frozen extraction flag and direct structural fields; no theoretical adjudication."
"AMB-00901","EXT-001297","D3_AI_ACT","32024R1689#recital_138","ACTION_SCOPE_AMBIGUITY",,"STRUCTURAL","YES","NO","YES","Typology generated from the frozen extraction flag and direct structural fields; no theoretical adjudication."
"AMB-00902","EXT-001298","D3_AI_ACT","32024R1689#recital_138","ACTION_OBJECT_AMBIGUITY",,"STRUCTURAL","YES","NO","YES","Typology generated from the frozen extraction flag and direct structural fields; no theoretical adjudication."
"AMB-00903","EXT-001299","D3_AI_ACT","32024R1689#recital_139","ACTION_OBJECT_AMBIGUITY",,"STRUCTURAL","YES","NO","YES","Typology generated from the frozen extraction flag and direct structural fields; no theoretical adjudication."
"AMB-00904","EXT-001300","D3_AI_ACT","32024R1689#recital_139","ACTION_OBJECT_AMBIGUITY",,"STRUCTURAL","YES","NO","YES","Typology generated from the frozen extraction flag and direct structural fields; no theoretical adjudication."
"AMB-00905","EXT-001301","D3_AI_ACT","32024R1689#recital_140","MULTI_ACTOR_PROVISION",,"STRUCTURAL","NO_OR_LIMITED","NO","YES","Typology generated from the frozen extraction flag and direct structural fields; no theoretical adjudication."
"AMB-00906","EXT-001302","D3_AI_ACT","32024R1689#recital_141","PRONOUN_REFERENCE_AMBIGUITY",,"STRUCTURAL","NO_OR_LIMITED","NO","YES","Typology generated from the frozen extraction flag and direct structural fields; no theoretical adjudication."
"AMB-00907","EXT-001303","D3_AI_ACT","32024R1689#recital_143","ACTION_OBJECT_AMBIGUITY",,"STRUCTURAL","YES","NO","YES","Typology generated from the frozen extraction flag and direct structural fields; no theoretical adjudication."
"AMB-00908","EXT-001304","D3_AI_ACT","32024R1689#recital_143","ACTION_OBJECT_AMBIGUITY",,"STRUCTURAL","YES","NO","YES","Typology generated from the frozen extraction flag and direct structural fields; no theoretical adjudication."
"AMB-00909","EXT-001305","D3_AI_ACT","32024R1689#recital_143","MULTI_ACTION_PROVISION",,"STRUCTURAL","YES","NO","YES","Typology generated from the frozen extraction flag and direct structural fields; no theoretical adjudication."
"AMB-00910","EXT-001306","D3_AI_ACT","32024R1689#recital_143","ACTION_OBJECT_AMBIGUITY",,"STRUCTURAL","YES","NO","YES","Typology generated from the frozen extraction flag and direct structural fields; no theoretical adjudication."
"AMB-00911","EXT-001307","D3_AI_ACT","32024R1689#recital_143","MULTI_ACTION_PROVISION",,"STRUCTURAL","YES","NO","YES","Typology generated from the frozen extraction flag and direct structural fields; no theoretical adjudication."
"AMB-00912","EXT-001308","D3_AI_ACT","32024R1689#recital_143","ACTION_OBJECT_AMBIGUITY",,"STRUCTURAL","YES","NO","YES","Typology generated from the frozen extraction flag and direct structural fields; no theoretical adjudication."
"AMB-00913","EXT-001309","D3_AI_ACT","32024R1689#recital_143","ACTION_OBJECT_AMBIGUITY",,"STRUCTURAL","YES","NO","YES","Typology generated from the frozen extraction flag and direct structural fields; no theoretical adjudication."
"AMB-00914","EXT-001310","D3_AI_ACT","32024R1689#recital_143","MULTI_ACTION_PROVISION",,"STRUCTURAL","YES","NO","YES","Typology generated from the frozen extraction flag and direct structural fields; no theoretical adjudication."
"AMB-00915","EXT-001311","D3_AI_ACT","32024R1689#recital_143","MULTI_ACTOR_PROVISION",,"STRUCTURAL","NO_OR_LIMITED","NO","YES","Typology generated from the frozen extraction flag and direct structural fields; no theoretical adjudication."
"AMB-00916","EXT-001314","D3_AI_ACT","32024R1689#recital_148","ACTION_OBJECT_AMBIGUITY",,"STRUCTURAL","YES","NO","YES","Typology generated from the frozen extraction flag and direct structural fields; no theoretical adjudication."
"AMB-00917","EXT-001315","D3_AI_ACT","32024R1689#recital_149","CROSS_REFERENCE_AMBIGUITY",,"STRUCTURAL","YES","NO","YES","Typology generated from the frozen extraction flag and direct structural fields; no theoretical adjudication."
"AMB-00918","EXT-001316","D3_AI_ACT","32024R1689#recital_149","CROSS_REFERENCE_AMBIGUITY",,"STRUCTURAL","YES","NO","YES","Typology generated from the frozen extraction flag and direct structural fields; no theoretical adjudication."
"AMB-00919","EXT-001317","D3_AI_ACT","32024R1689#recital_149","MULTI_ACTION_PROVISION",,"STRUCTURAL","YES","NO","YES","Typology generated from the frozen extraction flag and direct structural fields; no theoretical adjudication."
"AMB-00920","EXT-001318","D3_AI_ACT","32024R1689#recital_149","CROSS_REFERENCE_AMBIGUITY",,"STRUCTURAL","YES","NO","YES","Typology generated from the frozen extraction flag and direct structural fields; no theoretical adjudication."
"AMB-00921","EXT-001319","D3_AI_ACT","32024R1689#recital_149","CROSS_REFERENCE_AMBIGUITY",,"STRUCTURAL","YES","NO","YES","Typology generated from the frozen extraction flag and direct structural fields; no theoretical adjudication."
"AMB-00922","EXT-001320","D3_AI_ACT","32024R1689#recital_149","CROSS_REFERENCE_AMBIGUITY",,"STRUCTURAL","YES","NO","YES","Typology generated from the frozen extraction flag and direct structural fields; no theoretical adjudication."
"AMB-00923","EXT-001321","D3_AI_ACT","32024R1689#recital_149","PRONOUN_REFERENCE_AMBIGUITY",,"STRUCTURAL","NO_OR_LIMITED","NO","YES","Typology generated from the frozen extraction flag and direct structural fields; no theoretical adjudication."
"AMB-00924","EXT-001322","D3_AI_ACT","32024R1689#recital_149","CROSS_REFERENCE_AMBIGUITY",,"STRUCTURAL","YES","NO","YES","Typology generated from the frozen extraction flag and direct structural fields; no theoretical adjudication."
"AMB-00925","EXT-001323","D3_AI_ACT","32024R1689#recital_151","COUNTERPART_AMBIGUITY",,"STRUCTURAL","NO_OR_LIMITED","NO","YES","Typology generated from the frozen extraction flag and direct structural fields; no theoretical adjudication."
"AMB-00926","EXT-001324","D3_AI_ACT","32024R1689#recital_153","MULTI_ACTION_PROVISION",,"STRUCTURAL","YES","NO","YES","Typology generated from the frozen extraction flag and direct structural fields; no theoretical adjudication."
"AMB-00927","EXT-001325","D3_AI_ACT","32024R1689#recital_153","ACTION_OBJECT_AMBIGUITY",,"STRUCTURAL","YES","NO","YES","Typology generated from the frozen extraction flag and direct structural fields; no theoretical adjudication."
"AMB-00928","EXT-001326","D3_AI_ACT","32024R1689#recital_154","COUNTERPART_AMBIGUITY",,"STRUCTURAL","NO_OR_LIMITED","NO","YES","Typology generated from the frozen extraction flag and direct structural fields; no theoretical adjudication."
"AMB-00929","EXT-001327","D3_AI_ACT","32024R1689#recital_154","ACTION_OBJECT_AMBIGUITY",,"STRUCTURAL","YES","NO","YES","Typology generated from the frozen extraction flag and direct structural fields; no theoretical adjudication."
"AMB-00930","EXT-001328","D3_AI_ACT","32024R1689#recital_155","ACTION_OBJECT_AMBIGUITY",,"STRUCTURAL","YES","NO","YES","Typology generated from the frozen extraction flag and direct structural fields; no theoretical adjudication."
"AMB-00931","EXT-001329","D3_AI_ACT","32024R1689#recital_155","ACTION_OBJECT_AMBIGUITY",,"STRUCTURAL","YES","NO","YES","Typology generated from the frozen extraction flag and direct structural fields; no theoretical adjudication."
"AMB-00932","EXT-001330","D3_AI_ACT","32024R1689#recital_155","COUNTERPART_AMBIGUITY",,"STRUCTURAL","NO_OR_LIMITED","NO","YES","Typology generated from the frozen extraction flag and direct structural fields; no theoretical adjudication."
"AMB-00933","EXT-001331","D3_AI_ACT","32024R1689#recital_156","COUNTERPART_AMBIGUITY",,"STRUCTURAL","NO_OR_LIMITED","NO","YES","Typology generated from the frozen extraction flag and direct structural fields; no theoretical adjudication."
"AMB-00934","EXT-001332","D3_AI_ACT","32024R1689#recital_156","COUNTERPART_AMBIGUITY",,"STRUCTURAL","NO_OR_LIMITED","NO","YES","Typology generated from the frozen extraction flag and direct structural fields; no theoretical adjudication."
"AMB-00935","EXT-001333","D3_AI_ACT","32024R1689#recital_156","PRONOUN_REFERENCE_AMBIGUITY",,"STRUCTURAL","NO_OR_LIMITED","NO","YES","Typology generated from the frozen extraction flag and direct structural fields; no theoretical adjudication."
"AMB-00936","EXT-001334","D3_AI_ACT","32024R1689#recital_157","MULTI_ACTOR_PROVISION",,"STRUCTURAL","NO_OR_LIMITED","NO","YES","Typology generated from the frozen extraction flag and direct structural fields; no theoretical adjudication."
"AMB-00937","EXT-001335","D3_AI_ACT","32024R1689#recital_158","ACTION_OBJECT_AMBIGUITY",,"STRUCTURAL","YES","NO","YES","Typology generated from the frozen extraction flag and direct structural fields; no theoretical adjudication."
"AMB-00938","EXT-001336","D3_AI_ACT","32024R1689#recital_158","ACTION_OBJECT_AMBIGUITY",,"STRUCTURAL","YES","NO","YES","Typology generated from the frozen extraction flag and direct structural fields; no theoretical adjudication."
"AMB-00939","EXT-001337","D3_AI_ACT","32024R1689#recital_158","MULTI_ACTION_PROVISION",,"STRUCTURAL","YES","NO","YES","Typology generated from the frozen extraction flag and direct structural fields; no theoretical adjudication."
"AMB-00940","EXT-001338","D3_AI_ACT","32024R1689#recital_159","PRONOUN_REFERENCE_AMBIGUITY",,"STRUCTURAL","NO_OR_LIMITED","NO","YES","Typology generated from the frozen extraction flag and direct structural fields; no theoretical adjudication."
"AMB-00941","EXT-001339","D3_AI_ACT","32024R1689#recital_159","ACTION_OBJECT_AMBIGUITY",,"STRUCTURAL","YES","NO","YES","Typology generated from the frozen extraction flag and direct structural fields; no theoretical adjudication."
"AMB-00942","EXT-001340","D3_AI_ACT","32024R1689#recital_160","MULTI_ACTOR_PROVISION",,"STRUCTURAL","NO_OR_LIMITED","NO","YES","Typology generated from the frozen extraction flag and direct structural fields; no theoretical adjudication."
"AMB-00943","EXT-001341","D3_AI_ACT","32024R1689#recital_161","CROSS_REFERENCE_AMBIGUITY",,"STRUCTURAL","YES","NO","YES","Typology generated from the frozen extraction flag and direct structural fields; no theoretical adjudication."
"AMB-00944","EXT-001342","D3_AI_ACT","32024R1689#recital_161","CROSS_REFERENCE_AMBIGUITY",,"STRUCTURAL","YES","NO","YES","Typology generated from the frozen extraction flag and direct structural fields; no theoretical adjudication."
"AMB-00945","EXT-001343","D3_AI_ACT","32024R1689#recital_162","ACTION_OBJECT_AMBIGUITY",,"STRUCTURAL","YES","NO","YES","Typology generated from the frozen extraction flag and direct structural fields; no theoretical adjudication."
"AMB-00946","EXT-001344","D3_AI_ACT","32024R1689#recital_164","CROSS_REFERENCE_AMBIGUITY",,"STRUCTURAL","YES","NO","YES","Typology generated from the frozen extraction flag and direct structural fields; no theoretical adjudication."
"AMB-00947","EXT-001345","D3_AI_ACT","32024R1689#recital_165","ACTION_OBJECT_AMBIGUITY",,"STRUCTURAL","YES","NO","YES","Typology generated from the frozen extraction flag and direct structural fields; no theoretical adjudication."
"AMB-00948","EXT-001346","D3_AI_ACT","32024R1689#recital_165","ACTION_OBJECT_AMBIGUITY",,"STRUCTURAL","YES","NO","YES","Typology generated from the frozen extraction flag and direct structural fields; no theoretical adjudication."
"AMB-00949","EXT-001347","D3_AI_ACT","32024R1689#recital_168","ACTION_OBJECT_AMBIGUITY",,"STRUCTURAL","YES","NO","YES","Typology generated from the frozen extraction flag and direct structural fields; no theoretical adjudication."
"AMB-00950","EXT-001348","D3_AI_ACT","32024R1689#recital_169","PRONOUN_REFERENCE_AMBIGUITY",,"STRUCTURAL","NO_OR_LIMITED","NO","YES","Typology generated from the frozen extraction flag and direct structural fields; no theoretical adjudication."
"AMB-00951","EXT-001349","D3_AI_ACT","32024R1689#recital_17","ACTION_OBJECT_AMBIGUITY",,"STRUCTURAL","YES","NO","YES","Typology generated from the frozen extraction flag and direct structural fields; no theoretical adjudication."
"AMB-00952","EXT-001350","D3_AI_ACT","32024R1689#recital_171","ACTION_OBJECT_AMBIGUITY",,"STRUCTURAL","YES","NO","YES","Typology generated from the frozen extraction flag and direct structural fields; no theoretical adjudication."
"AMB-00953","EXT-001351","D3_AI_ACT","32024R1689#recital_172","PRONOUN_REFERENCE_AMBIGUITY",,"STRUCTURAL","NO_OR_LIMITED","NO","YES","Typology generated from the frozen extraction flag and direct structural fields; no theoretical adjudication."
"AMB-00954","EXT-001352","D3_AI_ACT","32024R1689#recital_174","ACTION_OBJECT_AMBIGUITY",,"STRUCTURAL","YES","NO","YES","Typology generated from the frozen extraction flag and direct structural fields; no theoretical adjudication."
"AMB-00955","EXT-001353","D3_AI_ACT","32024R1689#recital_174","MULTI_ACTION_PROVISION",,"STRUCTURAL","YES","NO","YES","Typology generated from the frozen extraction flag and direct structural fields; no theoretical adjudication."
"AMB-00956","EXT-001354","D3_AI_ACT","32024R1689#recital_176","MULTI_ACTOR_PROVISION",,"STRUCTURAL","NO_OR_LIMITED","NO","YES","Typology generated from the frozen extraction flag and direct structural fields; no theoretical adjudication."
"AMB-00957","EXT-001355","D3_AI_ACT","32024R1689#recital_179","MULTI_ACTION_PROVISION",,"STRUCTURAL","YES","NO","YES","Typology generated from the frozen extraction flag and direct structural fields; no theoretical adjudication."
"AMB-00958","EXT-001356","D3_AI_ACT","32024R1689#recital_179","ACTION_OBJECT_AMBIGUITY",,"STRUCTURAL","YES","NO","YES","Typology generated from the frozen extraction flag and direct structural fields; no theoretical adjudication."
"AMB-00959","EXT-001357","D3_AI_ACT","32024R1689#recital_179","MULTI_ACTOR_PROVISION",,"STRUCTURAL","NO_OR_LIMITED","NO","YES","Typology generated from the frozen extraction flag and direct structural fields; no theoretical adjudication."
"AMB-00960","EXT-001358","D3_AI_ACT","32024R1689#recital_20","MULTI_ACTOR_PROVISION",,"STRUCTURAL","NO_OR_LIMITED","NO","YES","Typology generated from the frozen extraction flag and direct structural fields; no theoretical adjudication."
"AMB-00961","EXT-001359","D3_AI_ACT","32024R1689#recital_22","PRONOUN_REFERENCE_AMBIGUITY",,"STRUCTURAL","NO_OR_LIMITED","NO","YES","Typology generated from the frozen extraction flag and direct structural fields; no theoretical adjudication."
"AMB-00962","EXT-001360","D3_AI_ACT","32024R1689#recital_24","PRONOUN_REFERENCE_AMBIGUITY",,"STRUCTURAL","NO_OR_LIMITED","NO","YES","Typology generated from the frozen extraction flag and direct structural fields; no theoretical adjudication."
"AMB-00963","EXT-001361","D3_AI_ACT","32024R1689#recital_29","ACTION_OBJECT_AMBIGUITY",,"STRUCTURAL","YES","NO","YES","Typology generated from the frozen extraction flag and direct structural fields; no theoretical adjudication."
"AMB-00964","EXT-001362","D3_AI_ACT","32024R1689#recital_31","MULTI_ACTOR_PROVISION",,"STRUCTURAL","NO_OR_LIMITED","NO","YES","Typology generated from the frozen extraction flag and direct structural fields; no theoretical adjudication."
"AMB-00965","EXT-001363","D3_AI_ACT","32024R1689#recital_32","MULTI_ACTION_PROVISION",,"STRUCTURAL","YES","NO","YES","Typology generated from the frozen extraction flag and direct structural fields; no theoretical adjudication."
"AMB-00966","EXT-001364","D3_AI_ACT","32024R1689#recital_33","MULTI_ACTOR_PROVISION",,"STRUCTURAL","NO_OR_LIMITED","NO","YES","Typology generated from the frozen extraction flag and direct structural fields; no theoretical adjudication."
"AMB-00967","EXT-001365","D3_AI_ACT","32024R1689#recital_34","COUNTERPART_AMBIGUITY",,"STRUCTURAL","NO_OR_LIMITED","NO","YES","Typology generated from the frozen extraction flag and direct structural fields; no theoretical adjudication."
"AMB-00968","EXT-001366","D3_AI_ACT","32024R1689#recital_35","ACTION_OBJECT_AMBIGUITY",,"STRUCTURAL","YES","NO","YES","Typology generated from the frozen extraction flag and direct structural fields; no theoretical adjudication."
"AMB-00969","EXT-001367","D3_AI_ACT","32024R1689#recital_35","COUNTERPART_AMBIGUITY",,"STRUCTURAL","NO_OR_LIMITED","NO","YES","Typology generated from the frozen extraction flag and direct structural fields; no theoretical adjudication."
"AMB-00970","EXT-001368","D3_AI_ACT","32024R1689#recital_36","MULTI_ACTOR_PROVISION",,"STRUCTURAL","NO_OR_LIMITED","NO","YES","Typology generated from the frozen extraction flag and direct structural fields; no theoretical adjudication."
"AMB-00971","EXT-001369","D3_AI_ACT","32024R1689#recital_36","MULTI_ACTOR_PROVISION",,"STRUCTURAL","NO_OR_LIMITED","NO","YES","Typology generated from the frozen extraction flag and direct structural fields; no theoretical adjudication."
"AMB-00972","EXT-001370","D3_AI_ACT","32024R1689#recital_37","PRONOUN_REFERENCE_AMBIGUITY",,"STRUCTURAL","NO_OR_LIMITED","NO","YES","Typology generated from the frozen extraction flag and direct structural fields; no theoretical adjudication."
"AMB-00973","EXT-001371","D3_AI_ACT","32024R1689#recital_42","ACTION_OBJECT_AMBIGUITY",,"STRUCTURAL","YES","NO","YES","Typology generated from the frozen extraction flag and direct structural fields; no theoretical adjudication."
"AMB-00974","EXT-001372","D3_AI_ACT","32024R1689#recital_42","ACTION_OBJECT_AMBIGUITY",,"STRUCTURAL","YES","NO","YES","Typology generated from the frozen extraction flag and direct structural fields; no theoretical adjudication."
"AMB-00975","EXT-001373","D3_AI_ACT","32024R1689#recital_44","MULTI_ACTION_PROVISION",,"STRUCTURAL","YES","NO","YES","Typology generated from the frozen extraction flag and direct structural fields; no theoretical adjudication."
"AMB-00976","EXT-001374","D3_AI_ACT","32024R1689#recital_46","PRONOUN_REFERENCE_AMBIGUITY",,"STRUCTURAL","NO_OR_LIMITED","NO","YES","Typology generated from the frozen extraction flag and direct structural fields; no theoretical adjudication."
"AMB-00977","EXT-001376","D3_AI_ACT","32024R1689#recital_53","PRONOUN_REFERENCE_AMBIGUITY",,"STRUCTURAL","NO_OR_LIMITED","NO","YES","Typology generated from the frozen extraction flag and direct structural fields; no theoretical adjudication."
"AMB-00978","EXT-001377","D3_AI_ACT","32024R1689#recital_54","MULTI_ACTION_PROVISION",,"STRUCTURAL","YES","NO","YES","Typology generated from the frozen extraction flag and direct structural fields; no theoretical adjudication."
"AMB-00979","EXT-001378","D3_AI_ACT","32024R1689#recital_57","PRONOUN_REFERENCE_AMBIGUITY",,"STRUCTURAL","NO_OR_LIMITED","NO","YES","Typology generated from the frozen extraction flag and direct structural fields; no theoretical adjudication."
"AMB-00980","EXT-001379","D3_AI_ACT","32024R1689#recital_58","MULTI_ACTOR_PROVISION",,"STRUCTURAL","NO_OR_LIMITED","NO","YES","Typology generated from the frozen extraction flag and direct structural fields; no theoretical adjudication."
"AMB-00981","EXT-001380","D3_AI_ACT","32024R1689#recital_58","MULTI_ACTOR_PROVISION",,"STRUCTURAL","NO_OR_LIMITED","NO","YES","Typology generated from the frozen extraction flag and direct structural fields; no theoretical adjudication."
"AMB-00982","EXT-001381","D3_AI_ACT","32024R1689#recital_59","MULTI_ACTOR_PROVISION",,"STRUCTURAL","NO_OR_LIMITED","NO","YES","Typology generated from the frozen extraction flag and direct structural fields; no theoretical adjudication."
"AMB-00983","EXT-001382","D3_AI_ACT","32024R1689#recital_61","ACTION_OBJECT_AMBIGUITY",,"STRUCTURAL","YES","NO","YES","Typology generated from the frozen extraction flag and direct structural fields; no theoretical adjudication."
"AMB-00984","EXT-001383","D3_AI_ACT","32024R1689#recital_64","PRONOUN_REFERENCE_AMBIGUITY",,"STRUCTURAL","NO_OR_LIMITED","NO","YES","Typology generated from the frozen extraction flag and direct structural fields; no theoretical adjudication."
"AMB-00985","EXT-001384","D3_AI_ACT","32024R1689#recital_65","ACTION_OBJECT_AMBIGUITY",,"STRUCTURAL","YES","NO","YES","Typology generated from the frozen extraction flag and direct structural fields; no theoretical adjudication."
"AMB-00986","EXT-001385","D3_AI_ACT","32024R1689#recital_65","MULTI_ACTION_PROVISION",,"STRUCTURAL","YES","NO","YES","Typology generated from the frozen extraction flag and direct structural fields; no theoretical adjudication."
"AMB-00987","EXT-001386","D3_AI_ACT","32024R1689#recital_69","MULTI_ACTION_PROVISION",,"STRUCTURAL","YES","NO","YES","Typology generated from the frozen extraction flag and direct structural fields; no theoretical adjudication."
"AMB-00988","EXT-001387","D3_AI_ACT","32024R1689#recital_72","MULTI_ACTION_PROVISION",,"STRUCTURAL","YES","NO","YES","Typology generated from the frozen extraction flag and direct structural fields; no theoretical adjudication."
"AMB-00989","EXT-001388","D3_AI_ACT","32024R1689#recital_72","ACTION_OBJECT_AMBIGUITY",,"STRUCTURAL","YES","NO","YES","Typology generated from the frozen extraction flag and direct structural fields; no theoretical adjudication."
"AMB-00990","EXT-001389","D3_AI_ACT","32024R1689#recital_73","ACTION_OBJECT_AMBIGUITY",,"STRUCTURAL","YES","NO","YES","Typology generated from the frozen extraction flag and direct structural fields; no theoretical adjudication."
"AMB-00991","EXT-001390","D3_AI_ACT","32024R1689#recital_74","ACTION_OBJECT_AMBIGUITY",,"STRUCTURAL","YES","NO","YES","Typology generated from the frozen extraction flag and direct structural fields; no theoretical adjudication."
"AMB-00992","EXT-001391","D3_AI_ACT","32024R1689#recital_74","MULTI_ACTION_PROVISION",,"STRUCTURAL","YES","NO","YES","Typology generated from the frozen extraction flag and direct structural fields; no theoretical adjudication."
"AMB-00993","EXT-001392","D3_AI_ACT","32024R1689#recital_78","COUNTERPART_AMBIGUITY",,"STRUCTURAL","NO_OR_LIMITED","NO","YES","Typology generated from the frozen extraction flag and direct structural fields; no theoretical adjudication."
"AMB-00994","EXT-001393","D3_AI_ACT","32024R1689#recital_80","ACTION_OBJECT_AMBIGUITY",,"STRUCTURAL","YES","NO","YES","Typology generated from the frozen extraction flag and direct structural fields; no theoretical adjudication."
"AMB-00995","EXT-001394","D3_AI_ACT","32024R1689#recital_81","ACTION_OBJECT_AMBIGUITY",,"STRUCTURAL","YES","NO","YES","Typology generated from the frozen extraction flag and direct structural fields; no theoretical adjudication."
"AMB-00996","EXT-001396","D3_AI_ACT","32024R1689#recital_84","MULTI_ACTOR_PROVISION",,"STRUCTURAL","NO_OR_LIMITED","NO","YES","Typology generated from the frozen extraction flag and direct structural fields; no theoretical adjudication."
"AMB-00997","EXT-001397","D3_AI_ACT","32024R1689#recital_86","MULTI_ACTION_PROVISION",,"STRUCTURAL","YES","NO","YES","Typology generated from the frozen extraction flag and direct structural fields; no theoretical adjudication."
"AMB-00998","EXT-001399","D3_AI_ACT","32024R1689#recital_9","MULTI_ACTOR_PROVISION",,"STRUCTURAL","NO_OR_LIMITED","NO","YES","Typology generated from the frozen extraction flag and direct structural fields; no theoretical adjudication."
"AMB-00999","EXT-001401","D3_AI_ACT","32024R1689#recital_93","CROSS_REFERENCE_AMBIGUITY",,"STRUCTURAL","YES","NO","YES","Typology generated from the frozen extraction flag and direct structural fields; no theoretical adjudication."
"AMB-01000","EXT-001402","D3_AI_ACT","32024R1689#recital_96","COUNTERPART_AMBIGUITY",,"STRUCTURAL","NO_OR_LIMITED","NO","YES","Typology generated from the frozen extraction flag and direct structural fields; no theoretical adjudication."
"AMB-01001","EXT-001403","D3_AI_ACT","32024R1689#recital_96","ACTION_OBJECT_AMBIGUITY",,"STRUCTURAL","YES","NO","YES","Typology generated from the frozen extraction flag and direct structural fields; no theoretical adjudication."
"AMB-01002","EXT-001404","D3_AI_ACT","32024R1689#recital_97","ACTION_OBJECT_AMBIGUITY",,"STRUCTURAL","YES","NO","YES","Typology generated from the frozen extraction flag and direct structural fields; no theoretical adjudication."
