"file_id","root","relative_path","extension","size_bytes","last_write","sha256","source_tier","role","duplicate_group","notes"
"F0001","GITHUB_REPO",".gitignore",".gitignore","77","2026-09-12 14:35","DD85DCB9D23532411B53CA1F17DD6520C555BF7C9FAB9F4BE06E889FD0E0C24E","T8_OTHER","other","",""
"F0002","GITHUB_REPO","Arquitetura de trabalho\Desenho e prompts\Desenho","","1150","2026-09-12 14:34","1F4CE7F9A2D6AB0CAE3A1FC52946A1B76A24B421BEC0B52F786017BED7C04EDD","T4_METHODOLOGY_DOC","methodology_or_design","",""
"F0003","GITHUB_REPO","Arquitetura de trabalho\Prompts\G0","","4003","2026-09-12 14:34","72E638C14D3E82D1373CD60AE09CFB4B257C00124AB050EC46A8D804351263A2","T4_PROMPT","prompt","",""
"F0004","GITHUB_REPO","Arquitetura de trabalho\Prompts\G1","","8779","2026-09-12 14:34","6B3472ACDB5F5710C8DA6A6347A09912E3AF38A41EE1AC9809EFD312A5863ECE","T4_PROMPT","prompt","",""
"F0005","GITHUB_REPO","Arquitetura de trabalho\Prompts\G2","","11731","2026-09-12 14:34","88E4257B38EDBC1D2DDB846F1DA43A4F392BCC695EC772A8BB56BB2DE7CE1CE0","T4_PROMPT","prompt","",""
"F0006","GITHUB_REPO","Arquitetura de trabalho\Prompts\Geral","","36801","2026-09-12 14:34","04368998B774CDE04386003A1D4542EE0C7F2718869709BCC6F1E174BB8385D4","T4_PROMPT","prompt","",""
"F0007","GITHUB_REPO","Before_R2\dataset-eurlex\AGENTS.md",".md","3963","2026-09-12 14:34","CA9F5288D8C3684B015DDA3B9D16EAEFAAFCA19387820F0506E98BCC4C1F8E2A","T8_OTHER","other","",""
"F0008","GITHUB_REPO","Before_R2\dataset-eurlex\dataset-eurlex_codex_prompts.zip",".zip","17655","2026-09-12 14:34","732CB120CDE569F4454C1D8B251BC847C87112F46A2DD60C825A139C741B0893","T4_PROMPT","prompt","",""
"F0009","GITHUB_REPO","Before_R2\dataset-eurlex\README_PRODUCTION.md",".md","1977","2026-09-12 14:34","E0A48B6D8C3F070C4D22C6EAC30763A18523B86CDB11E84C6FD7E3DA20175D37","T8_OTHER","other","",""
"F0010","GITHUB_REPO","Before_R2\dataset-eurlex\README.md",".md","3300","2026-09-12 14:34","7EFC5B580F10E4519540225CD28021C93D6201687E11415F0497AF64B50EFDA0","T8_OTHER","other","",""
"F0011","GITHUB_REPO","Before_R2\dataset-eurlex\01_source\act_official.xhtml",".xhtml","151943","2026-09-12 14:34","8BBE15AF032AF1A3950CF1E42BEAD62E0C816AFBF56DCED883ECECB604DA6075","T1_AUTHORITATIVE_LEGAL_SOURCE","legal_source_xhtml","DUP048","Hash matches CASE_REGISTRY/provenance.yaml (verified)"
"F0012","GITHUB_REPO","Before_R2\dataset-eurlex\01_source\provenance.yaml",".yaml","1400","2026-09-12 14:34","FB5A071C34F40176CB64BF32333DF541364F68B819E7F1096B79AABD13F030A7","T2_PROVENANCE_MANIFEST","provenance_or_registry","DUP090",""
"F0013","GITHUB_REPO","Before_R2\dataset-eurlex\01_source\README.md",".md","243","2026-09-12 14:34","6103308CB5663BBD4940D582C4685C0E683C3418761C91F4419CAB836BC3E4EA","T8_OTHER","other","",""
"F0014","GITHUB_REPO","Before_R2\dataset-eurlex\01_source\selection_note.md",".md","1091","2026-09-12 14:34","04C7F78150509432E8B60F23894E90E0AE310CB167B89B29D3F16714C2BD98D7","T8_OTHER","other","",""
"F0015","GITHUB_REPO","Before_R2\dataset-eurlex\02_corpus\act_numbered.md",".md","68312","2026-09-12 14:34","0EB336AEA6C8FF19AF3B6536F3E9029A2E9AF68CA763E962429A8A3DACBB49ED","T3_DERIVED_CORPUS","normalized_corpus","DUP005",""
"F0016","GITHUB_REPO","Before_R2\dataset-eurlex\02_corpus\act.md",".md","64928","2026-09-12 14:34","B24A02EA241CA631B606660BB48BB5A2222B29F849C4E4552FB99F871B2E8FD4","T3_DERIVED_CORPUS","normalized_corpus","DUP061","Hash matches CASE_REGISTRY corpus_hash (verified)"
"F0017","GITHUB_REPO","Before_R2\dataset-eurlex\02_corpus\corpus_manifest.yaml",".yaml","1243","2026-09-12 14:34","AA46DA23648D084611FB904E34592A83FDA56F37D2FD109C0234FF14A75CBC7D","T2_PROVENANCE_MANIFEST","provenance_or_registry","DUP057",""
"F0018","GITHUB_REPO","Before_R2\dataset-eurlex\02_corpus\README.md",".md","742","2026-09-12 14:34","A1E1F9D2596A7C5EBDFFACEBF3935B9A31C941664601AE6CDC0D9D9B8D58F403","T8_OTHER","other","",""
"F0019","GITHUB_REPO","Before_R2\dataset-eurlex\03_human\README.md",".md","869","2026-09-12 14:34","531CCA0C033CFB6ED5FCE7C65EE7C57D61C84C560D0E1D874C29CC154E200330","T8_OTHER","other","",""
"F0020","GITHUB_REPO","Before_R2\dataset-eurlex\03_human\stage4_attempt_01\ARCHIVE_README.md",".md","789","2026-09-12 14:34","DD40AA954B52B05DA3D7CBCF155D057B32424B39613F35C33A809B2E8CC799CC","T5_PRIOR_CODING_OUTPUT","prior_coding_or_review","","SUPERSEDED_ATTEMPT"
"F0021","GITHUB_REPO","Before_R2\dataset-eurlex\03_human\stage4_attempt_01\build_phase_04.py",".py","29339","2026-09-12 14:34","16237A1E1C5D09EE40E1213F6C3BC439B4DD3D096DE320E589CE967F54ED5E01","T5_PRIOR_CODING_OUTPUT","prior_coding_or_review","","SUPERSEDED_ATTEMPT"
"F0022","GITHUB_REPO","Before_R2\dataset-eurlex\03_human\stage4_attempt_01\candidate_universe.csv",".csv","64909","2026-09-12 14:34","D69ADECE00E4A2EE805BF55AA4390B576E1A2091519D677B4C1E4DBD0D3255BD","T5_PRIOR_CODING_OUTPUT","prior_coding_or_review","","SUPERSEDED_ATTEMPT"
"F0023","GITHUB_REPO","Before_R2\dataset-eurlex\03_human\stage4_attempt_01\HUMAN_REVIEW_REQUIRED.md",".md","1037","2026-09-12 14:34","B0747B76E35D8E5551302421029E15BEFF4077FFF2F1F44C27480A17B8FDD7DD","T5_PRIOR_CODING_OUTPUT","prior_coding_or_review","","SUPERSEDED_ATTEMPT"
"F0024","GITHUB_REPO","Before_R2\dataset-eurlex\03_human\stage4_attempt_01\human_review.csv",".csv","38438","2026-09-12 14:34","F12886CABF78E39CC1F9F2C6118CBDB5E1913FBAB7F7BD5455B4F35A895AB90A","T5_PRIOR_CODING_OUTPUT","prior_coding_or_review","","SUPERSEDED_ATTEMPT"
"F0025","GITHUB_REPO","Before_R2\dataset-eurlex\03_human\stage4_attempt_01\lexical_screening.csv",".csv","42884","2026-09-12 14:34","622A1470522AFC7C9D3876989577F93B60FAAF3D1E63669E0D48120D1E44BE7C","T5_PRIOR_CODING_OUTPUT","prior_coding_or_review","","SUPERSEDED_ATTEMPT"
"F0026","GITHUB_REPO","Before_R2\dataset-eurlex\03_human\stage4_attempt_01\phase_04_benchmark.md",".md","4355","2026-09-12 14:34","6A842B97273EED295E2B03A75BFAB68FD9F43427B8759E45E2BB9668CDE46DB9","T5_PRIOR_CODING_OUTPUT","prior_coding_or_review","","SUPERSEDED_ATTEMPT"
"F0027","GITHUB_REPO","Before_R2\dataset-eurlex\03_human\stage4_attempt_01\README.md",".md","959","2026-09-12 14:34","7E6DAB7A94584B7083017029E36BC726042723A94C7ACF7E86C8F8FAF900E07F","T5_PRIOR_CODING_OUTPUT","prior_coding_or_review","","SUPERSEDED_ATTEMPT"
"F0028","GITHUB_REPO","Before_R2\dataset-eurlex\03_human\stage4_attempt_01\reference_auto_adjudication.json",".json","341764","2026-09-12 14:34","E1CC80F22965898F026DBC35242B8C328BF6A4B2F3A98D7DA0D9029DF1B800E2","T5_PRIOR_CODING_OUTPUT","prior_coding_or_review","","SUPERSEDED_ATTEMPT"
"F0029","GITHUB_REPO","Before_R2\dataset-eurlex\03_human\stage4_attempt_01\reference_comparison.csv",".csv","26978","2026-09-12 14:34","BC6BF62DB12E05DB287563C4402BCD259C72C4C05A86881A38F4813DA9F09CB9","T5_PRIOR_CODING_OUTPUT","prior_coding_or_review","","SUPERSEDED_ATTEMPT"
"F0030","GITHUB_REPO","Before_R2\dataset-eurlex\03_human\stage4_attempt_01\reference_experimental_crosswalk.md",".md","4243","2026-09-12 14:34","6FD977A7DAC07C694CB596C4BD1E33D828D38C5E833087D01082CD10EAF4C8AD","T5_PRIOR_CODING_OUTPUT","prior_coding_or_review","","SUPERSEDED_ATTEMPT"
"F0031","GITHUB_REPO","Before_R2\dataset-eurlex\03_human\stage4_attempt_01\reference_R1.json",".json","334856","2026-09-12 14:34","64F1390630D8A8DAD63054C977E05737088F92D56127FE7F2662EC564B00BC29","T5_PRIOR_CODING_OUTPUT","prior_coding_or_review","","SUPERSEDED_ATTEMPT"
"F0032","GITHUB_REPO","Before_R2\dataset-eurlex\03_human\stage4_attempt_01\reference_R2.json",".json","342486","2026-09-12 14:34","25E4621A288708259A6E062FE08738AEA6A8E0F37AF5C0D651CD79CA781BDD94","T5_PRIOR_CODING_OUTPUT","prior_coding_or_review","","SUPERSEDED_ATTEMPT"
"F0033","GITHUB_REPO","Before_R2\dataset-eurlex\03_human\stage4_attempt_01\structural_reading.csv",".csv","65703","2026-09-12 14:34","A926AD5ADFC82BDED1305C6C8E5C95FDCF5EAFD237224724A81A9B988D0195E6","T5_PRIOR_CODING_OUTPUT","prior_coding_or_review","","SUPERSEDED_ATTEMPT"
"F0034","GITHUB_REPO","Before_R2\dataset-eurlex\03_human\stage4_attempt_02\build_candidate_transition_audit.py",".py","14669","2026-09-12 14:34","DED708800142B41BD15D2FC0FAE8BDF6DBF1CE2E515B11E8BB744B73FB088CC8","T5_PRIOR_CODING_OUTPUT","prior_coding_or_review","",""
"F0035","GITHUB_REPO","Before_R2\dataset-eurlex\03_human\stage4_attempt_02\build_stage4_attempt_02.py",".py","11579","2026-09-12 14:34","C608D09030AEAC95386FE135EAF8E57822E08C017C3EB729138174AF26CD691A","T5_PRIOR_CODING_OUTPUT","prior_coding_or_review","",""
"F0036","GITHUB_REPO","Before_R2\dataset-eurlex\03_human\stage4_attempt_02\candidate_reconstruction.csv",".csv","111405","2026-09-12 14:34","0C2D10E32E9AB81BA6E628CC64866C5C7A2D3008165805A6FD9A4BBF60D5B7D6","T5_PRIOR_CODING_OUTPUT","prior_coding_or_review","",""
"F0037","GITHUB_REPO","Before_R2\dataset-eurlex\03_human\stage4_attempt_02\candidate_reconstruction.json",".json","175858","2026-09-12 14:34","38416B70F9337AD66DBD6C6D41D280D18AD9E5694E0CACB0C938C5833B1AFF55","T5_PRIOR_CODING_OUTPUT","prior_coding_or_review","",""
"F0038","GITHUB_REPO","Before_R2\dataset-eurlex\03_human\stage4_attempt_02\candidate_transition_audit.csv",".csv","149285","2026-09-12 14:34","17B34B2EFC30A96BDD34C67ACC906D2A3CBEC04785CE42997B9E8A8DF64DE174","T5_PRIOR_CODING_OUTPUT","prior_coding_or_review","",""
"F0039","GITHUB_REPO","Before_R2\dataset-eurlex\03_human\stage4_attempt_02\execution_plan.md",".md","1091","2026-09-12 14:34","08BD3CA5229EEA6FA0E1373EBC3C65CA91A5D1F629AB3EA71AE0455BAB1E0944","T5_PRIOR_CODING_OUTPUT","prior_coding_or_review","",""
"F0040","GITHUB_REPO","Before_R2\dataset-eurlex\03_human\stage4_attempt_02\human_review_selection_rules.md",".md","743","2026-09-12 14:34","A6B6002D489585B5AA57FFD3257A8FEEB6D8AA11F6F706BAA340BC5D0B24D144","T5_PRIOR_CODING_OUTPUT","prior_coding_or_review","",""
"F0041","GITHUB_REPO","Before_R2\dataset-eurlex\03_human\stage4_attempt_02\human_review_template.csv",".csv","195","2026-09-12 14:34","8D031DEB6F2D7B48BF9FDC8734D878EEE381D3EE023FCC9FAD39956ED112F0BA","T5_PRIOR_CODING_OUTPUT","prior_coding_or_review","",""
"F0042","GITHUB_REPO","Before_R2\dataset-eurlex\03_human\stage4_attempt_02\R1_coding_input.json",".json","130703","2026-09-12 14:34","813B984C5E80AA03C98BC4399F40644C7D802EEDD45F55A2D7A9A787A82D0B38","T5_PRIOR_CODING_OUTPUT","prior_coding_or_review","DUP043",""
"F0043","GITHUB_REPO","Before_R2\dataset-eurlex\03_human\stage4_attempt_02\R1_context_manifest.yaml",".yaml","1035","2026-09-12 14:34","02CE8BF9920277EE683D8B041E4A599345D7EC33686E587A492DF3DA290A4F24","T5_PRIOR_CODING_OUTPUT","prior_coding_or_review","",""
"F0044","GITHUB_REPO","Before_R2\dataset-eurlex\03_human\stage4_attempt_02\R1_output_raw.json",".json","290450","2026-09-12 14:34","AF443A0F98307A9D989816C5F0E15D4AA009553174EB470753F4134CB6640F29","T5_PRIOR_CODING_OUTPUT","prior_coding_or_review","DUP060",""
"F0045","GITHUB_REPO","Before_R2\dataset-eurlex\03_human\stage4_attempt_02\R1_output.json",".json","290450","2026-09-12 14:34","AF443A0F98307A9D989816C5F0E15D4AA009553174EB470753F4134CB6640F29","T5_PRIOR_CODING_OUTPUT","prior_coding_or_review","DUP060",""
"F0046","GITHUB_REPO","Before_R2\dataset-eurlex\03_human\stage4_attempt_02\R1_validation_log.md",".md","1009","2026-09-12 14:34","EAF9D8B0964C2A8D647639EE5ECC69A57178EDD1EC7676D7D1307C4B5925DAE1","T5_PRIOR_CODING_OUTPUT","prior_coding_or_review","",""
"F0047","GITHUB_REPO","Before_R2\dataset-eurlex\03_human\stage4_attempt_02\R2_coding_input.json",".json","130703","2026-09-12 14:34","813B984C5E80AA03C98BC4399F40644C7D802EEDD45F55A2D7A9A787A82D0B38","T5_PRIOR_CODING_OUTPUT","prior_coding_or_review","DUP043",""
"F0048","GITHUB_REPO","Before_R2\dataset-eurlex\03_human\stage4_attempt_02\R2_context_manifest.yaml",".yaml","1035","2026-09-12 14:34","2688478F8FBF8BF1A2740C5CC1500B788DB73EEAD96FD37B699943266A55CC87","T5_PRIOR_CODING_OUTPUT","prior_coding_or_review","",""
"F0049","GITHUB_REPO","Before_R2\dataset-eurlex\03_human\stage4_attempt_02\R2_output_raw.json",".json","288493","2026-09-12 14:34","18855B2053447D061BE3C1FCFAE9EBDBD579620D922A6394223F57B0F21AD2F6","T5_PRIOR_CODING_OUTPUT","prior_coding_or_review","DUP010",""
"F0050","GITHUB_REPO","Before_R2\dataset-eurlex\03_human\stage4_attempt_02\R2_output.json",".json","288493","2026-09-12 14:34","18855B2053447D061BE3C1FCFAE9EBDBD579620D922A6394223F57B0F21AD2F6","T5_PRIOR_CODING_OUTPUT","prior_coding_or_review","DUP010",""
"F0051","GITHUB_REPO","Before_R2\dataset-eurlex\03_human\stage4_attempt_02\R2_validation_log.md",".md","961","2026-09-12 14:34","B0031B88CDE9B687C3851D7E7E478E1DBC9F49D95B97EF6AE477FA2D8A2B4251","T5_PRIOR_CODING_OUTPUT","prior_coding_or_review","",""
"F0052","GITHUB_REPO","Before_R2\dataset-eurlex\03_human\stage4_attempt_02\RA_context_manifest.yaml",".yaml","664","2026-09-12 14:34","29940F2581002F2076E6D60083EFEB34842187CA9058EC150E2320F84F5CBE0E","T5_PRIOR_CODING_OUTPUT","prior_coding_or_review","",""
"F0053","GITHUB_REPO","Before_R2\dataset-eurlex\03_human\stage4_attempt_02\README.md",".md","2413","2026-09-12 14:34","1A5D1686F9F09486F51015070833580CD7FE35A0749526882CD63F5C05A98B9B","T5_PRIOR_CODING_OUTPUT","prior_coding_or_review","",""
"F0054","GITHUB_REPO","Before_R2\dataset-eurlex\03_human\stage4_attempt_02\reconstruction_manifest.yaml",".yaml","2605","2026-09-12 14:34","6E3B68D025A92F66A60C2B2FDE23AF543307336CCD0983930D5CC47CA642DCD3","T5_PRIOR_CODING_OUTPUT","prior_coding_or_review","",""
"F0055","GITHUB_REPO","Before_R2\dataset-eurlex\03_human\stage4_attempt_02\resolve_transition_unmatched.py",".py","8209","2026-09-12 14:34","822D4B43E178B343509EE1BA988CBE191DA6845A18662761EF51919225998A8E","T5_PRIOR_CODING_OUTPUT","prior_coding_or_review","",""
"F0056","GITHUB_REPO","Before_R2\dataset-eurlex\03_human\stage4_attempt_02\run_R1_reference_coding.py",".py","20036","2026-09-12 14:34","CDDE4B84BDA6673971734856848BB056140BCB03456A01B54E0A6E736704D2C0","T5_PRIOR_CODING_OUTPUT","prior_coding_or_review","",""
"F0057","GITHUB_REPO","Before_R2\dataset-eurlex\03_human\stage4_attempt_02\run_R2_reference_coding.py",".py","21580","2026-09-12 14:34","78307612F55505E34F16CA046FB32A808906BE9D7FA1F4769EE670443D1808DC","T5_PRIOR_CODING_OUTPUT","prior_coding_or_review","",""
"F0058","GITHUB_REPO","Before_R2\dataset-eurlex\03_human\stage4_attempt_02\validate_R1_output.py",".py","4825","2026-09-12 14:34","E2D822E9A1A301A06E87A6A404775326CF15FAB20C16D94AD001A27BF882749D","T5_PRIOR_CODING_OUTPUT","prior_coding_or_review","",""
"F0059","GITHUB_REPO","Before_R2\dataset-eurlex\03_human\stage4_attempt_02\validate_R2_output.py",".py","5537","2026-09-12 14:34","5F03E11987FA413FABEBA672E4C54ADD82836AC524C81D71E77042D200DA0EBB","T5_PRIOR_CODING_OUTPUT","prior_coding_or_review","",""
"F0060","GITHUB_REPO","Before_R2\dataset-eurlex\03_human\stage4_attempt_02\validate_reference_logic.py",".py","6614","2026-09-12 14:34","B502413DA838F1B447AB67B49FE073AB0A1D6A076FE86A9298D9D4A021FF998D","T5_PRIOR_CODING_OUTPUT","prior_coding_or_review","",""
"F0061","GITHUB_REPO","Before_R2\dataset-eurlex\03_human\stage4_attempt_02\claude_replication_01\_build_r1.py",".py","181834","2026-09-12 14:34","8C1B049C51AB75BD29DE37C5E1C9E9DDBA4A6FCB910A0B0AB040C0278B0B354E","T5_PRIOR_CODING_OUTPUT","prior_coding_or_review","",""
"F0062","GITHUB_REPO","Before_R2\dataset-eurlex\03_human\stage4_attempt_02\claude_replication_01\_r1_make_validated.py",".py","5778","2026-09-12 14:34","93AC57C0FFAB81DDA6B3E037F7B30441D72071E0FC28306965B9735AF9FB47B4","T5_PRIOR_CODING_OUTPUT","prior_coding_or_review","",""
"F0063","GITHUB_REPO","Before_R2\dataset-eurlex\03_human\stage4_attempt_02\claude_replication_01\_r1_validate_driver.py",".py","2186","2026-09-12 14:34","5CDCF96E2DB63EA0F383CBD17C968EBD2C51276FF21BB2E0DBD2B62B5F58C09A","T5_PRIOR_CODING_OUTPUT","prior_coding_or_review","",""
"F0064","GITHUB_REPO","Before_R2\dataset-eurlex\03_human\stage4_attempt_02\claude_replication_01\_r2_corrections.json",".json","936","2026-09-12 14:34","A077F1358B6CE3800D7D8642F8C9AF30612DB8B684FB39CEE3E9F76AD93AD7E7","T5_PRIOR_CODING_OUTPUT","prior_coding_or_review","",""
"F0065","GITHUB_REPO","Before_R2\dataset-eurlex\03_human\stage4_attempt_02\claude_replication_01\_r2_final_hashes.json",".json","173","2026-09-12 14:34","8D7835B6D639464BCC616A93CB87091ECDF69AE38C059E19A43B50B8E511A058","T5_PRIOR_CODING_OUTPUT","prior_coding_or_review","",""
"F0066","GITHUB_REPO","Before_R2\dataset-eurlex\03_human\stage4_attempt_02\claude_replication_01\_r2_validate_driver.py",".py","3221","2026-09-12 14:34","288559CB25930C6A42B6A8B6B56896B5DD3739D1CB48DC7B147DAC5307EBA864","T5_PRIOR_CODING_OUTPUT","prior_coding_or_review","",""
"F0067","GITHUB_REPO","Before_R2\dataset-eurlex\03_human\stage4_attempt_02\claude_replication_01\_r2_validation_errors.json",".json","120","2026-09-12 14:34","8D887CC1A6A7ABB2CABFD30D51AAFBC76BB6313DAD46EBE04D6C5305D707A898","T5_PRIOR_CODING_OUTPUT","prior_coding_or_review","",""
"F0068","GITHUB_REPO","Before_R2\dataset-eurlex\03_human\stage4_attempt_02\claude_replication_01\Claude_R1_context_manifest.yaml",".yaml","3054","2026-09-12 14:34","9DC2D3AB9683CE802C4374CF395F8577773865C6EB87B42EB29255396F5D010E","T5_PRIOR_CODING_OUTPUT","prior_coding_or_review","",""
"F0069","GITHUB_REPO","Before_R2\dataset-eurlex\03_human\stage4_attempt_02\claude_replication_01\Claude_R1_output_raw.json",".json","292073","2026-09-12 14:34","F997F3D763836887D858528E78AC3753BE9FB0DFE23BFD0FA0BF885EA4870DAA","T5_PRIOR_CODING_OUTPUT","prior_coding_or_review","",""
"F0070","GITHUB_REPO","Before_R2\dataset-eurlex\03_human\stage4_attempt_02\claude_replication_01\Claude_R1_output.json",".json","292845","2026-09-12 14:34","86CF2AF470FAD31165EFD0AF8AC1CB02FA77C20B6BACAD265A40601D5611E2E5","T5_PRIOR_CODING_OUTPUT","prior_coding_or_review","",""
"F0071","GITHUB_REPO","Before_R2\dataset-eurlex\03_human\stage4_attempt_02\claude_replication_01\Claude_R1_validation_log.md",".md","9316","2026-09-12 14:34","948F718756B0B393FB4CDA61C76E0705BAE638978ED2078E858D243DE256DBBE","T5_PRIOR_CODING_OUTPUT","prior_coding_or_review","",""
"F0072","GITHUB_REPO","Before_R2\dataset-eurlex\03_human\stage4_attempt_02\claude_replication_01\Claude_R2_context_manifest.yaml",".yaml","3348","2026-09-12 14:34","659EB766AB27A620AD32EA4553A65FD0E4DEAEBF961E62CDE08B6587F3F96CC9","T5_PRIOR_CODING_OUTPUT","prior_coding_or_review","",""
"F0073","GITHUB_REPO","Before_R2\dataset-eurlex\03_human\stage4_attempt_02\claude_replication_01\Claude_R2_output_raw.json",".json","268234","2026-09-12 14:34","E9CECDB87207A636D94B54E5E86E4D099986BAC77FCB6428844B2631A5844DF5","T5_PRIOR_CODING_OUTPUT","prior_coding_or_review","",""
"F0074","GITHUB_REPO","Before_R2\dataset-eurlex\03_human\stage4_attempt_02\claude_replication_01\Claude_R2_output.json",".json","268527","2026-09-12 14:34","CFEA747DB3441279CB4293092A7CC9435434BB967880AE0F5404E1B401F5A06E","T5_PRIOR_CODING_OUTPUT","prior_coding_or_review","",""
"F0075","GITHUB_REPO","Before_R2\dataset-eurlex\03_human\stage4_attempt_02\claude_replication_01\Claude_R2_validation_log.md",".md","7554","2026-09-12 14:34","E9A07E1B36AF16CDE08553660F0963073E8C3BA877684AB7E95F96C58102543A","T5_PRIOR_CODING_OUTPUT","prior_coding_or_review","",""
"F0076","GITHUB_REPO","Before_R2\dataset-eurlex\03_human\stage4_attempt_02\claude_replication_01\Claude_replication_execution_log.md",".md","6229","2026-09-12 14:34","DCADE6A5C5EE45EC0F74FC6521656C96A8525F3EFF96CD3C9B06EBD42B8CC4FF","T5_PRIOR_CODING_OUTPUT","prior_coding_or_review","",""
"F0077","GITHUB_REPO","Before_R2\dataset-eurlex\03_human\stage4_attempt_02\claude_replication_01\CLAUDE_REPLICATION_MANIFEST.yaml",".yaml","5217","2026-09-12 14:34","2A74E227923C128C037CDB41CDCC7DCEC1FFB404389780748987325238B5481A","T5_PRIOR_CODING_OUTPUT","prior_coding_or_review","",""
"F0078","GITHUB_REPO","Before_R2\dataset-eurlex\03_human\stage4_attempt_02\pre_ra_4way\actor_label_aliases.yaml",".yaml","2237","2026-09-12 14:34","E3AF83CA54CF80BB2E58989804854AF6C70CB3E1D5768D6CF1632103168F8DBA","T5_PRIOR_CODING_OUTPUT","prior_coding_or_review","",""
"F0079","GITHUB_REPO","Before_R2\dataset-eurlex\03_human\stage4_attempt_02\pre_ra_4way\cross_model_comparator_v1.py",".py","46455","2026-09-12 14:34","F8C991BFB217C92B8EE8AD911EEB722102E786B48535BA57EF07E59601221A53","T5_PRIOR_CODING_OUTPUT","prior_coding_or_review","",""
"F0080","GITHUB_REPO","Before_R2\dataset-eurlex\03_human\stage4_attempt_02\pre_ra_4way\cross_model_comparison_report.md",".md","10520","2026-09-12 14:34","B44ADAFAC38B28557B78293B7CABB862CC77801F3F85502D6D616C5337B816A0","T5_PRIOR_CODING_OUTPUT","prior_coding_or_review","",""
"F0081","GITHUB_REPO","Before_R2\dataset-eurlex\03_human\stage4_attempt_02\pre_ra_4way\cross_model_comparison.csv",".csv","66976","2026-09-12 14:34","93C0C042753E5DEDD24F59743ECDFCB0A9E0371AD31429C1B48764E906CBECCB","T5_PRIOR_CODING_OUTPUT","prior_coding_or_review","",""
"F0082","GITHUB_REPO","Before_R2\dataset-eurlex\03_human\stage4_attempt_02\pre_ra_4way\KNOWN_LIMITATIONS_V1_1.md",".md","3582","2026-09-12 14:34","430F874A5F5F219A556F8B49585A85BB4F3FCD66F56886E2EC1ED9552CCA61C4","T5_PRIOR_CODING_OUTPUT","prior_coding_or_review","",""
"F0083","GITHUB_REPO","Before_R2\dataset-eurlex\03_human\stage4_attempt_02\pre_ra_4way\PRE_RA_4WAY_MANIFEST.yaml",".yaml","6181","2026-09-12 14:34","33B6B3358E054CB8EDA1CFA3CEA95BC682D3CFC7B374D9F64E4F8F26F9FCB6C5","T5_PRIOR_CODING_OUTPUT","prior_coding_or_review","",""
"F0084","GITHUB_REPO","Before_R2\dataset-eurlex\03_human\stage4_attempt_02\pre_ra_4way\pre_ra_4way_validation_log.md",".md","5430","2026-09-12 14:34","6DBA1D2397AEB5DBFDC384FCEE7F1EE37C20D110CD2391C61CD174D1FB7BFF36","T5_PRIOR_CODING_OUTPUT","prior_coding_or_review","",""
"F0085","GITHUB_REPO","Before_R2\dataset-eurlex\03_human\stage4_attempt_02\pre_ra_4way\RA_4WAY_PROTOCOL.md",".md","4616","2026-09-12 14:34","DF645AD2A5E29D14CA0E8B92993F9D828DE7DECA2B294B808E613F7D3E783903","T5_PRIOR_CODING_OUTPUT","prior_coding_or_review","",""
"F0086","GITHUB_REPO","Before_R2\dataset-eurlex\03_human\stage4_attempt_02\pre_ra_4way\RA_blinding_spec.yaml",".yaml","2398","2026-09-12 14:34","0E90A7EFACA0594DBDB8D920DB73CD9E44D2286E6DE5680D99C47417BF4E5778","T5_PRIOR_CODING_OUTPUT","prior_coding_or_review","",""
"F0087","GITHUB_REPO","Before_R2\dataset-eurlex\03_human\stage4_attempt_02\pre_ra_4way\TERRA_EXECUTION_PROVENANCE_NOTE.md",".md","3760","2026-09-12 14:34","8F6883758B12026893D18F94C8746289DB16B5A2A5AA3F0590D54D5B267A2D94","T5_PRIOR_CODING_OUTPUT","prior_coding_or_review","",""
"F0088","GITHUB_REPO","Before_R2\dataset-eurlex\03_human\stage4_attempt_02\ra_4way\_ra_validate_driver.py",".py","9505","2026-09-12 14:34","761485A08C9A579C1D6BC854C98EC106BD5C99C444CFFB5DAA4230C6F0C5FF12","T5_PRIOR_CODING_OUTPUT","prior_coding_or_review","",""
"F0089","GITHUB_REPO","Before_R2\dataset-eurlex\03_human\stage4_attempt_02\ra_4way\build_blind_ra_package.py",".py","7370","2026-09-12 14:34","BA4853397C3EA843BB4C1228C9369B8209A63BC4E122F5410EAB7FE1646B1226","T5_PRIOR_CODING_OUTPUT","prior_coding_or_review","",""
"F0090","GITHUB_REPO","Before_R2\dataset-eurlex\03_human\stage4_attempt_02\ra_4way\RA_4way_adjudication_notes.json",".json","202066","2026-09-12 14:34","8CEC91809E712C3AAAE1D98A72F79A4BB65A8F303249D159683AC8F695094176","T5_PRIOR_CODING_OUTPUT","prior_coding_or_review","",""
"F0091","GITHUB_REPO","Before_R2\dataset-eurlex\03_human\stage4_attempt_02\ra_4way\RA_4way_comparison.csv",".csv","14215","2026-09-12 14:34","2051DD7236321E40439946038DFF479A58548142F55216C0D96AFFA870068894","T5_PRIOR_CODING_OUTPUT","prior_coding_or_review","",""
"F0092","GITHUB_REPO","Before_R2\dataset-eurlex\03_human\stage4_attempt_02\ra_4way\RA_4WAY_MANIFEST.yaml",".yaml","5614","2026-09-12 14:34","0DBAA48B2E468667A68013E9AB4D7AE5715FB3A62CBFC90B73E5AF5C0E9E33B5","T5_PRIOR_CODING_OUTPUT","prior_coding_or_review","",""
"F0093","GITHUB_REPO","Before_R2\dataset-eurlex\03_human\stage4_attempt_02\ra_4way\RA_4way_output_raw.json",".json","356904","2026-09-12 14:34","CB03A5DD907142DEFAB7A03E2E817ECCC2B019ED4E1412A99393DD8AFA444893","T5_PRIOR_CODING_OUTPUT","prior_coding_or_review","",""
"F0094","GITHUB_REPO","Before_R2\dataset-eurlex\03_human\stage4_attempt_02\ra_4way\RA_4way_output.json",".json","360314","2026-09-12 14:34","F2FAC559FD668B71B102E5197B20126A4008AB6437474D80982F7110E16C2FBA","T5_PRIOR_CODING_OUTPUT","prior_coding_or_review","",""
"F0095","GITHUB_REPO","Before_R2\dataset-eurlex\03_human\stage4_attempt_02\ra_4way\RA_4way_report.md",".md","11568","2026-09-12 14:34","99770A95BC1D1D5BE88850CD22A3EFB551B25FEC6DFAD3B18AE4852FC54452E9","T5_PRIOR_CODING_OUTPUT","prior_coding_or_review","",""
"F0096","GITHUB_REPO","Before_R2\dataset-eurlex\03_human\stage4_attempt_02\ra_4way\RA_4way_validation_log.md",".md","10687","2026-09-12 14:34","F16820A2A18D22E6E002D0E43B7289C18A9916097959A1F5AD96EC53F3CCEBD1","T5_PRIOR_CODING_OUTPUT","prior_coding_or_review","",""
"F0097","GITHUB_REPO","Before_R2\dataset-eurlex\03_human\stage4_attempt_02\ra_4way\RA_blind_input.json",".json","312110","2026-09-12 14:34","7499303232C0414293E28370D1931DE5D85B65E0541EFD0222D39FABCD5BB40D","T5_PRIOR_CODING_OUTPUT","prior_coding_or_review","",""
"F0098","GITHUB_REPO","Before_R2\dataset-eurlex\03_human\stage4_attempt_02\ra_4way\RA_human_gate_queue.csv",".csv","19250","2026-09-12 14:34","320B338DA2842A6FC8FE36BC4BF045B7B95448E6D8E63B9A79862B81DE65192D","T5_PRIOR_CODING_OUTPUT","prior_coding_or_review","",""
"F0099","GITHUB_REPO","Before_R2\dataset-eurlex\03_human\stage4_attempt_02\ra_4way_private\RA_4way_identity_mapping.yaml",".yaml","469","2026-09-12 14:34","41F7BE924815A2ABBD4DF5E9006BCA4DC08CD075C38C52B2970A5BCD40314AAE","T5_PRIOR_CODING_OUTPUT","prior_coding_or_review","",""
"F0100","GITHUB_REPO","Before_R2\dataset-eurlex\04_prompts\G0.md",".md","104","2026-09-12 14:34","2D53289CA2FAECE4EB6AEBE5DB4E6B4B422A83FF76578AE157F4309B7678DEDE","T4_PROMPT","prompt","",""
"F0101","GITHUB_REPO","Before_R2\dataset-eurlex\04_prompts\G1.md",".md","104","2026-09-12 14:34","1E0158D48EBC9CAB9C426FD803904EE8319A8C2C602BECE2F7232028F97D0342","T4_PROMPT","prompt","",""
"F0102","GITHUB_REPO","Before_R2\dataset-eurlex\04_prompts\G2.md",".md","104","2026-09-12 14:34","5CD3DED115341AAC5EFC476FD3ADEC5EB5C58A8B2EAD1B0F3D934158C4B9F9E5","T4_PROMPT","prompt","",""
"F0103","GITHUB_REPO","Before_R2\dataset-eurlex\04_prompts\README.md",".md","496","2026-09-12 14:34","E36D66F65FE7808C2CDFB62245DB85059BDC85A22ADFC0E73CB65B90A71B16E5","T4_PROMPT","prompt","",""
"F0104","GITHUB_REPO","Before_R2\dataset-eurlex\05_runs\README.md",".md","171","2026-09-12 14:34","AB99CD425B7FC9CBE810D1364C7E93B7EE423172DC3DE46CD41EE2F47D154DAD","T8_OTHER","other","",""
"F0105","GITHUB_REPO","Before_R2\dataset-eurlex\06_comparison\README.md",".md","169","2026-09-12 14:34","E34EE5E6916B99B6EC9BDB31231EC517786CFC0DC108F1BDD1737461CC44CFB7","T8_OTHER","other","",""
"F0106","GITHUB_REPO","Before_R2\dataset-eurlex\07_report\FINAL_REPORT_OUTLINE.md",".md","2096","2026-09-12 14:34","EDCB9BBCE84D6A41C3B2DDD27F548C43829D9B8BE45E53A8CF635996BF8D2A99","T8_OTHER","other","",""
"F0107","GITHUB_REPO","Before_R2\dataset-eurlex\07_report\README.md",".md","121","2026-09-12 14:34","93F46E9289C1E5D5F115BD036B9D1B8A3223502F252C4E7ADDA8F44CE5EAF79D","T8_OTHER","other","",""
"F0108","GITHUB_REPO","Before_R2\dataset-eurlex\cases\_build_final_dataset.py",".py","34212","2026-09-12 14:34","8E9647537256B1974D77956B826033F6CFCA30A16D673AA2B2E47929BA378F44","T5_PRIOR_CODING_OUTPUT","prior_coding_or_review","",""
"F0109","GITHUB_REPO","Before_R2\dataset-eurlex\cases\CASE_REGISTRY.yaml",".yaml","3558","2026-09-12 14:34","AA85DEE5633EF76E9201FA51DF23273BD5D829F22B8E1D69E973509239A3A202","T2_PROVENANCE_MANIFEST","provenance_or_registry","",""
"F0110","GITHUB_REPO","Before_R2\dataset-eurlex\cases\FINAL_DATASET_FOR_HUMAN_REVIEW.csv",".csv","37843","2026-09-12 14:34","803C3E1E402B0CAF6206903D25B6A88BC92D53FA23BD60A3DB9514BEE3E16BD3","T5_PRIOR_CODING_OUTPUT","prior_coding_or_review","",""
"F0111","GITHUB_REPO","Before_R2\dataset-eurlex\cases\R2_HUMAN_VALIDATION_README.md",".md","1620","2026-09-12 14:34","E97F26603BE65B503A688B00C1059069DCBAA59758F5FBA8A51A8C4CBABA8342","T5_PRIOR_CODING_OUTPUT","prior_coding_or_review","",""
"F0112","GITHUB_REPO","Before_R2\dataset-eurlex\cases\R2_HUMAN_VALIDATION_relations.csv",".csv","10305","2026-09-12 14:34","55CC8D84AFF110DE0743D04CBD5B5F487D12886D4F7F7BA9D3D410CB2E027207","T5_PRIOR_CODING_OUTPUT","prior_coding_or_review","",""
"F0113","GITHUB_REPO","Before_R2\dataset-eurlex\cases\R2_HUMAN_VALIDATION_uncertainties.csv",".csv","32735","2026-09-12 14:34","EAADA896EB2948FBF9F5B008E83235D0C8EFFC4BEAA4FF21E4DDDD3DDE8D530D","T5_PRIOR_CODING_OUTPUT","prior_coding_or_review","",""
"F0114","GITHUB_REPO","Before_R2\dataset-eurlex\cases\README.md",".md","367","2026-09-12 14:34","ED22DD7AF5A26929349571821B76173709BA504724D2A192426460C536D3A4CC","T8_OTHER","other","",""
"F0115","GITHUB_REPO","Before_R2\dataset-eurlex\cases\case_01\README.md",".md","263","2026-09-12 14:34","EBD42B6B18F297AAAECBE3D50662A9B2A4B8D3C0D015F2F25E4DE3D4CEAEC1A1","T8_OTHER","other","",""
"F0116","GITHUB_REPO","Before_R2\dataset-eurlex\cases\case_01\corpus\act_numbered.md",".md","68312","2026-09-12 14:34","0EB336AEA6C8FF19AF3B6536F3E9029A2E9AF68CA763E962429A8A3DACBB49ED","T3_DERIVED_CORPUS","normalized_corpus","DUP005",""
"F0117","GITHUB_REPO","Before_R2\dataset-eurlex\cases\case_01\corpus\act.md",".md","64928","2026-09-12 14:34","B24A02EA241CA631B606660BB48BB5A2222B29F849C4E4552FB99F871B2E8FD4","T3_DERIVED_CORPUS","normalized_corpus","DUP061","Hash matches CASE_REGISTRY corpus_hash (verified)"
"F0118","GITHUB_REPO","Before_R2\dataset-eurlex\cases\case_01\corpus\act.pdf",".pdf","249646","2026-09-12 14:34","EFED602D1EF2844D5B10645D2A536D7E16C54EF2ADA272A44A89FB5CFCB73F9C","T3_DERIVED_CORPUS","normalized_corpus","",""
"F0119","GITHUB_REPO","Before_R2\dataset-eurlex\cases\case_01\corpus\corpus_manifest.yaml",".yaml","1243","2026-09-12 14:34","AA46DA23648D084611FB904E34592A83FDA56F37D2FD109C0234FF14A75CBC7D","T2_PROVENANCE_MANIFEST","provenance_or_registry","DUP057",""
"F0120","GITHUB_REPO","Before_R2\dataset-eurlex\cases\case_01\corpus\README.md",".md","236","2026-09-12 14:34","867199D02E0178191116CC2C12EBCCA22DFC8C3CD8DE8996D1B7ADE74625BCD6","T8_OTHER","other","",""
"F0121","GITHUB_REPO","Before_R2\dataset-eurlex\cases\case_01\final\README.md",".md","150","2026-09-12 14:34","6D426FF9D92225C9CFE7E24CC6DDFCAF49E09FE1238FD0FC412C8C81E0F46465","T8_OTHER","other","",""
"F0122","GITHUB_REPO","Before_R2\dataset-eurlex\cases\case_01\logs\README.md",".md","111","2026-09-12 14:34","B04BE20C1E3123DE11CFEA87613487E6FB9473C927C0E22B51F0FF29D674B4F5","T8_OTHER","other","",""
"F0123","GITHUB_REPO","Before_R2\dataset-eurlex\cases\case_01\primary_coding\CLAUDE_CODING_PROPOSAL.json",".json","29873","2026-09-12 14:34","918733AA9BFEF4EEEED18AB1552E6E131FEADAB1289298D49B4F00FBD08713C2","T5_PRIOR_CODING_OUTPUT","prior_coding_or_review","",""
"F0124","GITHUB_REPO","Before_R2\dataset-eurlex\cases\case_01\primary_coding\CLAUDE_CODING_PROPOSAL.md",".md","14302","2026-09-12 14:34","878B4466D1CE7C62012AF8ED6A7446BC5BC35064110DD729A3AE46DAD965C05E","T5_PRIOR_CODING_OUTPUT","prior_coding_or_review","",""
"F0125","GITHUB_REPO","Before_R2\dataset-eurlex\cases\case_01\primary_coding\PRIMARY_INTERPRETIVE_READER_PROPOSAL_R2.json",".json","22253","2026-09-12 14:34","2BEEE89D994C23CA367D4CCCA6E5A1A4341C6579A341AFC7F6B0756BC9F71AF6","T5_PRIOR_CODING_OUTPUT","prior_coding_or_review","",""
"F0126","GITHUB_REPO","Before_R2\dataset-eurlex\cases\case_01\primary_coding\PRIMARY_INTERPRETIVE_READER_PROPOSAL_R2.md",".md","9283","2026-09-12 14:34","E1A6CACDDB10D64CBDC08304C2273FFA6DA83D66B4E1801615C4B71EAD22EC46","T5_PRIOR_CODING_OUTPUT","prior_coding_or_review","",""
"F0127","GITHUB_REPO","Before_R2\dataset-eurlex\cases\case_01\primary_coding\PRIMARY_INTERPRETIVE_READER_PROPOSAL.json",".json","25632","2026-09-12 14:34","1880D9F643BFE97FCC43471E59DE11F08D4A7E5D441D1ADA24D1B2B8F7FE5B41","T5_PRIOR_CODING_OUTPUT","prior_coding_or_review","",""
"F0128","GITHUB_REPO","Before_R2\dataset-eurlex\cases\case_01\primary_coding\PRIMARY_INTERPRETIVE_READER_PROPOSAL.md",".md","13557","2026-09-12 14:34","C6D9271046B712A1B19EB74EC73BCBBB8C129609C211F825AC183003F74B69F4","T5_PRIOR_CODING_OUTPUT","prior_coding_or_review","",""
"F0129","GITHUB_REPO","Before_R2\dataset-eurlex\cases\case_01\primary_coding\README.md",".md","184","2026-09-12 14:34","E664F3C42E09D99E21413CE2F3E503374AD12D7F854DAB6BDD5E0C24D58A3F8F","T5_PRIOR_CODING_OUTPUT","prior_coding_or_review","",""
"F0130","GITHUB_REPO","Before_R2\dataset-eurlex\cases\case_01\primary_coding\RUN_METADATA_R2.yaml",".yaml","5387","2026-09-12 14:34","085F5553A876A58D4A19061D124E40ABFE26ABE5741541319D704505F6733E45","T5_PRIOR_CODING_OUTPUT","prior_coding_or_review","",""
"F0131","GITHUB_REPO","Before_R2\dataset-eurlex\cases\case_01\primary_coding\RUN_METADATA.yaml",".yaml","971","2026-09-12 14:34","CFBB5B998FC294D9F4639D2664158D2EC9E4AAB4EE262D5C28BE5B12A0A0925A","T5_PRIOR_CODING_OUTPUT","prior_coding_or_review","",""
"F0132","GITHUB_REPO","Before_R2\dataset-eurlex\cases\case_01\researcher_review\README.md",".md","194","2026-09-12 14:34","A2D534716821D7EA323FFBE511E273B95477CA420DE162E977816EA5D04B8ACB","T8_OTHER","other","",""
"F0133","GITHUB_REPO","Before_R2\dataset-eurlex\cases\case_01\secondary_review\README.md",".md","138","2026-09-12 14:34","744301C81E5B5FE16EC290B9C871E387165BAD53F87D9C37EE98481DDF59D6FB","T5_PRIOR_CODING_OUTPUT","prior_coding_or_review","",""
"F0134","GITHUB_REPO","Before_R2\dataset-eurlex\cases\case_01\source\act_official.xhtml",".xhtml","151943","2026-09-12 14:34","8BBE15AF032AF1A3950CF1E42BEAD62E0C816AFBF56DCED883ECECB604DA6075","T1_AUTHORITATIVE_LEGAL_SOURCE","legal_source_xhtml","DUP048","Hash matches CASE_REGISTRY/provenance.yaml (verified)"
"F0135","GITHUB_REPO","Before_R2\dataset-eurlex\cases\case_01\source\provenance.yaml",".yaml","1400","2026-09-12 14:34","FB5A071C34F40176CB64BF32333DF541364F68B819E7F1096B79AABD13F030A7","T2_PROVENANCE_MANIFEST","provenance_or_registry","DUP090",""
"F0136","GITHUB_REPO","Before_R2\dataset-eurlex\cases\case_01\source\README.md",".md","223","2026-09-12 14:34","C82B353724F9511FE664FC45E2CF698ED1B23D8CA10D0434C8F7F66A04383582","T8_OTHER","other","",""
"F0137","GITHUB_REPO","Before_R2\dataset-eurlex\cases\case_02\README.md",".md","257","2026-09-12 14:34","9F63D6866BC7C3C154AE55FA9B79B3888E7756CCC4F65A4DF89284646F318072","T8_OTHER","other","",""
"F0138","GITHUB_REPO","Before_R2\dataset-eurlex\cases\case_02\corpus\act_numbered.md",".md","191221","2026-09-12 14:34","D4DB3419E0F340CB31A1227319AA3A75930BB6FBB8C4CFC86CE2B796E651F30E","T3_DERIVED_CORPUS","normalized_corpus","",""
"F0139","GITHUB_REPO","Before_R2\dataset-eurlex\cases\case_02\corpus\act.md",".md","177485","2026-09-12 14:34","01357C4C34C9F6009E72265A163BCD45CEBC4E4BD9D806398B5C05E8487C692B","T3_DERIVED_CORPUS","normalized_corpus","","Hash matches CASE_REGISTRY corpus_hash (verified)"
"F0140","GITHUB_REPO","Before_R2\dataset-eurlex\cases\case_02\corpus\corpus_manifest.yaml",".yaml","1055","2026-09-12 14:34","EFC1A4151E912B51BE7BD10D3DAF99C88EB08913098BE8EE662EB9759FC305BE","T2_PROVENANCE_MANIFEST","provenance_or_registry","",""
"F0141","GITHUB_REPO","Before_R2\dataset-eurlex\cases\case_02\corpus\README.md",".md","355","2026-09-12 14:34","E566F5939ED9E2CEE64CC45840FEA12843F6F56C3DF1B2CA3F031A9DD68F9E88","T8_OTHER","other","DUP083",""
"F0142","GITHUB_REPO","Before_R2\dataset-eurlex\cases\case_02\final\README.md",".md","52","2026-09-12 14:34","86AE835991798462080859EE5CC4E9F1EEEA4B7BFF85D47D9890E7955A94D741","T8_OTHER","other","DUP044",""
"F0143","GITHUB_REPO","Before_R2\dataset-eurlex\cases\case_02\logs\README.md",".md","126","2026-09-12 14:34","747AD0FE433C896780DE62061503E825E58FAEEA8BD8FA76277C458F3D674B91","T8_OTHER","other","DUP037",""
"F0144","GITHUB_REPO","Before_R2\dataset-eurlex\cases\case_02\logs\source_and_corpus_log.md",".md","1497","2026-09-12 14:34","36CC3218FAB7BB8FEADC9BFF800708AACE2335115CE909035CE7B4A66DA80008","T8_OTHER","other","",""
"F0145","GITHUB_REPO","Before_R2\dataset-eurlex\cases\case_02\primary_coding\CLAUDE_CODING_PROPOSAL.json",".json","68249","2026-09-12 14:34","2831978162F37DFB3ABE59C4B75763AE157780AC61D5E13D4890A842E2D67AB7","T5_PRIOR_CODING_OUTPUT","prior_coding_or_review","",""
"F0146","GITHUB_REPO","Before_R2\dataset-eurlex\cases\case_02\primary_coding\CLAUDE_CODING_PROPOSAL.md",".md","15216","2026-09-12 14:34","1BD884567918B6C7FD58AD0F9CC69F126AA37CF38E24A71E836B88ABBCADBAAA","T5_PRIOR_CODING_OUTPUT","prior_coding_or_review","",""
"F0147","GITHUB_REPO","Before_R2\dataset-eurlex\cases\case_02\primary_coding\PRIMARY_INTERPRETIVE_READER_PROPOSAL_R2.json",".json","27469","2026-09-12 14:34","0403A36928C79D209066F021AA5687CDD8DE07D36F567D38CDBD531BE9307958","T5_PRIOR_CODING_OUTPUT","prior_coding_or_review","",""
"F0148","GITHUB_REPO","Before_R2\dataset-eurlex\cases\case_02\primary_coding\PRIMARY_INTERPRETIVE_READER_PROPOSAL_R2.md",".md","8293","2026-09-12 14:34","9E7348D26681CE9C83017E7DAC623824985E8D178D307C1F7EB147D7885E93EC","T5_PRIOR_CODING_OUTPUT","prior_coding_or_review","",""
"F0149","GITHUB_REPO","Before_R2\dataset-eurlex\cases\case_02\primary_coding\PRIMARY_INTERPRETIVE_READER_PROPOSAL.json",".json","62765","2026-09-12 14:34","E4F67A6ADF80CAEDC42F33464E2E7E9B3942252CA096839CFC46E8CE5877E5FC","T5_PRIOR_CODING_OUTPUT","prior_coding_or_review","",""
"F0150","GITHUB_REPO","Before_R2\dataset-eurlex\cases\case_02\primary_coding\PRIMARY_INTERPRETIVE_READER_PROPOSAL.md",".md","20015","2026-09-12 14:34","FB3B454CA3BCCD96B25A973C8B28C5B70B0B9F5C7379BCC96E35CFC98727A46F","T5_PRIOR_CODING_OUTPUT","prior_coding_or_review","",""
"F0151","GITHUB_REPO","Before_R2\dataset-eurlex\cases\case_02\primary_coding\README.md",".md","62","2026-09-12 14:34","61F0A41C774D327A180B1CCA02A5E26B2E5DB5D390DE40C7967A79BD8D32933D","T5_PRIOR_CODING_OUTPUT","prior_coding_or_review","DUP031",""
"F0152","GITHUB_REPO","Before_R2\dataset-eurlex\cases\case_02\primary_coding\RUN_METADATA_R2.yaml",".yaml","2757","2026-09-12 14:34","D3C75F0CD137B66F2B750FC96B7A117F7841BD525C53EA5151477F44D7F9FA63","T5_PRIOR_CODING_OUTPUT","prior_coding_or_review","",""
"F0153","GITHUB_REPO","Before_R2\dataset-eurlex\cases\case_02\primary_coding\RUN_METADATA.yaml",".yaml","1441","2026-09-12 14:34","A3231BAF8414873FFB7000881BE850E0D7530D57EDC6095AB86569E272586037","T5_PRIOR_CODING_OUTPUT","prior_coding_or_review","",""
"F0154","GITHUB_REPO","Before_R2\dataset-eurlex\cases\case_02\researcher_review\README.md",".md","60","2026-09-12 14:34","A7F9CD534859A2F0A8E808DB963449D6C4B456CE8F53BA7DF214196CADECFD0F","T8_OTHER","other","DUP056",""
"F0155","GITHUB_REPO","Before_R2\dataset-eurlex\cases\case_02\secondary_review\README.md",".md","53","2026-09-12 14:34","DE85DEC2B5E7AD012E0125C8128D78401B0416F68483B9E77D0FF63C26BDB2CE","T5_PRIOR_CODING_OUTPUT","prior_coding_or_review","DUP079",""
"F0156","GITHUB_REPO","Before_R2\dataset-eurlex\cases\case_02\source\act_official.xhtml",".xhtml","499130","2026-09-12 14:34","B61FD911875E5C9C7839EFDB3998A040CE75477C77E9259E0091BAB329F7DDDF","T1_AUTHORITATIVE_LEGAL_SOURCE","legal_source_xhtml","","Hash matches CASE_REGISTRY/provenance.yaml (verified)"
"F0157","GITHUB_REPO","Before_R2\dataset-eurlex\cases\case_02\source\provenance.yaml",".yaml","1144","2026-09-12 14:34","16A093BAF9826133AC7266E06F0C8F6B5EC829B4BEC8E2976E3C9A99ECD2987C","T2_PROVENANCE_MANIFEST","provenance_or_registry","",""
"F0158","GITHUB_REPO","Before_R2\dataset-eurlex\cases\case_02\source\README.md",".md","204","2026-09-12 14:34","56588B284C9EF72CA3505BEE78A2FB181B2BB5CC4D0B45B57CD5751C4676AD67","T8_OTHER","other","DUP025",""
"F0159","GITHUB_REPO","Before_R2\dataset-eurlex\cases\case_03\README.md",".md","261","2026-09-12 14:34","031A8B10B58707219ED382C3F76B9839481600187FFE44C1565C6753863F0CC1","T8_OTHER","other","",""
"F0160","GITHUB_REPO","Before_R2\dataset-eurlex\cases\case_03\corpus\act_numbered.md",".md","183000","2026-09-12 14:34","A55CB6F1ED9C40FD39197A60E7351B7C9FD1BEB39B4CC7FE89616B16DFCC029D","T3_DERIVED_CORPUS","normalized_corpus","",""
"F0161","GITHUB_REPO","Before_R2\dataset-eurlex\cases\case_03\corpus\act.md",".md","172816","2026-09-12 14:34","D2393FD43A024B1E430175951DA9DFD61F08C74F9C9FB038AD431E21A61B3B3C","T3_DERIVED_CORPUS","normalized_corpus","","Hash matches CASE_REGISTRY corpus_hash (verified)"
"F0162","GITHUB_REPO","Before_R2\dataset-eurlex\cases\case_03\corpus\corpus_manifest.yaml",".yaml","995","2026-09-12 14:34","7EE851FEF46EF3F72E0CF4605FD02460F43B614AC997C7349FDB38CC91B79A22","T2_PROVENANCE_MANIFEST","provenance_or_registry","",""
"F0163","GITHUB_REPO","Before_R2\dataset-eurlex\cases\case_03\corpus\README.md",".md","355","2026-09-12 14:34","E566F5939ED9E2CEE64CC45840FEA12843F6F56C3DF1B2CA3F031A9DD68F9E88","T8_OTHER","other","DUP083",""
"F0164","GITHUB_REPO","Before_R2\dataset-eurlex\cases\case_03\final\README.md",".md","52","2026-09-12 14:34","86AE835991798462080859EE5CC4E9F1EEEA4B7BFF85D47D9890E7955A94D741","T8_OTHER","other","DUP044",""
"F0165","GITHUB_REPO","Before_R2\dataset-eurlex\cases\case_03\logs\README.md",".md","126","2026-09-12 14:34","747AD0FE433C896780DE62061503E825E58FAEEA8BD8FA76277C458F3D674B91","T8_OTHER","other","DUP037",""
"F0166","GITHUB_REPO","Before_R2\dataset-eurlex\cases\case_03\logs\source_and_corpus_log.md",".md","1653","2026-09-12 14:34","D92860A20A5C2294B7284DD08A5D7A2424740BEE2FF980DD720F0C0B4B431E43","T8_OTHER","other","",""
"F0167","GITHUB_REPO","Before_R2\dataset-eurlex\cases\case_03\primary_coding\CLAUDE_CODING_PROPOSAL.json",".json","40065","2026-09-12 14:34","5F374CC1BEDADAEDCFC8D7D3C4A26175A48EF864BF9BC216B2F890BD686E1678","T5_PRIOR_CODING_OUTPUT","prior_coding_or_review","",""
"F0168","GITHUB_REPO","Before_R2\dataset-eurlex\cases\case_03\primary_coding\CLAUDE_CODING_PROPOSAL.md",".md","13873","2026-09-12 14:34","73EEB8F479BF5E2104F9C35E307A089114F43ED672E06D6860B93D28B595EB91","T5_PRIOR_CODING_OUTPUT","prior_coding_or_review","",""
"F0169","GITHUB_REPO","Before_R2\dataset-eurlex\cases\case_03\primary_coding\PRIMARY_INTERPRETIVE_READER_PROPOSAL_R2.json",".json","25804","2026-09-12 14:34","0229C619333B8948D9B7BDD01DC58579067E45F87367DD48AD042F818BA5F259","T5_PRIOR_CODING_OUTPUT","prior_coding_or_review","",""
"F0170","GITHUB_REPO","Before_R2\dataset-eurlex\cases\case_03\primary_coding\PRIMARY_INTERPRETIVE_READER_PROPOSAL_R2.md",".md","9690","2026-09-12 14:34","0B7013857DE085CEA75BD9F550B4FDC90C2BC97474C5246319E79F399B89AD27","T5_PRIOR_CODING_OUTPUT","prior_coding_or_review","",""
"F0171","GITHUB_REPO","Before_R2\dataset-eurlex\cases\case_03\primary_coding\PRIMARY_INTERPRETIVE_READER_PROPOSAL.json",".json","37570","2026-09-12 14:34","F4FEB26CD7A923D6FE2F3F50C3E1C44031F7BE9CBF85AA8DB167052F12A4EE58","T5_PRIOR_CODING_OUTPUT","prior_coding_or_review","",""
"F0172","GITHUB_REPO","Before_R2\dataset-eurlex\cases\case_03\primary_coding\PRIMARY_INTERPRETIVE_READER_PROPOSAL.md",".md","15676","2026-09-12 14:34","8525E358CE2773FB791EAF92A8AC19FCCB1B4EE7AE5AB13785ECBB6585E954D7","T5_PRIOR_CODING_OUTPUT","prior_coding_or_review","",""
"F0173","GITHUB_REPO","Before_R2\dataset-eurlex\cases\case_03\primary_coding\README.md",".md","62","2026-09-12 14:34","61F0A41C774D327A180B1CCA02A5E26B2E5DB5D390DE40C7967A79BD8D32933D","T5_PRIOR_CODING_OUTPUT","prior_coding_or_review","DUP031",""
"F0174","GITHUB_REPO","Before_R2\dataset-eurlex\cases\case_03\primary_coding\RUN_METADATA_R2.yaml",".yaml","2762","2026-09-12 14:34","8419E627A1E2B9A68B912475F3932107DE642F8C60EB0429927F771B63BE9516","T5_PRIOR_CODING_OUTPUT","prior_coding_or_review","",""
"F0175","GITHUB_REPO","Before_R2\dataset-eurlex\cases\case_03\primary_coding\RUN_METADATA.yaml",".yaml","1366","2026-09-12 14:34","54CA31C8F2F1B1EB86598DE98120FF8F1DC66573E73665860A68B97B2232DF44","T5_PRIOR_CODING_OUTPUT","prior_coding_or_review","",""
"F0176","GITHUB_REPO","Before_R2\dataset-eurlex\cases\case_03\researcher_review\README.md",".md","60","2026-09-12 14:34","A7F9CD534859A2F0A8E808DB963449D6C4B456CE8F53BA7DF214196CADECFD0F","T8_OTHER","other","DUP056",""
"F0177","GITHUB_REPO","Before_R2\dataset-eurlex\cases\case_03\secondary_review\README.md",".md","53","2026-09-12 14:34","DE85DEC2B5E7AD012E0125C8128D78401B0416F68483B9E77D0FF63C26BDB2CE","T5_PRIOR_CODING_OUTPUT","prior_coding_or_review","DUP079",""
"F0178","GITHUB_REPO","Before_R2\dataset-eurlex\cases\case_03\source\act_official.xhtml",".xhtml","390156","2026-09-12 14:34","2DE95792BC63322FCCAC00216EDD9D301A0DBB639C14E59BCE0A7281A2E6F1B2","T1_AUTHORITATIVE_LEGAL_SOURCE","legal_source_xhtml","","Hash matches CASE_REGISTRY/provenance.yaml (verified)"
"F0179","GITHUB_REPO","Before_R2\dataset-eurlex\cases\case_03\source\provenance.yaml",".yaml","1308","2026-09-12 14:34","25AEC3582D58BDE961A5EC35E8174F17604060D6E761D77632510994EFD876EF","T2_PROVENANCE_MANIFEST","provenance_or_registry","",""
"F0180","GITHUB_REPO","Before_R2\dataset-eurlex\cases\case_03\source\README.md",".md","204","2026-09-12 14:34","56588B284C9EF72CA3505BEE78A2FB181B2BB5CC4D0B45B57CD5751C4676AD67","T8_OTHER","other","DUP025",""
"F0181","GITHUB_REPO","Before_R2\dataset-eurlex\cases\final_human_review_v2\01_RELATION_EVIDENCE.csv",".csv","35208","2026-09-12 14:34","08BBA737E4DF9889C29EF704A0CFAC9BAB64D3FFD8910DF7274B856781C4628E","T5_PRIOR_CODING_OUTPUT","prior_coding_or_review","",""
"F0182","GITHUB_REPO","Before_R2\dataset-eurlex\cases\final_human_review_v2\02_ACTOR_ROLE_MAP.csv",".csv","31221","2026-09-12 14:34","7B1466AD6C81CA5DE68689EE09CE13D05EBE97EAB69FFB4B794D207EC1FD3C91","T5_PRIOR_CODING_OUTPUT","prior_coding_or_review","",""
"F0183","GITHUB_REPO","Before_R2\dataset-eurlex\cases\final_human_review_v2\03_INTERMEDIARY_MECHANISMS.csv",".csv","11609","2026-09-12 14:34","C7992CE53EC6CD5C34CEA1A9ADD2710F4D173621208C616FA74EFDB89927423F","T5_PRIOR_CODING_OUTPUT","prior_coding_or_review","",""
"F0184","GITHUB_REPO","Before_R2\dataset-eurlex\cases\final_human_review_v2\04_ACT_REGIME_SUMMARY.csv",".csv","2896","2026-09-12 14:34","FBF20A1E96500C592B23142E2F2DFB0C3A397B73EC9F262B9249D24505987283","T5_PRIOR_CODING_OUTPUT","prior_coding_or_review","",""
"F0185","GITHUB_REPO","Before_R2\dataset-eurlex\cases\final_human_review_v2\05_UNRESOLVED_FOR_RESEARCHER.csv",".csv","1155","2026-09-12 14:34","534B2AA996846BF8BDC34C3D802A44E84568C3825A4EAEBDB208079FAC8B2249","T5_PRIOR_CODING_OUTPUT","prior_coding_or_review","",""
"F0186","GITHUB_REPO","Before_R2\dataset-eurlex\cases\final_human_review_v2\06_PROVENANCE.csv",".csv","2244","2026-09-12 14:34","47420BE5063F95FA294F99BD6B329C4F14B1D27C9D983F9FF8B4E7675BDAF00E","T5_PRIOR_CODING_OUTPUT","prior_coding_or_review","",""
"F0187","GITHUB_REPO","Before_R2\dataset-eurlex\cases\final_human_review_v2\ACTOR_NORMALIZATION_LOG.csv",".csv","5838","2026-09-12 14:34","16AD551C435F4637A2FB5DB98633DC953F5C610CE197C50CD1245EC64CC554DC","T5_PRIOR_CODING_OUTPUT","prior_coding_or_review","",""
"F0188","GITHUB_REPO","Before_R2\dataset-eurlex\cases\final_human_review_v2\FINAL_HUMAN_REVIEW_WORKBOOK.xlsx",".xlsx","35837","2026-09-12 14:34","950C6933B14C3D7FE19A05BA0C091BBBD986746EAE89545A73D96C9CC27D36F3","T5_PRIOR_CODING_OUTPUT","prior_coding_or_review","",""
"F0189","GITHUB_REPO","Before_R2\dataset-eurlex\cases\final_human_review_v2\README_FINAL_HUMAN_REVIEW.md",".md","3658","2026-09-12 14:34","F612C7B0C50047EB3749048315D659D0C5A472654782C8E21C89F51904C53213","T5_PRIOR_CODING_OUTPUT","prior_coding_or_review","",""
"F0190","GITHUB_REPO","Before_R2\dataset-eurlex\cases\final_human_review_v2\SUMMARY_STATISTICS.json",".json","1226","2026-09-12 14:34","E2839D0C625C512D09FC6EAA77C4F3E33D4997FFFF62A393BD46533A2366CB98","T5_PRIOR_CODING_OUTPUT","prior_coding_or_review","",""
"F0191","GITHUB_REPO","Before_R2\dataset-eurlex\config\experiment.yaml",".yaml","684","2026-09-12 14:34","2E5951380325BBE83C291832B69CE5026BC75A68F242D87D14B12A93E9B32673","T8_OTHER","other","",""
"F0192","GITHUB_REPO","Before_R2\dataset-eurlex\config\production.yaml",".yaml","3013","2026-09-12 14:34","27D43257A8F439EAFE42572C3F18A5023206C9F37901DDB3BD243CF5B88777EB","T8_OTHER","other","",""
"F0193","GITHUB_REPO","Before_R2\dataset-eurlex\config\project.yaml",".yaml","1253","2026-09-12 14:34","DC85FB2F51897D6FDAFBA30F0137300476BB1B345FD9018AC51FFFED8F99EEB9","T8_OTHER","other","",""
"F0194","GITHUB_REPO","Before_R2\dataset-eurlex\docs\CODEX_WORKFLOW.md",".md","5145","2026-09-12 14:34","E81C964B61B16D3FFD29FA223814757A1B6DBCC8E3D9019EABBBC461E01A5992","T4_METHODOLOGY_DOC","methodology_or_design","",""
"F0195","GITHUB_REPO","Before_R2\dataset-eurlex\docs\RESEARCH_DESIGN.md",".md","3421","2026-09-12 14:34","AE061BDD76D79244ACB25E7C08F79FBCBD26648EC4168C59D82435C95AD773A7","T4_METHODOLOGY_DOC","methodology_or_design","",""
"F0196","GITHUB_REPO","Before_R2\dataset-eurlex\docs\methodology\CASE_SELECTION_MATRIX.md",".md","6162","2026-09-12 14:34","708F42298F56A285CB030FD6599852588CC228DC366ED0FF71F89717CCA3A7B2","T4_METHODOLOGY_DOC","methodology_or_design","",""
"F0197","GITHUB_REPO","Before_R2\dataset-eurlex\docs\methodology\CASE_SELECTION_PROTOCOL.md",".md","2553","2026-09-12 14:34","C292702F088B2649AFEA231C708E34E541525286024F5E0DD0036A2956FAEFBF","T4_METHODOLOGY_DOC","methodology_or_design","",""
"F0198","GITHUB_REPO","Before_R2\dataset-eurlex\docs\methodology\DATA_DICTIONARY.md",".md","4013","2026-09-12 14:34","EBE4DE8EFB6E9DE58829F390405FCDED434FD7875E4C3D980CDF5C2772BE02C1","T4_METHODOLOGY_DOC","methodology_or_design","",""
"F0199","GITHUB_REPO","Before_R2\dataset-eurlex\docs\methodology\ERROR_TAXONOMY.md",".md","2842","2026-09-12 14:34","13D761E1F07EFFC218E2086D16E5254A4212E1EB3980362CB4635489E2E7E6F2","T4_METHODOLOGY_DOC","methodology_or_design","",""
"F0200","GITHUB_REPO","Before_R2\dataset-eurlex\docs\methodology\LEGACY_PILOT_AND_SIMPLIFICATION_NOTE.md",".md","2216","2026-09-12 14:34","20406B98E7FBD18A91C4C7A79D56CD1927B2CB907CD333D6328999336C9226B2","T4_METHODOLOGY_DOC","methodology_or_design","",""
"F0201","GITHUB_REPO","Before_R2\dataset-eurlex\docs\methodology\METHODOLOGY_WORKING_DRAFT_SIMPLIFIED.md",".md","5961","2026-09-12 14:34","BFAB5A71E733E61CDDF91AE34B5AEF55D2DE22973F16F496F3BB14C00B1ABB55","T4_METHODOLOGY_DOC","methodology_or_design","",""
"F0202","GITHUB_REPO","Before_R2\dataset-eurlex\docs\methodology\METHODOLOGY_WORKING_DRAFT_STAGE4.md",".md","4529","2026-09-12 14:34","23660AF2833AEFD546552CC26219F3A12C51DE32FC7C0BAB3431A7993EB2D92B","T4_METHODOLOGY_DOC","methodology_or_design","",""
"F0203","GITHUB_REPO","Before_R2\dataset-eurlex\docs\methodology\METHODOLOGY_WORKING_DRAFT_V1_1.md",".md","13061","2026-09-12 14:34","52FC6509141612518483650BA8DF4F39914664054B13CAA18DBB46F041C67248","T4_METHODOLOGY_DOC","methodology_or_design","",""
"F0204","GITHUB_REPO","Before_R2\dataset-eurlex\docs\methodology\METHODOLOGY_WORKING_DRAFT_V1_3.md",".md","4523","2026-09-12 14:34","5BDE9722958906CDACDACE979DD446CFEF6B3F34A79383BC435306EF9524C524","T4_METHODOLOGY_DOC","methodology_or_design","",""
"F0205","GITHUB_REPO","Before_R2\dataset-eurlex\docs\methodology\PRODUCTION_CHANGELOG.md",".md","13508","2026-09-12 14:34","B5CD6CE3CDC0B505411A43D665172F832B4A1C50EC4B2A002BA987374C3AC8C7","T4_METHODOLOGY_DOC","methodology_or_design","",""
"F0206","GITHUB_REPO","Before_R2\dataset-eurlex\docs\methodology\README.md",".md","938","2026-09-12 14:34","8901D2AD74C0D0C2D618C663830E30B4B725C51EF558F6FC507D61B26FE6F291","T4_METHODOLOGY_DOC","methodology_or_design","",""
"F0207","GITHUB_REPO","Before_R2\dataset-eurlex\docs\methodology\THREE_CASE_SELECTION_NOTE.md",".md","2277","2026-09-12 14:34","A2D2D94C781AEAE52C5A6E2D2FA09A6C8D1B4F20422DF492E6496C73496F8DEC","T4_METHODOLOGY_DOC","methodology_or_design","",""
"F0208","GITHUB_REPO","Before_R2\dataset-eurlex\docs\protocol\EXPERIMENTAL_REFERENCE_MATCHING_PROTOCOL.md",".md","7071","2026-09-12 14:34","0D126ABBD75181613F49EA4521B69438AA087F1B9BB01C5C8D3A5B92F60A803A","T5_PRIOR_CODING_OUTPUT","prior_coding_or_review","",""
"F0209","GITHUB_REPO","Before_R2\dataset-eurlex\docs\protocol\PRE_EXPERIMENT_MANIFEST.yaml",".yaml","6917","2026-09-12 14:34","E0CE4715C12316B2BA37F1760A5929EBB2EA5E4A2A4C14D0A10AD961A7C25270","T4_METHODOLOGY_DOC","methodology_or_design","",""
"F0210","GITHUB_REPO","Before_R2\dataset-eurlex\docs\protocol\PRE_EXPERIMENT_READINESS_AUDIT.md",".md","5810","2026-09-12 14:34","C8A5C99A85119A28CAD578C6A0C40B3E2E4B130B21AB5C994DFEE6912762C3CA","T4_METHODOLOGY_DOC","methodology_or_design","",""
"F0211","GITHUB_REPO","Before_R2\dataset-eurlex\docs\protocol\reference_experimental_crosswalk.md",".md","5664","2026-09-12 14:34","A015F3DA3BDBF0D02725162E1ACC14462E7BC52775DF24E2FB122A3219ED1F34","T5_PRIOR_CODING_OUTPUT","prior_coding_or_review","",""
"F0212","GITHUB_REPO","Before_R2\dataset-eurlex\docs\reproducibility\README.md",".md","542","2026-09-12 14:34","00DEE683B00D288D199D2983ECEA193396A8F0E68B4B71AECB754FEB338A74E6","T4_METHODOLOGY_DOC","methodology_or_design","",""
"F0213","GITHUB_REPO","Before_R2\dataset-eurlex\logs\architecture_update.md",".md","2142","2026-09-12 14:34","2A5E3CD224B39B6571EB09B2D982D795DF07DCB3D499D88613DE53AD184CD72B","T8_OTHER","other","",""
"F0214","GITHUB_REPO","Before_R2\dataset-eurlex\logs\phase_01_source.md",".md","1334","2026-09-12 14:34","226D6FFEF9CA1DECFA6309B4FA4C1BFD8DBA097CBB55610112C0EDE72E681F80","T8_OTHER","other","",""
"F0215","GITHUB_REPO","Before_R2\dataset-eurlex\logs\phase_02_corpus.md",".md","1634","2026-09-12 14:34","342614F08D04495B205130A20C2066E86AC7001DBF11DDA12657A9C34CCAD0E2","T8_OTHER","other","",""
"F0216","GITHUB_REPO","Before_R2\dataset-eurlex\logs\phase_02_postlock_validation.md",".md","1420","2026-09-12 14:34","68501680302001E26C2CD1914399345508DEFAB5CB201F2CE5828F0B6414B321","T8_OTHER","other","",""
"F0217","GITHUB_REPO","Before_R2\dataset-eurlex\logs\phase_03_methodology.md",".md","2720","2026-09-12 14:34","F46D5F271F43D9577A5F7A2B125F6931473D639A1BAE115F58C8B6231E7B3314","T4_METHODOLOGY_DOC","methodology_or_design","",""
"F0218","GITHUB_REPO","Before_R2\dataset-eurlex\logs\phase_03_revision_v1_1.md",".md","5727","2026-09-12 14:34","1E5761B9850BDD9AAE21C0ECBE35F2367035D7438F62ADC93FB3AFD3C21BAEDA","T8_OTHER","other","",""
"F0219","GITHUB_REPO","Before_R2\dataset-eurlex\logs\phase_04_benchmark.md",".md","502","2026-09-12 14:34","44D967765AB0DED04A3711D89165E958576B06E64A958DE6ECE793378F5A12EC","T8_OTHER","other","",""
"F0220","GITHUB_REPO","Before_R2\dataset-eurlex\logs\phase_04_reconstruction_attempt_02.md",".md","3309","2026-09-12 14:34","D54348E7E0E3F9B3F3FFF8F395CA84CEF2DDA0DC1049A801D39DCF3375CECD00","T8_OTHER","other","",""
"F0221","GITHUB_REPO","Before_R2\dataset-eurlex\logs\README.md",".md","90","2026-09-12 14:34","44AF4D52CF926547ECEED1187B2CD9B0ECBC87C6694288F394A18F4A9B0C41D9","T8_OTHER","other","",""
"F0222","GITHUB_REPO","Before_R2\dataset-eurlex\methodology\codebook.md",".md","13981","2026-09-12 14:34","5527F9ECC7575A831F3D90CA14CAA8DFE4DFC1A65641C1B9C1236338625E2B1C","T4_METHODOLOGY_DOC","methodology_or_design","",""
"F0223","GITHUB_REPO","Before_R2\dataset-eurlex\methodology\coding_schema.json",".json","6000","2026-09-12 14:34","C35EA63563239DDB0EE11331D4C84E3BA49BD21B753F8AEBB62526A61949A326","T4_METHODOLOGY_DOC","methodology_or_design","",""
"F0224","GITHUB_REPO","Before_R2\dataset-eurlex\methodology\methodology_manifest.yaml",".yaml","1918","2026-09-12 14:34","DEDF8B916ADCE86C7FA61F9BF17914A6A6F23E4C503B4FD2BDD2D60FCA35132C","T4_METHODOLOGY_DOC","methodology_or_design","",""
"F0225","GITHUB_REPO","Before_R2\dataset-eurlex\methodology\README.md",".md","752","2026-09-12 14:34","4B445EE444D5167FA95AB8174166AC7E584D9B348800D63630F877DB0737F567","T4_METHODOLOGY_DOC","methodology_or_design","",""
"F0226","GITHUB_REPO","Before_R2\dataset-eurlex\methodology\strings.yaml",".yaml","6512","2026-09-12 14:34","4130425FCFA06E6F9705B76EC477EA1B9EEA29BBD21647981C689D4E09ACD318","T4_METHODOLOGY_DOC","methodology_or_design","",""
"F0227","GITHUB_REPO","Before_R2\dataset-eurlex\methodology\production_v1.0\coding_matrix_schema.json",".json","2546","2026-09-12 14:34","10039ECC2D6E824293FBC6ED10928E74B6396172D8480D9BF2C7D29E9233E565","T4_METHODOLOGY_DOC","methodology_or_design","",""
"F0228","GITHUB_REPO","Before_R2\dataset-eurlex\methodology\production_v1.0\researcher_review_matrix_schema.json",".json","2022","2026-09-12 14:34","8AC56EA6AA40307258B942F69A6D936DAE88321CD959412AC3A23BED8B719144","T4_METHODOLOGY_DOC","methodology_or_design","",""
"F0229","GITHUB_REPO","Before_R2\dataset-eurlex\methodology\production_v1.1\coding_matrix_schema.json",".json","5899","2026-09-12 14:34","F08AF740FE2A57181DC90B449D7A29A9BF19E8B36845D56ECC04404A0FF56F83","T4_METHODOLOGY_DOC","methodology_or_design","",""
"F0230","GITHUB_REPO","Before_R2\dataset-eurlex\methodology\production_v1.1\validate_production_logic.py",".py","7809","2026-09-12 14:34","9B44ED3996D8239E41FE535F1AEBACF2D108454874ACCF63CDB215F023565753","T4_METHODOLOGY_DOC","methodology_or_design","",""
"F0231","GITHUB_REPO","Before_R2\dataset-eurlex\methodology\v1.1.0\codebook.md",".md","13755","2026-09-12 14:34","C160E153907A786C04070CB09F6E9BAA11DE709A4432A5F89EBE375A8A7EB472","T4_METHODOLOGY_DOC","methodology_or_design","",""
"F0232","GITHUB_REPO","Before_R2\dataset-eurlex\methodology\v1.1.0\experimental_output_schema.json",".json","2307","2026-09-12 14:34","AAA0C351836120CADEF86D051EF8D950675577AFBABEFD5AC5D3931F33AE875C","T4_METHODOLOGY_DOC","methodology_or_design","",""
"F0233","GITHUB_REPO","Before_R2\dataset-eurlex\methodology\v1.1.0\methodology_manifest.yaml",".yaml","3612","2026-09-12 14:34","4BB92019F932A836707D81D087503B60913B3770CDC3881B05FC0662D036FB00","T4_METHODOLOGY_DOC","methodology_or_design","",""
"F0234","GITHUB_REPO","Before_R2\dataset-eurlex\methodology\v1.1.0\reference_coding_schema.json",".json","6819","2026-09-12 14:34","ABBC4325A5E749CF31836FB24314C27ED22061D6E6539FB435FCE8236D5AD2EC","T5_PRIOR_CODING_OUTPUT","prior_coding_or_review","",""
"F0235","GITHUB_REPO","Before_R2\dataset-eurlex\methodology\v1.1.0\strings.yaml",".yaml","2860","2026-09-12 14:34","242C288DB010320619A0CDB58C38CB73C6BE8AA499497CCFAE7BFBFC33F34305","T4_METHODOLOGY_DOC","methodology_or_design","",""
"F0236","GITHUB_REPO","Before_R2\dataset-eurlex\methodology\v1.1.1\experimental_output_schema.json",".json","1998","2026-09-12 14:34","7DAF8A24AAB48542533C168BA403902C3F504ED7705C5A818191EFFA6638D750","T4_METHODOLOGY_DOC","methodology_or_design","",""
"F0237","GITHUB_REPO","Before_R2\dataset-eurlex\methodology\v1.1.1\methodology_manifest.yaml",".yaml","887","2026-09-12 14:34","3A52D4C74AA7E5917F8B05A0CBFB8F339F26DF31D9442E626A4C90C66ADE258A","T4_METHODOLOGY_DOC","methodology_or_design","",""
"F0238","GITHUB_REPO","Before_R2\dataset-eurlex\methodology\v1.1.1\README.md",".md","803","2026-09-12 14:34","C259652F2C50CDEF7E55911E52504A6B315C2066ADBC1F5224EDA215FB6DEAB6","T4_METHODOLOGY_DOC","methodology_or_design","",""
"F0239","GITHUB_REPO","Before_R2\dataset-eurlex\methodology\v1.1.2\experimental_output_schema.json",".json","2111","2026-09-12 14:34","1F5CC0C53E6F74FFF321BE414D551C2E675495FD278F55AB4302A92D5E427314","T4_METHODOLOGY_DOC","methodology_or_design","",""
"F0240","GITHUB_REPO","Before_R2\dataset-eurlex\methodology\v1.1.2\methodology_manifest.yaml",".yaml","973","2026-09-12 14:34","034D64A7BD3414EDD21C1B89BA50A9AF3796D930BB8CE27B374747169CC855DA","T4_METHODOLOGY_DOC","methodology_or_design","",""
"F0241","GITHUB_REPO","Before_R2\dataset-eurlex\methodology\v1.1.2\README.md",".md","1028","2026-09-12 14:34","AE9F8446A8EF32D510984A0483E871F82B6DB7755A8B7AD0F3CEBFE8E694CCBB","T4_METHODOLOGY_DOC","methodology_or_design","",""
"F0242","GITHUB_REPO","Before_R2\dataset-eurlex\outputs\CLAUDE_THREE_CASE_PRIMARY_CODING_NOTE.md",".md","8944","2026-09-12 14:34","5C1A7B66D834893ABB6BD7434F5F65CBD07B8C48CC22745F41E09EB97ECC2F7F","T5_PRIOR_CODING_OUTPUT","prior_coding_or_review","",""
"F0243","GITHUB_REPO","Before_R2\dataset-eurlex\outputs\LUNA_SECONDARY_REVIEW_NOTE.md",".md","4500","2026-09-12 14:34","7472FEC36AB43DD83D25EBD89E147D76A60A5BA8CFBDF6EE79DFC739703FADDC","T5_PRIOR_CODING_OUTPUT","prior_coding_or_review","",""
"F0244","GITHUB_REPO","Before_R2\dataset-eurlex\outputs\PRIMARY_INTERPRETIVE_READER_V1_1_THREE_CASE_NOTE.md",".md","9156","2026-09-12 14:34","BFE11CC664E5B5ACFDD8E6E8D8FE5CFAEA5928D242BD8D7BD2478C13EED51FFC","T5_PRIOR_CODING_OUTPUT","prior_coding_or_review","",""
"F0245","GITHUB_REPO","Before_R2\dataset-eurlex\outputs\REGULATORY_INTERMEDIARIES_3_CASES_REVIEW.csv",".csv","76541","2026-09-12 14:34","150906C6909B68B3FB31B8DBF06CE6D58BA2B959F601D430F04D9D4ABA88AEA7","T5_PRIOR_CODING_OUTPUT","prior_coding_or_review","",""
"F0246","GITHUB_REPO","Before_R2\dataset-eurlex\outputs\RESEARCHER_PRIORITY_REVIEW.csv",".csv","46673","2026-09-12 14:34","3B0334B5683DBF8C38784D384FEDB744B1AC6DA7177A534FC8B1E4C7BAEC2590","T5_PRIOR_CODING_OUTPUT","prior_coding_or_review","",""
"F0247","GITHUB_REPO","Before_R2\dataset-eurlex\prompts\ETAPA_01_FONTE.md",".md","2354","2026-09-12 14:34","38848C2DBCE235067BFBA954BF0FF6F19D77DEA495A4CB19F564FE8FB99B5B89","T4_PROMPT","prompt","",""
"F0248","GITHUB_REPO","Before_R2\dataset-eurlex\prompts\ETAPA_02_CORPUS.md",".md","1661","2026-09-12 14:34","A73BF4E1B85D54F7D36544B020A17C040734D5044A43535884F4245073D9FE27","T4_PROMPT","prompt","",""
"F0249","GITHUB_REPO","Before_R2\dataset-eurlex\prompts\ETAPA_03_METODOLOGIA.md",".md","2205","2026-09-12 14:34","822BD6CC9FA406C7889F25B45733455F51DCF407E6261D2F7CCB44E938338F7B","T4_PROMPT","prompt","",""
"F0250","GITHUB_REPO","Before_R2\dataset-eurlex\prompts\ETAPA_04_BENCHMARK.md",".md","2722","2026-09-12 14:34","0A17664E14F863933A39A63561826DD3B8E05FA49DB95311DA1D6800694B80CD","T4_PROMPT","prompt","",""
"F0251","GITHUB_REPO","Before_R2\dataset-eurlex\prompts\ETAPA_05_REFERENCE_LOCK.md",".md","1170","2026-09-12 14:34","DF55EC18171617E4F917319440451F5680BEFE0F9CDED5A0BFAA218E075147A7","T5_PRIOR_CODING_OUTPUT","prior_coding_or_review","",""
"F0252","GITHUB_REPO","Before_R2\dataset-eurlex\prompts\ETAPA_06_G0_G1_G2.md",".md","2370","2026-09-12 14:34","8C63521EAF3BB4FD3B78846B9B057D4F50FF88FF810A99AF5A00AD42F298EA78","T4_PROMPT","prompt","",""
"F0253","GITHUB_REPO","Before_R2\dataset-eurlex\prompts\ETAPA_07_COMPARACAO.md",".md","1667","2026-09-12 14:34","FD738D772E51D5114800DD7A65E06C6A7D61290E7595D37C50807145246191C0","T4_PROMPT","prompt","",""
"F0254","GITHUB_REPO","Before_R2\dataset-eurlex\prompts\ETAPA_08_RELATORIO.md",".md","1908","2026-09-12 14:34","5162B96376F2EB06DB0EF9D181BA1569DD2B10AB285F08AC0AE31F3E39C35863","T4_PROMPT","prompt","",""
"F0255","GITHUB_REPO","Before_R2\dataset-eurlex\prompts\production\CLAUDE_PRIMARY_CODER.md",".md","6205","2026-09-12 14:34","71BE0E041683356B98D6962FA534EF7E58010AFDDA079DF70C0DD1A0CDE5531B","T4_PROMPT","prompt","",""
"F0256","GITHUB_REPO","Before_R2\dataset-eurlex\prompts\production\LUNA_SECONDARY_REVIEWER.md",".md","3903","2026-09-12 14:34","005E80A11F7316F08A14B1D73E1986AAC0696AA1E0BE9991CA6EACD377128927","T5_PRIOR_CODING_OUTPUT","prior_coding_or_review","",""
"F0257","GITHUB_REPO","Before_R2\dataset-eurlex\prompts\production\PRIMARY_INTERPRETIVE_READER.md",".md","20957","2026-09-12 14:34","05BDEC4C53F61358EE453039BAFC1B090631C0208D9615136D335A978C8BF8C7","T4_PROMPT","prompt","",""
"F0258","GITHUB_REPO","Before_R2\dataset-eurlex\prompts\production\SECONDARY_CRITICAL_REVIEWER.md",".md","4956","2026-09-12 14:34","BCC3751C1E1185E68C926EBFC4B9BD0713060CA5102C5B21C88EEE180119E00E","T5_PRIOR_CODING_OUTPUT","prior_coding_or_review","",""
"F0259","GITHUB_REPO","Before_R2\dataset-eurlex\scripts\build_final_human_review_v2.py",".py","36452","2026-09-12 14:34","AD2593A69127672E12F608239BD65519AEC3D327106464012C5734074B9CEE0A","T5_PRIOR_CODING_OUTPUT","prior_coding_or_review","",""
"F0260","GITHUB_REPO","Before_R2\dataset-eurlex\scripts\build_luna_review.py",".py","36814","2026-09-12 14:34","22B87B8B4C1EF388BEB0C8347D9BDD1798DB67FB8EF014945F085C9675FA28AF","T7_SCRIPT_OR_TEST","code","",""
"F0261","GITHUB_REPO","Before_R2\dataset-eurlex\scripts\experimental\_common.py",".py","7849","2026-09-12 14:34","FD3CA06D97160FD0AA704B9A9C6C63C38266B7E41F0D2F8F3AB72748745F32C0","T7_SCRIPT_OR_TEST","code","",""
"F0262","GITHUB_REPO","Before_R2\dataset-eurlex\scripts\experimental\build_error_taxonomy.py",".py","818","2026-09-12 14:34","4F9BF22F09E24F54298150DE7448C521056568F34BBDEEF9F995C2995BF23251","T7_SCRIPT_OR_TEST","code","",""
"F0263","GITHUB_REPO","Before_R2\dataset-eurlex\scripts\experimental\compare_G0_G1_G2.py",".py","1151","2026-09-12 14:34","3CD6F8CBEE29C76416F75BE41B6551B0993993C90CEE7920883097F1CA1B5FAE","T7_SCRIPT_OR_TEST","code","",""
"F0264","GITHUB_REPO","Before_R2\dataset-eurlex\scripts\experimental\compare_run_to_reference.py",".py","900","2026-09-12 14:34","1B7B74257308752E6545F5CD1C4EEB75E13EFE1CAF732B019C50EAB21B5E329D","T7_SCRIPT_OR_TEST","code","",""
"F0265","GITHUB_REPO","Before_R2\dataset-eurlex\scripts\experimental\validate_experimental_output.py",".py","2554","2026-09-12 14:34","E2792C500388FBB7DFCCCDCC27CEF61DD464758F03908BD8C9359BC07FE786A9","T7_SCRIPT_OR_TEST","code","",""
"F0266","GITHUB_REPO","Before_R2\dataset-eurlex\tests\__init__.py",".py","56","2026-09-12 14:34","08C48A328D7CB9E09961C0D7ADE945989C78298BF7BB6116E1627FC250296453","T7_SCRIPT_OR_TEST","code","",""
"F0267","GITHUB_REPO","Before_R2\dataset-eurlex\tests\test_experimental_pipeline.py",".py","6341","2026-09-12 14:34","874C9C67C48300F9ECAEC1929EE3287E50AF04CFA622128005001D278989724B","T7_SCRIPT_OR_TEST","code","",""
"F0268","GITHUB_REPO","Before_R2\dataset-eurlex\tests\fixtures\experimental_mock.json",".json","1319","2026-09-12 14:34","B5EA8EA031482926D2C53BD73BDC3DCFF5B0B6DD8FECABF92E63DC5416B7B82D","T7_SCRIPT_OR_TEST","code","",""
"F0269","GITHUB_REPO","Before_R2\dataset-eurlex\tests\fixtures\reference_mock.json",".json","679","2026-09-12 14:34","A43ED91740913CE64C1C3F133D7CEBD989BB97231DB42B49B88844B3D3453900","T5_PRIOR_CODING_OUTPUT","prior_coding_or_review","",""
"F0270","GITHUB_REPO","Before_R2\dataset-eurlex-cleanroom\AGENTS.md",".md","6109","2026-09-12 14:34","CB0982B78134209E81B4E2F1D52E5994FE922374B5FF47D2A8D5BFEDD90E3E38","T8_OTHER","other","",""
"F0271","GITHUB_REPO","Before_R2\dataset-eurlex-cleanroom\README.md",".md","3615","2026-09-12 14:34","BF796DF6F18728F0FEADFAC17A4F4B618A468FFF4122B28C9DAD97D43FF6C056","T8_OTHER","other","",""
"F0272","GITHUB_REPO","Before_R2\dataset-eurlex-cleanroom\cases\README.md",".md","924","2026-09-12 14:34","1C0DDADE7CD07564B9D1D4A93E9386F5AC372F117A8ECDFA5B4A103B844878B2","T8_OTHER","other","",""
"F0273","GITHUB_REPO","Before_R2\dataset-eurlex-cleanroom\cases\case_01\corpus\act_full.md",".md","64344","2026-09-12 14:34","3E6E719E9F16B90DB78959EA3C3BEB8FF46AAD2793978731F0376CBF62599545","T3_DERIVED_CORPUS","normalized_corpus","",""
"F0274","GITHUB_REPO","Before_R2\dataset-eurlex-cleanroom\cases\case_01\corpus\act_operative.md",".md","31330","2026-09-12 14:34","1A398D8985C14903536AFDC0D4060A398BD535578108C390CB330019F0470FD9","T3_DERIVED_CORPUS","normalized_corpus","",""
"F0275","GITHUB_REPO","Before_R2\dataset-eurlex-cleanroom\cases\case_01\corpus\act_recitals.md",".md","32374","2026-09-12 14:34","66FF98BAECBD77CDD0845F5CF38135FD70F6CCE02B88D2A0C3675EECBEF8DBCF","T3_DERIVED_CORPUS","normalized_corpus","",""
"F0276","GITHUB_REPO","Before_R2\dataset-eurlex-cleanroom\cases\case_01\corpus\corpus_manifest.yaml",".yaml","854","2026-09-12 14:34","3CD45509CEA55A331EBC25CB0DA8330A47BA2C88F5C7D596942274CAA51FC4FC","T2_PROVENANCE_MANIFEST","provenance_or_registry","",""
"F0277","GITHUB_REPO","Before_R2\dataset-eurlex-cleanroom\cases\case_01\source\act_official.xhtml",".xhtml","151943","2026-09-12 14:34","8BBE15AF032AF1A3950CF1E42BEAD62E0C816AFBF56DCED883ECECB604DA6075","T1_AUTHORITATIVE_LEGAL_SOURCE","legal_source_xhtml","DUP048",""
"F0278","GITHUB_REPO","Before_R2\dataset-eurlex-cleanroom\cases\case_01\source\source_manifest.yaml",".yaml","1131","2026-09-12 14:34","0907C80D1F490FA0F95745CAED84BCFDA90CB6D1B3923E11B6B4E6BDFC314CD6","T2_PROVENANCE_MANIFEST","provenance_or_registry","",""
"F0279","GITHUB_REPO","Before_R2\dataset-eurlex-cleanroom\cases\case_02\corpus\act_full.md",".md","169827","2026-09-12 14:34","E3DB2574F3EA1B3B083BD5015D2693819FCD4298680F50E016493015E79E9AC0","T3_DERIVED_CORPUS","normalized_corpus","",""
"F0280","GITHUB_REPO","Before_R2\dataset-eurlex-cleanroom\cases\case_02\corpus\act_operative.md",".md","120166","2026-09-12 14:34","82E252E4C2EB57C3C2CAECD0DD61F1B9D09BD9E7D7CC0BAD716052F51DF16D6F","T3_DERIVED_CORPUS","normalized_corpus","",""
"F0281","GITHUB_REPO","Before_R2\dataset-eurlex-cleanroom\cases\case_02\corpus\act_recitals.md",".md","48956","2026-09-12 14:34","CB4EFA64E85EC6161EF38360FC49728512200008D1D88D130BAE521DC11CD421","T3_DERIVED_CORPUS","normalized_corpus","",""
"F0282","GITHUB_REPO","Before_R2\dataset-eurlex-cleanroom\cases\case_02\corpus\corpus_manifest.yaml",".yaml","856","2026-09-12 14:34","F6BBC0D6B2EEAC437F7D14564285B51BF3745951497F8FE3355058DEB5A81317","T2_PROVENANCE_MANIFEST","provenance_or_registry","",""
"F0283","GITHUB_REPO","Before_R2\dataset-eurlex-cleanroom\cases\case_02\source\act_official.xhtml",".xhtml","496976","2026-09-12 14:34","C47E2793E7B92333CE9A891ABA18924FF21B15B2745FFFDA98348B04B15A770E","T1_AUTHORITATIVE_LEGAL_SOURCE","legal_source_xhtml","","HASH_MISMATCH_WITH_PRODUCTION_COPY: separate CELLAR download (2026-09-09) differs from production XHTML (2026-09-07); see audit"
"F0284","GITHUB_REPO","Before_R2\dataset-eurlex-cleanroom\cases\case_02\source\source_manifest.yaml",".yaml","1030","2026-09-12 14:34","D137EBEE4B4C513ECC8F7E1DF3E10DA89BD88B75AF6A93AE71C88CAE9F54FA3C","T2_PROVENANCE_MANIFEST","provenance_or_registry","",""
"F0285","GITHUB_REPO","Before_R2\dataset-eurlex-cleanroom\cases\case_03\corpus\act_full.md",".md","168670","2026-09-12 14:34","02486CA4F9822535056CE28A48B883A24525EA9389C6E9DB8B8B944413F1BD7C","T3_DERIVED_CORPUS","normalized_corpus","",""
"F0286","GITHUB_REPO","Before_R2\dataset-eurlex-cleanroom\cases\case_03\corpus\act_operative.md",".md","100338","2026-09-12 14:34","CC92F49F9452A029F0E6F4DECBD8613AA550AE768C9DC53CFD151C42768664EB","T3_DERIVED_CORPUS","normalized_corpus","",""
"F0287","GITHUB_REPO","Before_R2\dataset-eurlex-cleanroom\cases\case_03\corpus\act_recitals.md",".md","67813","2026-09-12 14:34","A61B0BE986F9277631BF59BA37626473130D2CF2A071A37B8C9B338583515B52","T3_DERIVED_CORPUS","normalized_corpus","",""
"F0288","GITHUB_REPO","Before_R2\dataset-eurlex-cleanroom\cases\case_03\corpus\corpus_manifest.yaml",".yaml","856","2026-09-12 14:34","6297C4CD17FEFA4CD4868AAC3C1867E95A6B67A11E27D61360F2A60E73160A04","T2_PROVENANCE_MANIFEST","provenance_or_registry","",""
"F0289","GITHUB_REPO","Before_R2\dataset-eurlex-cleanroom\cases\case_03\source\act_official.xhtml",".xhtml","387997","2026-09-12 14:34","FC30A30A1B6701800AD8ABEB63E1D606769A4128BC97DDB2E481EE4BF6057259","T1_AUTHORITATIVE_LEGAL_SOURCE","legal_source_xhtml","","HASH_MISMATCH_WITH_PRODUCTION_COPY: separate CELLAR download (2026-09-09) differs from production XHTML (2026-09-07); see audit"
"F0290","GITHUB_REPO","Before_R2\dataset-eurlex-cleanroom\cases\case_03\source\source_manifest.yaml",".yaml","1192","2026-09-12 14:34","892C8E2D4E2D78FDCCAB1F9E83129B4DF35234AA76B36CDBBEBA606C54E20CF2","T2_PROVENANCE_MANIFEST","provenance_or_registry","",""
"F0291","GITHUB_REPO","Before_R2\dataset-eurlex-cleanroom\config\case_registry.yaml",".yaml","2002","2026-09-12 14:34","E528DF757FCBAE682B8CF583F3300B80673193C6A49F9B1A54C183F90FAF1EC4","T2_PROVENANCE_MANIFEST","provenance_or_registry","",""
"F0292","GITHUB_REPO","Before_R2\dataset-eurlex-cleanroom\dataset\README.md",".md","423","2026-09-12 14:34","D2EB4CBAEA893609AF279D3BD7E22E1F2D853A283D07DCE1F5FC1378BA6F1F94","T8_OTHER","other","",""
"F0293","GITHUB_REPO","Before_R2\dataset-eurlex-cleanroom\logs\phase_01_source.md",".md","1348","2026-09-12 14:34","EBF776F2FA29DDBB6830E0A3079BF3D5EDCACD03DB739A88F791A7FDD38FFBBC","T8_OTHER","other","",""
"F0294","GITHUB_REPO","Before_R2\dataset-eurlex-cleanroom\logs\phase_02_corpus.md",".md","2530","2026-09-12 14:34","C383CF983257A3F0F46CA92B8CC0C35C4D81B5F555C6735442BDA7E967BF0BC9","T8_OTHER","other","",""
"F0295","GITHUB_REPO","Before_R2\dataset-eurlex-cleanroom\logs\STATE.md",".md","975","2026-09-12 14:34","5189FF05DD3703CAAB49CEAD85A5C6861162B2AC8117D96BA42757DA79290FBE","T8_OTHER","other","",""
"F0296","GITHUB_REPO","Before_R2\dataset-eurlex-cleanroom\methodology\README.md",".md","420","2026-09-12 14:34","141B12ED964F5B7B731990FCA90AEDCBBDFF4C508AF132600751F15067C2243B","T4_METHODOLOGY_DOC","methodology_or_design","",""
"F0297","GITHUB_REPO","Before_R2\dataset-eurlex-cleanroom\prompts\README.md",".md","346","2026-09-12 14:34","CBCC89E2915D58F2D5516E7BDA066994737D3CD82D12E3652E6F96E7D5A66629","T4_PROMPT","prompt","",""
"F0298","GITHUB_REPO","Before_R2\dataset-eurlex-cleanroom\scripts\acquire_source.py",".py","4592","2026-09-12 14:34","F1A72BE9A0B6E7E1A29E33FB284688B790E15E5D09D6068D58F5765FACEF8A0C","T7_SCRIPT_OR_TEST","code","",""
"F0299","GITHUB_REPO","Before_R2\dataset-eurlex-cleanroom\scripts\normalize_corpus.py",".py","15780","2026-09-12 14:34","4E6128A0DE503DFC23194621F00546821B012B332040D57E10D4322DF0773EC7","T7_SCRIPT_OR_TEST","code","",""
"F0300","GITHUB_REPO","Before_R2\dataset-eurlex-cleanroom\scripts\README.md",".md","715","2026-09-12 14:34","E25AAF2A4E40AC9C46D4E97DBBADB2139DDE3D2D1CA8ACD83BF9A028B026DE3B","T8_OTHER","other","",""
"F0301","GITHUB_REPO","Before_R2\dataset-eurlex-cleanroom\scripts\validate_corpus.py",".py","6847","2026-09-12 14:34","4A475C8EB0385709A89FC8092F265D86680E3D814F3E6EF5A187F438CB765BEF","T7_SCRIPT_OR_TEST","code","",""
"F0302","GITHUB_REPO","Before_R2\dataset-eurlex-cleanroom\tests\test_corpus_validation.py",".py","3743","2026-09-12 14:34","8B794998F98172C82CF58D7A83F9E544D031D608433BC5414F68E5E3FE1E0147","T7_SCRIPT_OR_TEST","code","",""
"F0303","GITHUB_REPO","Before_R2\Estudos Preliminares e testes\Entrega-02\ARTIGO_VALIDACAO.docx",".docx","807665","2026-09-12 14:34","D766EB320CC41D0114E1938B943353E27A6D602CD7B9CA1D6E21CEB8567067B2","T6_THEORY_OR_LEGACY_INPUT","theory_input_or_legacy_poc","DUP076","LEGACY_POC"
"F0304","GITHUB_REPO","Before_R2\Estudos Preliminares e testes\Entrega-02\ARTIGO_VALIDACAO.qmd",".qmd","17597","2026-09-12 14:34","0B322C4BAF06CADF3ECDC5505E373C4AB7035C36D4B8A579B67249F7904BEA73","T6_THEORY_OR_LEGACY_INPUT","theory_input_or_legacy_poc","DUP003","LEGACY_POC"
"F0305","GITHUB_REPO","Before_R2\Estudos Preliminares e testes\Entrega-02\CHANGELOG_v3.md",".md","4995","2026-09-12 14:34","6B35F9D0B291D1A6A2F3BFE61697ECCE282D3E2348262C4F119CBD6C3C554557","T6_THEORY_OR_LEGACY_INPUT","theory_input_or_legacy_poc","DUP034","LEGACY_POC"
"F0306","GITHUB_REPO","Before_R2\Estudos Preliminares e testes\Entrega-02\DATA_DICTIONARY_v3.md",".md","16928","2026-09-12 14:34","02B26D77F0C185C34B562D8DA46E5728911D08A80205EB93EC423960648F86DC","T4_METHODOLOGY_DOC","methodology_or_design","DUP001","LEGACY_POC"
"F0307","GITHUB_REPO","Before_R2\Estudos Preliminares e testes\Entrega-02\METHODOLOGY_v3.md",".md","4029","2026-09-12 14:34","488C8B4D59C0B077F83E109CFA00BF806ECE3105AEBD44B2F04163860A174E13","T4_METHODOLOGY_DOC","methodology_or_design","DUP021","LEGACY_POC"
"F0308","GITHUB_REPO","Before_R2\Estudos Preliminares e testes\Entrega-02\RELATIONSHIP_VALIDATION_PROTOCOL_v3.md",".md","2938","2026-09-12 14:34","B579C4C908DC6CFB3BF34E124D22F39F53F047D4B06326B34BE0D00C52136B04","T4_METHODOLOGY_DOC","methodology_or_design","DUP062","LEGACY_POC"
"F0309","GITHUB_REPO","Before_R2\Estudos Preliminares e testes\Entrega-02\RELATORIO_FINAL_APRESENTACAO.docx",".docx","810035","2026-09-12 14:34","DEF51D5B55552E4A703AECA8FFD8335282FC5E467FA47A07E7BF8E9331D0FA6B","T6_THEORY_OR_LEGACY_INPUT","theory_input_or_legacy_poc","DUP080","LEGACY_POC"
"F0310","GITHUB_REPO","Before_R2\Estudos Preliminares e testes\Entrega-02\RELATORIO_FINAL_APRESENTACAO.qmd",".qmd","21208","2026-09-12 14:34","60154EC4D42677045F6A4D3E27372BA3A780B491AEFDBDB9D7CAC7776384645E","T6_THEORY_OR_LEGACY_INPUT","theory_input_or_legacy_poc","DUP030","LEGACY_POC"
"F0311","GITHUB_REPO","Before_R2\Estudos Preliminares e testes\Entrega-02\RESEARCH_NOTE_v3.docx",".docx","15480","2026-09-12 14:34","C73FE8024902EEC85F009A72B116091445CFE4F4BE0CDC7E9335494677E279D4","T6_THEORY_OR_LEGACY_INPUT","theory_input_or_legacy_poc","DUP071","LEGACY_POC"
"F0312","GITHUB_REPO","Before_R2\Estudos Preliminares e testes\Entrega-02\RESEARCH_NOTE_v3.md",".md","7603","2026-09-12 14:34","E9116D431E8F97EBC19AFBEBB9FD8239E7E734DD18A0A0094221AE2C5F9D250B","T6_THEORY_OR_LEGACY_INPUT","theory_input_or_legacy_poc","DUP084","LEGACY_POC"
"F0313","GITHUB_REPO","Before_R2\Estudos Preliminares e testes\Entrega-02\RIT_CODEBOOK_v3.md",".md","8032","2026-09-12 14:34","991AE3BF2EFE3ED9702969B8E6818A84C7BB7A22E65244AE963154C62869DB3B","T4_METHODOLOGY_DOC","methodology_or_design","DUP049","LEGACY_POC"
"F0314","GITHUB_REPO","Before_R2\Estudos Preliminares e testes\Entrega-02\SCREENING_CODEBOOK_v3.md",".md","2606","2026-09-12 14:34","700AE661BF0C6C48C0E52124DA7582F63C1135453C85BD068320826DEF3C390D","T4_METHODOLOGY_DOC","methodology_or_design","DUP036","LEGACY_POC"
"F0315","GITHUB_REPO","Before_R2\Estudos Preliminares e testes\Entrega-02\SCREENING_VALIDATION_v3.md",".md","2089","2026-09-12 14:34","1F8F9DD367AD79D10E80A3714BEA234FE39B5A3C9E9B5E69B39961ADA5FE92D5","T6_THEORY_OR_LEGACY_INPUT","theory_input_or_legacy_poc","DUP012","LEGACY_POC"
"F0316","GITHUB_REPO","Before_R2\Estudos Preliminares e testes\Entrega-02\VARIABLE_MAP_v3.md",".md","5196","2026-09-12 14:34","FBD77C0A805C0A19B00C2FCCF4E97A01DB2EAD36B67341156C2D82D4BDC34E38","T4_METHODOLOGY_DOC","methodology_or_design","DUP091","LEGACY_POC"
"F0317","GITHUB_REPO","Before_R2\Estudos Preliminares e testes\Entrega-02\data\actors_v3.csv",".csv","2062","2026-09-12 14:34","99EF4296D04EE7D017A2AABCA3E69A96D3961FD93EC4AE2F7C723C9C361B87D4","T5_PRIOR_CODING_OUTPUT","prior_coding_or_review","DUP050","LEGACY_POC"
"F0318","GITHUB_REPO","Before_R2\Estudos Preliminares e testes\Entrega-02\data\candidate_adjudications_v3.csv",".csv","7027","2026-09-12 14:34","C2073214A52995FDE5588678E3D505AAB79FBE4E815A19518ADF72A00DBF712F","T5_PRIOR_CODING_OUTPUT","prior_coding_or_review","DUP068","LEGACY_POC"
"F0319","GITHUB_REPO","Before_R2\Estudos Preliminares e testes\Entrega-02\data\rit_relationships_v3.csv",".csv","3607","2026-09-12 14:34","1B33C14A96B7196D82411F77A244A4EBAADC23DFB23C6A82B2825B35CFAF946A","T5_PRIOR_CODING_OUTPUT","prior_coding_or_review","DUP011","LEGACY_POC"
"F0320","GITHUB_REPO","Before_R2\Estudos Preliminares e testes\Entrega-02\data\screening_hits_v3.csv",".csv","487448","2026-09-12 14:34","80A750C74E45E9A1074FCF1885B83F724898571B3D7A128E1CE955CDB1C565DB","T5_PRIOR_CODING_OUTPUT","prior_coding_or_review","DUP042","LEGACY_POC"
"F0321","GITHUB_REPO","Before_R2\Estudos Preliminares e testes\Entrega-02\data\raw_html\climate_benchmarks_raw.html",".html","110826","2026-09-12 14:34","7CDF0EDD84175A73D4E6A1DBEA05D0A4DC29A1D9C28EA6AFBB7EC0BC6BFE2794","T6_THEORY_OR_LEGACY_INPUT","theory_input_or_legacy_poc","DUP041","LEGACY_POC"
"F0322","GITHUB_REPO","Before_R2\Estudos Preliminares e testes\Entrega-02\data\raw_html\csrd_raw.html",".html","634105","2026-09-12 14:34","FFA53B67A61DFD318C387B6DC2A0F5E674C433D0197490DC1F6EEF9DBE89508E","T6_THEORY_OR_LEGACY_INPUT","theory_input_or_legacy_poc","DUP092","LEGACY_POC"
"F0323","GITHUB_REPO","Before_R2\Estudos Preliminares e testes\Entrega-02\data\raw_html\ecolabel_raw.html",".html","213816","2026-09-12 14:34","476DAE9D0686C54CB959FF725770A5DD087BDA97838BDD665D31B662B0C44F0A","T6_THEORY_OR_LEGACY_INPUT","theory_input_or_legacy_poc","DUP020","LEGACY_POC"
"F0324","GITHUB_REPO","Before_R2\Estudos Preliminares e testes\Entrega-02\data\raw_html\ets_verification_raw.html",".html","437843","2026-09-12 14:34","77FFF0A72784D355CF8D64CDFCD4051523F4CDD9F0C7DA332B5BC09FA8C96D65","T6_THEORY_OR_LEGACY_INPUT","theory_input_or_legacy_poc","DUP040","LEGACY_POC"
"F0325","GITHUB_REPO","Before_R2\Estudos Preliminares e testes\Entrega-02\figures\fig1_conceptual_framework.png",".png","166031","2026-09-12 14:34","2651F6C974F868E23BDFC0D40C904D29E0DA7486DD9AB872BCCCCD0B2D8B68A2","T6_THEORY_OR_LEGACY_INPUT","theory_input_or_legacy_poc","DUP017","LEGACY_POC"
"F0326","GITHUB_REPO","Before_R2\Estudos Preliminares e testes\Entrega-02\figures\fig2_three_stage_pipeline.png",".png","188490","2026-09-12 14:34","4C86B378A1EBA419BE990A142962F7E31677453E7944E7D0DAF8C6A92DAD5BDB","T6_THEORY_OR_LEGACY_INPUT","theory_input_or_legacy_poc","DUP022","LEGACY_POC"
"F0327","GITHUB_REPO","Before_R2\Estudos Preliminares e testes\Entrega-02\figures\fig3_rit_relationship_map.png",".png","313126","2026-09-12 14:34","0FA0811C7D08390C4B47AFE408CD23F2394F8F5E52AF661A2514E60FDD98E016","T6_THEORY_OR_LEGACY_INPUT","theory_input_or_legacy_poc","DUP006","LEGACY_POC"
"F0328","GITHUB_REPO","Before_R2\Estudos Preliminares e testes\Entrega-02\figures\fig4_data_summary.png",".png","192096","2026-09-12 14:34","F92A949CC59BC48ECED5168635A140065D8D3C667259298E81F4A297F526229D","T6_THEORY_OR_LEGACY_INPUT","theory_input_or_legacy_poc","DUP089","LEGACY_POC"
"F0329","GITHUB_REPO","Before_R2\Estudos Preliminares e testes\Entrega-02\scripts\collect.py",".py","1126","2026-09-12 14:34","50972DA1A316F9103DBC8F9EEEAF85ACD06E18CAB3BD6748B73450D97CF501F7","T7_SCRIPT_OR_TEST","code","DUP023","LEGACY_POC"
"F0330","GITHUB_REPO","Before_R2\Estudos Preliminares e testes\Entrega-02\scripts\screening_v3.py",".py","8436","2026-09-12 14:34","BFE13D0DDF7C3164DFEA83351C83B2D74272366DD27115CDF287EFDA77F0702F","T7_SCRIPT_OR_TEST","code","DUP064","LEGACY_POC"
"F0331","GITHUB_REPO","Before_R2\Estudos Preliminares e testes\Entrega-03\AI_CODING_PROTOCOL.md",".md","6803","2026-09-12 14:34","20A7558571F01EA2553DE24EACF7DCAC74B3274DED06A5A701A042232F343042","T4_METHODOLOGY_DOC","methodology_or_design","DUP013","LEGACY_POC"
"F0332","GITHUB_REPO","Before_R2\Estudos Preliminares e testes\Entrega-03\CHANGELOG_v4.md",".md","4176","2026-09-12 14:34","18C5C3BC4BDF576FD2F641C6D7D2A6AC75105C26BCB5DB901A177FA2FF120BD7","T6_THEORY_OR_LEGACY_INPUT","theory_input_or_legacy_poc","","LEGACY_POC"
"F0333","GITHUB_REPO","Before_R2\Estudos Preliminares e testes\Entrega-03\MODEL_SELECTION_PROTOCOL.md",".md","5936","2026-09-12 14:34","894C0A58736C54269BF0C93EEFFDB44B24B12F911EE4B683DEC9C4C17727EAF2","T4_METHODOLOGY_DOC","methodology_or_design","DUP047","LEGACY_POC"
"F0334","GITHUB_REPO","Before_R2\Estudos Preliminares e testes\Entrega-03\MODEL_SELECTION_RESULTS.md",".md","1102","2026-09-12 14:34","F187FE50E11246C049B3C9DB05054358B7A065A4216D36B184D9CC9DE3720049","T6_THEORY_OR_LEGACY_INPUT","theory_input_or_legacy_poc","DUP087","LEGACY_POC"
"F0335","GITHUB_REPO","Before_R2\Estudos Preliminares e testes\Entrega-03\README.md",".md","2596","2026-09-12 14:34","D751BBEE76395586F4999B87316F5F0DBBF9854B37E9D66BD17E079F60004805","T6_THEORY_OR_LEGACY_INPUT","theory_input_or_legacy_poc","DUP075","LEGACY_POC"
"F0336","GITHUB_REPO","Before_R2\Estudos Preliminares e testes\Entrega-03\data\README.md",".md","640","2026-09-12 14:34","59CB3CA85EEDCF3FC274477F951AAEAB64F22AFC37A8F33B831A22FC3FED90A7","T6_THEORY_OR_LEGACY_INPUT","theory_input_or_legacy_poc","DUP028","LEGACY_POC"
"F0337","GITHUB_REPO","Before_R2\Estudos Preliminares e testes\Entrega-03\prompts\shared_guardrail_block.md",".md","2196","2026-09-12 14:34","A04B4841F036D74BEAEE6D2C45339A6E423B383D78CB4A1C3CE5F69E6290E2AD","T4_PROMPT","prompt","DUP051","LEGACY_POC"
"F0338","GITHUB_REPO","Before_R2\Estudos Preliminares e testes\Entrega-03\prompts\stage_a2_system.md",".md","1846","2026-09-12 14:34","6E42C92FC8CD0283B5E1BE854FC74391CD83EDF88B972EF20F5BDBCA04FD994C","T4_PROMPT","prompt","DUP035","LEGACY_POC"
"F0339","GITHUB_REPO","Before_R2\Estudos Preliminares e testes\Entrega-03\prompts\stage_a2_user_template.md",".md","434","2026-09-12 14:34","75766F454A5095EA58D4FAAD369E8B8E97086D4C6429D013F3973BA6873C36F9","T4_PROMPT","prompt","DUP038","LEGACY_POC"
"F0340","GITHUB_REPO","Before_R2\Estudos Preliminares e testes\Entrega-03\prompts\stage_b1_system.md",".md","2408","2026-09-12 14:34","A4FA95862B46630B888D8A6BC563DC48D2F6CAB54A3376D5CD5A6CD5C59294BE","T4_PROMPT","prompt","DUP052","LEGACY_POC"
"F0341","GITHUB_REPO","Before_R2\Estudos Preliminares e testes\Entrega-03\prompts\stage_b1_user_template.md",".md","1094","2026-09-12 14:34","A6213463E2466F5263B24759F7183FD0BF338E292C28669E26699477DCCDB9CB","T4_PROMPT","prompt","DUP054","LEGACY_POC"
"F0342","GITHUB_REPO","Before_R2\Estudos Preliminares e testes\Entrega-03\prompts\stage_b2_system.md",".md","2630","2026-09-12 14:34","04B3DD83D09B32F6574D7FE0AE93098534FA878BA10ABFA3976F0236A6D69B00","T4_PROMPT","prompt","DUP002","LEGACY_POC"
"F0343","GITHUB_REPO","Before_R2\Estudos Preliminares e testes\Entrega-03\prompts\stage_b2_user_template.md",".md","712","2026-09-12 14:34","CBF03806BD3FDE349EC000489E002B3EF3D3F841ECE18E969FDBFB2D1B6348B2","T4_PROMPT","prompt","DUP072","LEGACY_POC"
"F0344","GITHUB_REPO","Before_R2\Estudos Preliminares e testes\Entrega-03\prompts\stage_c_system.md",".md","2265","2026-09-12 14:34","86C1E558C706EF60E45D9FD13D689142EB6FF18FB710A0818D6442E89E7B11A6","T4_PROMPT","prompt","DUP046","LEGACY_POC"
"F0345","GITHUB_REPO","Before_R2\Estudos Preliminares e testes\Entrega-03\prompts\stage_c_user_template.md",".md","1321","2026-09-12 14:34","51733884F08454E40A5B9F11B2C34106E95DEF2F61FE3A0A6FA483776B16862C","T4_PROMPT","prompt","DUP024","LEGACY_POC"
"F0346","GITHUB_REPO","Before_R2\Estudos Preliminares e testes\Entrega-03\reference\DATA_DICTIONARY_v3.md",".md","16928","2026-09-12 14:34","02B26D77F0C185C34B562D8DA46E5728911D08A80205EB93EC423960648F86DC","T4_METHODOLOGY_DOC","methodology_or_design","DUP001","LEGACY_POC"
"F0347","GITHUB_REPO","Before_R2\Estudos Preliminares e testes\Entrega-03\reference\RIT_CODEBOOK_v3.md",".md","8032","2026-09-12 14:34","991AE3BF2EFE3ED9702969B8E6818A84C7BB7A22E65244AE963154C62869DB3B","T4_METHODOLOGY_DOC","methodology_or_design","DUP049","LEGACY_POC"
"F0348","GITHUB_REPO","Before_R2\Estudos Preliminares e testes\Entrega-03\reference\data\actors_v3.csv",".csv","2062","2026-09-12 14:34","99EF4296D04EE7D017A2AABCA3E69A96D3961FD93EC4AE2F7C723C9C361B87D4","T5_PRIOR_CODING_OUTPUT","prior_coding_or_review","DUP050","LEGACY_POC"
"F0349","GITHUB_REPO","Before_R2\Estudos Preliminares e testes\Entrega-03\reference\data\candidate_adjudications_v3.csv",".csv","7027","2026-09-12 14:34","C2073214A52995FDE5588678E3D505AAB79FBE4E815A19518ADF72A00DBF712F","T5_PRIOR_CODING_OUTPUT","prior_coding_or_review","DUP068","LEGACY_POC"
"F0350","GITHUB_REPO","Before_R2\Estudos Preliminares e testes\Entrega-03\reference\data\rit_relationships_v3.csv",".csv","3607","2026-09-12 14:34","1B33C14A96B7196D82411F77A244A4EBAADC23DFB23C6A82B2825B35CFAF946A","T5_PRIOR_CODING_OUTPUT","prior_coding_or_review","DUP011","LEGACY_POC"
"F0351","GITHUB_REPO","Before_R2\Estudos Preliminares e testes\Entrega-03\reference\data\raw_html\climate_benchmarks_raw.html",".html","110826","2026-09-12 14:34","7CDF0EDD84175A73D4E6A1DBEA05D0A4DC29A1D9C28EA6AFBB7EC0BC6BFE2794","T6_THEORY_OR_LEGACY_INPUT","theory_input_or_legacy_poc","DUP041","LEGACY_POC"
"F0352","GITHUB_REPO","Before_R2\Estudos Preliminares e testes\Entrega-03\reference\data\raw_html\csrd_raw.html",".html","634105","2026-09-12 14:34","FFA53B67A61DFD318C387B6DC2A0F5E674C433D0197490DC1F6EEF9DBE89508E","T6_THEORY_OR_LEGACY_INPUT","theory_input_or_legacy_poc","DUP092","LEGACY_POC"
"F0353","GITHUB_REPO","Before_R2\Estudos Preliminares e testes\Entrega-03\reference\data\raw_html\ecolabel_raw.html",".html","213816","2026-09-12 14:34","476DAE9D0686C54CB959FF725770A5DD087BDA97838BDD665D31B662B0C44F0A","T6_THEORY_OR_LEGACY_INPUT","theory_input_or_legacy_poc","DUP020","LEGACY_POC"
"F0354","GITHUB_REPO","Before_R2\Estudos Preliminares e testes\Entrega-03\reference\data\raw_html\ets_verification_raw.html",".html","437843","2026-09-12 14:34","77FFF0A72784D355CF8D64CDFCD4051523F4CDD9F0C7DA332B5BC09FA8C96D65","T6_THEORY_OR_LEGACY_INPUT","theory_input_or_legacy_poc","DUP040","LEGACY_POC"
"F0355","GITHUB_REPO","Before_R2\Estudos Preliminares e testes\Entrega-03\schemas\common_defs.schema.json",".json","3767","2026-09-12 14:34","27EE1ACA99BBF24133B940A0BF8314F84011200B5D5F3A9550A442E2251C845C","T4_METHODOLOGY_DOC","methodology_or_design","DUP018","LEGACY_POC"
"F0356","GITHUB_REPO","Before_R2\Estudos Preliminares e testes\Entrega-03\schemas\stage_a2_candidate_detection.schema.json",".json","1266","2026-09-12 14:34","EF2BE72A2C3567F71CC9D28EA19265103A1EF7D810CA57297D5A31F6CCC995C7","T5_PRIOR_CODING_OUTPUT","prior_coding_or_review","DUP086","LEGACY_POC"
"F0357","GITHUB_REPO","Before_R2\Estudos Preliminares e testes\Entrega-03\schemas\stage_b1_architecture.schema.json",".json","2191","2026-09-12 14:34","C4F162894A57BC22D7AEEC8DEED07F632BC67F23EF277F7E6D1385437FD05FF2","T4_METHODOLOGY_DOC","methodology_or_design","DUP070","LEGACY_POC"
"F0358","GITHUB_REPO","Before_R2\Estudos Preliminares e testes\Entrega-03\schemas\stage_b2_rit_adjudication.schema.json",".json","2620","2026-09-12 14:34","86B9A5DE0EA3770A5823BF4DEFDC5384822EFB4E48800BBFB012EC871CC18473","T4_METHODOLOGY_DOC","methodology_or_design","DUP045","LEGACY_POC"
"F0359","GITHUB_REPO","Before_R2\Estudos Preliminares e testes\Entrega-03\schemas\stage_c_attributes.schema.json",".json","3347","2026-09-12 14:34","F2CB62342A0C213523E83CDD102C0A6F46579B8C0C316F00CC0286BD83929388","T4_METHODOLOGY_DOC","methodology_or_design","DUP088","LEGACY_POC"
"F0360","GITHUB_REPO","Before_R2\Estudos Preliminares e testes\Entrega-03\scripts\consistency_check.py",".py","3822","2026-09-12 14:34","D9419D63864ADF03BF70D43A4EA2B2C7D6518A9CB93AF63759A42DFDCAE260F6","T7_SCRIPT_OR_TEST","code","DUP077","LEGACY_POC"
"F0361","GITHUB_REPO","Before_R2\Estudos Preliminares e testes\Entrega-03\scripts\context_package.py",".py","6392","2026-09-12 14:34","C45FB9D2C73ED9084A5DB550D7F374D9D15ECC5B7002787087128298C2B3BA00","T7_SCRIPT_OR_TEST","code","DUP069","LEGACY_POC"
"F0362","GITHUB_REPO","Before_R2\Estudos Preliminares e testes\Entrega-03\scripts\context_request_loop.py",".py","4833","2026-09-12 14:34","E07D76D36CE0ADCEFF8B47CE64423F319859DD9F91BA8264367A8F9491897F58","T7_SCRIPT_OR_TEST","code","DUP081","LEGACY_POC"
"F0363","GITHUB_REPO","Before_R2\Estudos Preliminares e testes\Entrega-03\scripts\model_adapter.py",".py","7344","2026-09-12 14:34","1ABFC437FE516DB6103722F593E026CB9B141620D3DB7D3405A18D1574BD41FF","T7_SCRIPT_OR_TEST","code","","LEGACY_POC"
"F0364","GITHUB_REPO","Before_R2\Estudos Preliminares e testes\Entrega-03\scripts\model_selection_experiment.py",".py","8407","2026-09-12 14:34","C5D46D2F8EEB616E5C93BFF3044DA5BB6DCB97CE6763EBC75871174C82FA86C1","T7_SCRIPT_OR_TEST","code","","LEGACY_POC"
"F0365","GITHUB_REPO","Before_R2\Estudos Preliminares e testes\Entrega-03\scripts\run_stage.py",".py","6575","2026-09-12 14:34","5804FA3D4B3240B34E40CA96934C9E76B40381D33BEFE9476EF280A576C8FCB7","T7_SCRIPT_OR_TEST","code","","LEGACY_POC"
"F0366","GITHUB_REPO","Before_R2\Estudos Preliminares e testes\PoC 01\README.md",".md","2774","2026-09-12 14:34","9C5C0DF238E02D222CA4640C7A0240F16C0E9FD7925DDE73DCEAD4F429E5583B","T6_THEORY_OR_LEGACY_INPUT","theory_input_or_legacy_poc","","LEGACY_POC"
"F0367","GITHUB_REPO","Before_R2\Estudos Preliminares e testes\PoC 01\Entrega-02\ARTIGO_VALIDACAO.docx",".docx","807665","2026-09-12 14:34","D766EB320CC41D0114E1938B943353E27A6D602CD7B9CA1D6E21CEB8567067B2","T6_THEORY_OR_LEGACY_INPUT","theory_input_or_legacy_poc","DUP076","LEGACY_POC"
"F0368","GITHUB_REPO","Before_R2\Estudos Preliminares e testes\PoC 01\Entrega-02\ARTIGO_VALIDACAO.qmd",".qmd","17597","2026-09-12 14:34","0B322C4BAF06CADF3ECDC5505E373C4AB7035C36D4B8A579B67249F7904BEA73","T6_THEORY_OR_LEGACY_INPUT","theory_input_or_legacy_poc","DUP003","LEGACY_POC"
"F0369","GITHUB_REPO","Before_R2\Estudos Preliminares e testes\PoC 01\Entrega-02\CHANGELOG_v3.md",".md","4995","2026-09-12 14:34","6B35F9D0B291D1A6A2F3BFE61697ECCE282D3E2348262C4F119CBD6C3C554557","T6_THEORY_OR_LEGACY_INPUT","theory_input_or_legacy_poc","DUP034","LEGACY_POC"
"F0370","GITHUB_REPO","Before_R2\Estudos Preliminares e testes\PoC 01\Entrega-02\DATA_DICTIONARY_v3.md",".md","16928","2026-09-12 14:34","02B26D77F0C185C34B562D8DA46E5728911D08A80205EB93EC423960648F86DC","T4_METHODOLOGY_DOC","methodology_or_design","DUP001","LEGACY_POC"
"F0371","GITHUB_REPO","Before_R2\Estudos Preliminares e testes\PoC 01\Entrega-02\METHODOLOGY_v3.md",".md","4029","2026-09-12 14:34","488C8B4D59C0B077F83E109CFA00BF806ECE3105AEBD44B2F04163860A174E13","T4_METHODOLOGY_DOC","methodology_or_design","DUP021","LEGACY_POC"
"F0372","GITHUB_REPO","Before_R2\Estudos Preliminares e testes\PoC 01\Entrega-02\RELATIONSHIP_VALIDATION_PROTOCOL_v3.md",".md","2938","2026-09-12 14:34","B579C4C908DC6CFB3BF34E124D22F39F53F047D4B06326B34BE0D00C52136B04","T4_METHODOLOGY_DOC","methodology_or_design","DUP062","LEGACY_POC"
"F0373","GITHUB_REPO","Before_R2\Estudos Preliminares e testes\PoC 01\Entrega-02\RELATORIO_FINAL_APRESENTACAO.docx",".docx","810035","2026-09-12 14:34","DEF51D5B55552E4A703AECA8FFD8335282FC5E467FA47A07E7BF8E9331D0FA6B","T6_THEORY_OR_LEGACY_INPUT","theory_input_or_legacy_poc","DUP080","LEGACY_POC"
"F0374","GITHUB_REPO","Before_R2\Estudos Preliminares e testes\PoC 01\Entrega-02\RELATORIO_FINAL_APRESENTACAO.qmd",".qmd","21208","2026-09-12 14:34","60154EC4D42677045F6A4D3E27372BA3A780B491AEFDBDB9D7CAC7776384645E","T6_THEORY_OR_LEGACY_INPUT","theory_input_or_legacy_poc","DUP030","LEGACY_POC"
"F0375","GITHUB_REPO","Before_R2\Estudos Preliminares e testes\PoC 01\Entrega-02\RESEARCH_NOTE_v3.docx",".docx","15480","2026-09-12 14:34","C73FE8024902EEC85F009A72B116091445CFE4F4BE0CDC7E9335494677E279D4","T6_THEORY_OR_LEGACY_INPUT","theory_input_or_legacy_poc","DUP071","LEGACY_POC"
"F0376","GITHUB_REPO","Before_R2\Estudos Preliminares e testes\PoC 01\Entrega-02\RESEARCH_NOTE_v3.md",".md","7603","2026-09-12 14:34","E9116D431E8F97EBC19AFBEBB9FD8239E7E734DD18A0A0094221AE2C5F9D250B","T6_THEORY_OR_LEGACY_INPUT","theory_input_or_legacy_poc","DUP084","LEGACY_POC"
"F0377","GITHUB_REPO","Before_R2\Estudos Preliminares e testes\PoC 01\Entrega-02\RIT_CODEBOOK_v3.md",".md","8032","2026-09-12 14:34","991AE3BF2EFE3ED9702969B8E6818A84C7BB7A22E65244AE963154C62869DB3B","T4_METHODOLOGY_DOC","methodology_or_design","DUP049","LEGACY_POC"
"F0378","GITHUB_REPO","Before_R2\Estudos Preliminares e testes\PoC 01\Entrega-02\SCREENING_CODEBOOK_v3.md",".md","2606","2026-09-12 14:34","700AE661BF0C6C48C0E52124DA7582F63C1135453C85BD068320826DEF3C390D","T4_METHODOLOGY_DOC","methodology_or_design","DUP036","LEGACY_POC"
"F0379","GITHUB_REPO","Before_R2\Estudos Preliminares e testes\PoC 01\Entrega-02\SCREENING_VALIDATION_v3.md",".md","2089","2026-09-12 14:34","1F8F9DD367AD79D10E80A3714BEA234FE39B5A3C9E9B5E69B39961ADA5FE92D5","T6_THEORY_OR_LEGACY_INPUT","theory_input_or_legacy_poc","DUP012","LEGACY_POC"
"F0380","GITHUB_REPO","Before_R2\Estudos Preliminares e testes\PoC 01\Entrega-02\VARIABLE_MAP_v3.md",".md","5196","2026-09-12 14:34","FBD77C0A805C0A19B00C2FCCF4E97A01DB2EAD36B67341156C2D82D4BDC34E38","T4_METHODOLOGY_DOC","methodology_or_design","DUP091","LEGACY_POC"
"F0381","GITHUB_REPO","Before_R2\Estudos Preliminares e testes\PoC 01\Entrega-02\data\actors_v3.csv",".csv","2062","2026-09-12 14:34","99EF4296D04EE7D017A2AABCA3E69A96D3961FD93EC4AE2F7C723C9C361B87D4","T5_PRIOR_CODING_OUTPUT","prior_coding_or_review","DUP050","LEGACY_POC"
"F0382","GITHUB_REPO","Before_R2\Estudos Preliminares e testes\PoC 01\Entrega-02\data\candidate_adjudications_v3.csv",".csv","7027","2026-09-12 14:34","C2073214A52995FDE5588678E3D505AAB79FBE4E815A19518ADF72A00DBF712F","T5_PRIOR_CODING_OUTPUT","prior_coding_or_review","DUP068","LEGACY_POC"
"F0383","GITHUB_REPO","Before_R2\Estudos Preliminares e testes\PoC 01\Entrega-02\data\rit_relationships_v3.csv",".csv","3607","2026-09-12 14:34","1B33C14A96B7196D82411F77A244A4EBAADC23DFB23C6A82B2825B35CFAF946A","T5_PRIOR_CODING_OUTPUT","prior_coding_or_review","DUP011","LEGACY_POC"
"F0384","GITHUB_REPO","Before_R2\Estudos Preliminares e testes\PoC 01\Entrega-02\data\screening_hits_v3.csv",".csv","487448","2026-09-12 14:34","80A750C74E45E9A1074FCF1885B83F724898571B3D7A128E1CE955CDB1C565DB","T5_PRIOR_CODING_OUTPUT","prior_coding_or_review","DUP042","LEGACY_POC"
"F0385","GITHUB_REPO","Before_R2\Estudos Preliminares e testes\PoC 01\Entrega-02\data\raw_html\climate_benchmarks_raw.html",".html","110826","2026-09-12 14:34","7CDF0EDD84175A73D4E6A1DBEA05D0A4DC29A1D9C28EA6AFBB7EC0BC6BFE2794","T6_THEORY_OR_LEGACY_INPUT","theory_input_or_legacy_poc","DUP041","LEGACY_POC"
"F0386","GITHUB_REPO","Before_R2\Estudos Preliminares e testes\PoC 01\Entrega-02\data\raw_html\csrd_raw.html",".html","634105","2026-09-12 14:34","FFA53B67A61DFD318C387B6DC2A0F5E674C433D0197490DC1F6EEF9DBE89508E","T6_THEORY_OR_LEGACY_INPUT","theory_input_or_legacy_poc","DUP092","LEGACY_POC"
"F0387","GITHUB_REPO","Before_R2\Estudos Preliminares e testes\PoC 01\Entrega-02\data\raw_html\ecolabel_raw.html",".html","213816","2026-09-12 14:34","476DAE9D0686C54CB959FF725770A5DD087BDA97838BDD665D31B662B0C44F0A","T6_THEORY_OR_LEGACY_INPUT","theory_input_or_legacy_poc","DUP020","LEGACY_POC"
"F0388","GITHUB_REPO","Before_R2\Estudos Preliminares e testes\PoC 01\Entrega-02\data\raw_html\ets_verification_raw.html",".html","437843","2026-09-12 14:34","77FFF0A72784D355CF8D64CDFCD4051523F4CDD9F0C7DA332B5BC09FA8C96D65","T6_THEORY_OR_LEGACY_INPUT","theory_input_or_legacy_poc","DUP040","LEGACY_POC"
"F0389","GITHUB_REPO","Before_R2\Estudos Preliminares e testes\PoC 01\Entrega-02\figures\fig1_conceptual_framework.png",".png","166031","2026-09-12 14:34","2651F6C974F868E23BDFC0D40C904D29E0DA7486DD9AB872BCCCCD0B2D8B68A2","T6_THEORY_OR_LEGACY_INPUT","theory_input_or_legacy_poc","DUP017","LEGACY_POC"
"F0390","GITHUB_REPO","Before_R2\Estudos Preliminares e testes\PoC 01\Entrega-02\figures\fig2_three_stage_pipeline.png",".png","188490","2026-09-12 14:34","4C86B378A1EBA419BE990A142962F7E31677453E7944E7D0DAF8C6A92DAD5BDB","T6_THEORY_OR_LEGACY_INPUT","theory_input_or_legacy_poc","DUP022","LEGACY_POC"
"F0391","GITHUB_REPO","Before_R2\Estudos Preliminares e testes\PoC 01\Entrega-02\figures\fig3_rit_relationship_map.png",".png","313126","2026-09-12 14:34","0FA0811C7D08390C4B47AFE408CD23F2394F8F5E52AF661A2514E60FDD98E016","T6_THEORY_OR_LEGACY_INPUT","theory_input_or_legacy_poc","DUP006","LEGACY_POC"
"F0392","GITHUB_REPO","Before_R2\Estudos Preliminares e testes\PoC 01\Entrega-02\figures\fig4_data_summary.png",".png","192096","2026-09-12 14:34","F92A949CC59BC48ECED5168635A140065D8D3C667259298E81F4A297F526229D","T6_THEORY_OR_LEGACY_INPUT","theory_input_or_legacy_poc","DUP089","LEGACY_POC"
"F0393","GITHUB_REPO","Before_R2\Estudos Preliminares e testes\PoC 01\Entrega-02\scripts\collect.py",".py","1126","2026-09-12 14:34","50972DA1A316F9103DBC8F9EEEAF85ACD06E18CAB3BD6748B73450D97CF501F7","T7_SCRIPT_OR_TEST","code","DUP023","LEGACY_POC"
"F0394","GITHUB_REPO","Before_R2\Estudos Preliminares e testes\PoC 01\Entrega-02\scripts\screening_v3.py",".py","8436","2026-09-12 14:34","BFE13D0DDF7C3164DFEA83351C83B2D74272366DD27115CDF287EFDA77F0702F","T7_SCRIPT_OR_TEST","code","DUP064","LEGACY_POC"
"F0395","GITHUB_REPO","Before_R2\Estudos Preliminares e testes\PoC 01\Entrega-03\AI_CODING_PROTOCOL.md",".md","6803","2026-09-12 14:34","20A7558571F01EA2553DE24EACF7DCAC74B3274DED06A5A701A042232F343042","T4_METHODOLOGY_DOC","methodology_or_design","DUP013","LEGACY_POC"
"F0396","GITHUB_REPO","Before_R2\Estudos Preliminares e testes\PoC 01\Entrega-03\CHANGELOG_v4.md",".md","4584","2026-09-12 14:34","CB2E0EC44E53B159E6458A15499BAABFC5FCA9D1BB05014712C01316C9251D34","T6_THEORY_OR_LEGACY_INPUT","theory_input_or_legacy_poc","","LEGACY_POC"
"F0397","GITHUB_REPO","Before_R2\Estudos Preliminares e testes\PoC 01\Entrega-03\MODEL_SELECTION_PROTOCOL.md",".md","5936","2026-09-12 14:34","894C0A58736C54269BF0C93EEFFDB44B24B12F911EE4B683DEC9C4C17727EAF2","T4_METHODOLOGY_DOC","methodology_or_design","DUP047","LEGACY_POC"
"F0398","GITHUB_REPO","Before_R2\Estudos Preliminares e testes\PoC 01\Entrega-03\MODEL_SELECTION_RESULTS.md",".md","1102","2026-09-12 14:34","F187FE50E11246C049B3C9DB05054358B7A065A4216D36B184D9CC9DE3720049","T6_THEORY_OR_LEGACY_INPUT","theory_input_or_legacy_poc","DUP087","LEGACY_POC"
"F0399","GITHUB_REPO","Before_R2\Estudos Preliminares e testes\PoC 01\Entrega-03\README.md",".md","2596","2026-09-12 14:34","D751BBEE76395586F4999B87316F5F0DBBF9854B37E9D66BD17E079F60004805","T6_THEORY_OR_LEGACY_INPUT","theory_input_or_legacy_poc","DUP075","LEGACY_POC"
"F0400","GITHUB_REPO","Before_R2\Estudos Preliminares e testes\PoC 01\Entrega-03\data\README.md",".md","640","2026-09-12 14:34","59CB3CA85EEDCF3FC274477F951AAEAB64F22AFC37A8F33B831A22FC3FED90A7","T6_THEORY_OR_LEGACY_INPUT","theory_input_or_legacy_poc","DUP028","LEGACY_POC"
"F0401","GITHUB_REPO","Before_R2\Estudos Preliminares e testes\PoC 01\Entrega-03\prompts\shared_guardrail_block.md",".md","2196","2026-09-12 14:34","A04B4841F036D74BEAEE6D2C45339A6E423B383D78CB4A1C3CE5F69E6290E2AD","T4_PROMPT","prompt","DUP051","LEGACY_POC"
"F0402","GITHUB_REPO","Before_R2\Estudos Preliminares e testes\PoC 01\Entrega-03\prompts\stage_a2_system.md",".md","1846","2026-09-12 14:34","6E42C92FC8CD0283B5E1BE854FC74391CD83EDF88B972EF20F5BDBCA04FD994C","T4_PROMPT","prompt","DUP035","LEGACY_POC"
"F0403","GITHUB_REPO","Before_R2\Estudos Preliminares e testes\PoC 01\Entrega-03\prompts\stage_a2_user_template.md",".md","434","2026-09-12 14:34","75766F454A5095EA58D4FAAD369E8B8E97086D4C6429D013F3973BA6873C36F9","T4_PROMPT","prompt","DUP038","LEGACY_POC"
"F0404","GITHUB_REPO","Before_R2\Estudos Preliminares e testes\PoC 01\Entrega-03\prompts\stage_b1_system.md",".md","2408","2026-09-12 14:34","A4FA95862B46630B888D8A6BC563DC48D2F6CAB54A3376D5CD5A6CD5C59294BE","T4_PROMPT","prompt","DUP052","LEGACY_POC"
"F0405","GITHUB_REPO","Before_R2\Estudos Preliminares e testes\PoC 01\Entrega-03\prompts\stage_b1_user_template.md",".md","1094","2026-09-12 14:34","A6213463E2466F5263B24759F7183FD0BF338E292C28669E26699477DCCDB9CB","T4_PROMPT","prompt","DUP054","LEGACY_POC"
"F0406","GITHUB_REPO","Before_R2\Estudos Preliminares e testes\PoC 01\Entrega-03\prompts\stage_b2_system.md",".md","2630","2026-09-12 14:34","04B3DD83D09B32F6574D7FE0AE93098534FA878BA10ABFA3976F0236A6D69B00","T4_PROMPT","prompt","DUP002","LEGACY_POC"
"F0407","GITHUB_REPO","Before_R2\Estudos Preliminares e testes\PoC 01\Entrega-03\prompts\stage_b2_user_template.md",".md","712","2026-09-12 14:34","CBF03806BD3FDE349EC000489E002B3EF3D3F841ECE18E969FDBFB2D1B6348B2","T4_PROMPT","prompt","DUP072","LEGACY_POC"
"F0408","GITHUB_REPO","Before_R2\Estudos Preliminares e testes\PoC 01\Entrega-03\prompts\stage_c_system.md",".md","2265","2026-09-12 14:34","86C1E558C706EF60E45D9FD13D689142EB6FF18FB710A0818D6442E89E7B11A6","T4_PROMPT","prompt","DUP046","LEGACY_POC"
"F0409","GITHUB_REPO","Before_R2\Estudos Preliminares e testes\PoC 01\Entrega-03\prompts\stage_c_user_template.md",".md","1321","2026-09-12 14:34","51733884F08454E40A5B9F11B2C34106E95DEF2F61FE3A0A6FA483776B16862C","T4_PROMPT","prompt","DUP024","LEGACY_POC"
"F0410","GITHUB_REPO","Before_R2\Estudos Preliminares e testes\PoC 01\Entrega-03\reference\DATA_DICTIONARY_v3.md",".md","16928","2026-09-12 14:34","02B26D77F0C185C34B562D8DA46E5728911D08A80205EB93EC423960648F86DC","T4_METHODOLOGY_DOC","methodology_or_design","DUP001","LEGACY_POC"
"F0411","GITHUB_REPO","Before_R2\Estudos Preliminares e testes\PoC 01\Entrega-03\reference\RIT_CODEBOOK_v3.md",".md","8032","2026-09-12 14:34","991AE3BF2EFE3ED9702969B8E6818A84C7BB7A22E65244AE963154C62869DB3B","T4_METHODOLOGY_DOC","methodology_or_design","DUP049","LEGACY_POC"
"F0412","GITHUB_REPO","Before_R2\Estudos Preliminares e testes\PoC 01\Entrega-03\reference\data\actors_v3.csv",".csv","2062","2026-09-12 14:34","99EF4296D04EE7D017A2AABCA3E69A96D3961FD93EC4AE2F7C723C9C361B87D4","T5_PRIOR_CODING_OUTPUT","prior_coding_or_review","DUP050","LEGACY_POC"
"F0413","GITHUB_REPO","Before_R2\Estudos Preliminares e testes\PoC 01\Entrega-03\reference\data\candidate_adjudications_v3.csv",".csv","7027","2026-09-12 14:34","C2073214A52995FDE5588678E3D505AAB79FBE4E815A19518ADF72A00DBF712F","T5_PRIOR_CODING_OUTPUT","prior_coding_or_review","DUP068","LEGACY_POC"
"F0414","GITHUB_REPO","Before_R2\Estudos Preliminares e testes\PoC 01\Entrega-03\reference\data\rit_relationships_v3.csv",".csv","3607","2026-09-12 14:34","1B33C14A96B7196D82411F77A244A4EBAADC23DFB23C6A82B2825B35CFAF946A","T5_PRIOR_CODING_OUTPUT","prior_coding_or_review","DUP011","LEGACY_POC"
"F0415","GITHUB_REPO","Before_R2\Estudos Preliminares e testes\PoC 01\Entrega-03\reference\data\raw_html\climate_benchmarks_raw.html",".html","110826","2026-09-12 14:34","7CDF0EDD84175A73D4E6A1DBEA05D0A4DC29A1D9C28EA6AFBB7EC0BC6BFE2794","T6_THEORY_OR_LEGACY_INPUT","theory_input_or_legacy_poc","DUP041","LEGACY_POC"
"F0416","GITHUB_REPO","Before_R2\Estudos Preliminares e testes\PoC 01\Entrega-03\reference\data\raw_html\csrd_raw.html",".html","634105","2026-09-12 14:34","FFA53B67A61DFD318C387B6DC2A0F5E674C433D0197490DC1F6EEF9DBE89508E","T6_THEORY_OR_LEGACY_INPUT","theory_input_or_legacy_poc","DUP092","LEGACY_POC"
"F0417","GITHUB_REPO","Before_R2\Estudos Preliminares e testes\PoC 01\Entrega-03\reference\data\raw_html\ecolabel_raw.html",".html","213816","2026-09-12 14:34","476DAE9D0686C54CB959FF725770A5DD087BDA97838BDD665D31B662B0C44F0A","T6_THEORY_OR_LEGACY_INPUT","theory_input_or_legacy_poc","DUP020","LEGACY_POC"
"F0418","GITHUB_REPO","Before_R2\Estudos Preliminares e testes\PoC 01\Entrega-03\reference\data\raw_html\ets_verification_raw.html",".html","437843","2026-09-12 14:34","77FFF0A72784D355CF8D64CDFCD4051523F4CDD9F0C7DA332B5BC09FA8C96D65","T6_THEORY_OR_LEGACY_INPUT","theory_input_or_legacy_poc","DUP040","LEGACY_POC"
"F0419","GITHUB_REPO","Before_R2\Estudos Preliminares e testes\PoC 01\Entrega-03\schemas\common_defs.schema.json",".json","3767","2026-09-12 14:34","27EE1ACA99BBF24133B940A0BF8314F84011200B5D5F3A9550A442E2251C845C","T4_METHODOLOGY_DOC","methodology_or_design","DUP018","LEGACY_POC"
"F0420","GITHUB_REPO","Before_R2\Estudos Preliminares e testes\PoC 01\Entrega-03\schemas\stage_a2_candidate_detection.schema.json",".json","1266","2026-09-12 14:34","EF2BE72A2C3567F71CC9D28EA19265103A1EF7D810CA57297D5A31F6CCC995C7","T5_PRIOR_CODING_OUTPUT","prior_coding_or_review","DUP086","LEGACY_POC"
"F0421","GITHUB_REPO","Before_R2\Estudos Preliminares e testes\PoC 01\Entrega-03\schemas\stage_b1_architecture.schema.json",".json","2191","2026-09-12 14:34","C4F162894A57BC22D7AEEC8DEED07F632BC67F23EF277F7E6D1385437FD05FF2","T4_METHODOLOGY_DOC","methodology_or_design","DUP070","LEGACY_POC"
"F0422","GITHUB_REPO","Before_R2\Estudos Preliminares e testes\PoC 01\Entrega-03\schemas\stage_b2_rit_adjudication.schema.json",".json","2620","2026-09-12 14:34","86B9A5DE0EA3770A5823BF4DEFDC5384822EFB4E48800BBFB012EC871CC18473","T4_METHODOLOGY_DOC","methodology_or_design","DUP045","LEGACY_POC"
"F0423","GITHUB_REPO","Before_R2\Estudos Preliminares e testes\PoC 01\Entrega-03\schemas\stage_c_attributes.schema.json",".json","3347","2026-09-12 14:34","F2CB62342A0C213523E83CDD102C0A6F46579B8C0C316F00CC0286BD83929388","T4_METHODOLOGY_DOC","methodology_or_design","DUP088","LEGACY_POC"
"F0424","GITHUB_REPO","Before_R2\Estudos Preliminares e testes\PoC 01\Entrega-03\scripts\consistency_check.py",".py","3822","2026-09-12 14:34","D9419D63864ADF03BF70D43A4EA2B2C7D6518A9CB93AF63759A42DFDCAE260F6","T7_SCRIPT_OR_TEST","code","DUP077","LEGACY_POC"
"F0425","GITHUB_REPO","Before_R2\Estudos Preliminares e testes\PoC 01\Entrega-03\scripts\context_package.py",".py","6392","2026-09-12 14:34","C45FB9D2C73ED9084A5DB550D7F374D9D15ECC5B7002787087128298C2B3BA00","T7_SCRIPT_OR_TEST","code","DUP069","LEGACY_POC"
"F0426","GITHUB_REPO","Before_R2\Estudos Preliminares e testes\PoC 01\Entrega-03\scripts\context_request_loop.py",".py","4833","2026-09-12 14:34","E07D76D36CE0ADCEFF8B47CE64423F319859DD9F91BA8264367A8F9491897F58","T7_SCRIPT_OR_TEST","code","DUP081","LEGACY_POC"
"F0427","GITHUB_REPO","Before_R2\Estudos Preliminares e testes\PoC 01\Entrega-03\scripts\model_adapter.py",".py","8152","2026-09-12 14:34","2A7CB710BD2B93E15A020D41FC04C2EEF10D97E4244D0A964CD2A184E04195F9","T7_SCRIPT_OR_TEST","code","","LEGACY_POC"
"F0428","GITHUB_REPO","Before_R2\Estudos Preliminares e testes\PoC 01\Entrega-03\scripts\model_selection_experiment.py",".py","8332","2026-09-12 14:34","3BD6C628AEDBDAE64DA3D914411D31943B7E3AD1DC626529D587F81139A5782D","T7_SCRIPT_OR_TEST","code","","LEGACY_POC"
"F0429","GITHUB_REPO","Before_R2\Estudos Preliminares e testes\PoC 01\Entrega-03\scripts\run_stage.py",".py","6600","2026-09-12 14:34","6CA41FEF8CC80869C8AEF62D626F7EA35329F38D6909CE0E825F43029F86F1DA","T7_SCRIPT_OR_TEST","code","","LEGACY_POC"
"F0430","GITHUB_REPO","Before_R2\Estudos Preliminares e testes\PoC 01\Entrega-04\AI_CODING_PROTOCOL.md",".md","1487","2026-09-12 14:34","300308B2C9A6EE1A02EA9254E1F0A11931BCD80632A572F50F7A60CD63080A15","T4_METHODOLOGY_DOC","methodology_or_design","","LEGACY_POC"
"F0431","GITHUB_REPO","Before_R2\Estudos Preliminares e testes\PoC 01\Entrega-04\AI_PROTOCOL_v4.md",".md","1720","2026-09-12 14:34","7F18B73894249961A8F31AC836CCD31A67C738A14C816941561D8E179DB73BBB","T4_METHODOLOGY_DOC","methodology_or_design","","LEGACY_POC"
"F0432","GITHUB_REPO","Before_R2\Estudos Preliminares e testes\PoC 01\Entrega-04\AUDIT_PROTOCOL_v4.md",".md","1022","2026-09-12 14:34","19B14B37A8184B43C5F0C2F02E8E3D3B3EEEDED8F1C242C54EBB1A1353C7A27B","T4_METHODOLOGY_DOC","methodology_or_design","","LEGACY_POC"
"F0433","GITHUB_REPO","Before_R2\Estudos Preliminares e testes\PoC 01\Entrega-04\CHANGELOG_FINAL.md",".md","2316","2026-09-12 14:34","0444C45344025C696124EA56B84864F0E70E54962C2ECF86980B4B2B7201157A","T6_THEORY_OR_LEGACY_INPUT","theory_input_or_legacy_poc","","LEGACY_POC"
"F0434","GITHUB_REPO","Before_R2\Estudos Preliminares e testes\PoC 01\Entrega-04\DATA_DICTIONARY_v4.md",".md","4192","2026-09-12 14:34","CC1A2645C3AA345D8F2DC13A062FC3B8AA813F54F215D48BC5438BBFA67CE4EE","T4_METHODOLOGY_DOC","methodology_or_design","","LEGACY_POC"
"F0435","GITHUB_REPO","Before_R2\Estudos Preliminares e testes\PoC 01\Entrega-04\EVIDENCE_TABLE_v4.md",".md","2739","2026-09-12 14:34","38CC500C5E1355FC37BC08FBAFA9E5A3759529E0BADF0D89A7C48D36F94337FB","T6_THEORY_OR_LEGACY_INPUT","theory_input_or_legacy_poc","","LEGACY_POC"
"F0436","GITHUB_REPO","Before_R2\Estudos Preliminares e testes\PoC 01\Entrega-04\LEXICAL_CODEBOOK_v4.md",".md","1912","2026-09-12 14:34","91ADE98BA063646A5C468B3B707BE6A35AF29951C139C2F7BE33D864B2FF0E4C","T4_METHODOLOGY_DOC","methodology_or_design","","LEGACY_POC"
"F0437","GITHUB_REPO","Before_R2\Estudos Preliminares e testes\PoC 01\Entrega-04\METHODOLOGY_v4.md",".md","3597","2026-09-12 14:34","31A2523CE9147E01AD00F6DBE21CDA845D55CE26CE8CB35382F6DA7D9A29B350","T4_METHODOLOGY_DOC","methodology_or_design","","LEGACY_POC"
"F0438","GITHUB_REPO","Before_R2\Estudos Preliminares e testes\PoC 01\Entrega-04\MODEL_SELECTION_PROTOCOL.md",".md","1417","2026-09-12 14:34","877907A086DD8B2A89F4C4AA00C2E448EFD6FB033C8615C6E6C386EA0C665880","T4_METHODOLOGY_DOC","methodology_or_design","","LEGACY_POC"
"F0439","GITHUB_REPO","Before_R2\Estudos Preliminares e testes\PoC 01\Entrega-04\MODEL_SELECTION_RESULTS_v4.md",".md","893","2026-09-12 14:34","D24932C31B6D49B7288A8731FB1898057FB0E46F8A8F5F6AC3F5DA40AC94DE8A","T6_THEORY_OR_LEGACY_INPUT","theory_input_or_legacy_poc","","LEGACY_POC"
"F0440","GITHUB_REPO","Before_R2\Estudos Preliminares e testes\PoC 01\Entrega-04\README.md",".md","3336","2026-09-12 14:34","9FC3A8C9E886A2DD83DD860DF1CF6BE6A0405B76A1BC8E8527175D415C0600D0","T6_THEORY_OR_LEGACY_INPUT","theory_input_or_legacy_poc","","LEGACY_POC"
"F0441","GITHUB_REPO","Before_R2\Estudos Preliminares e testes\PoC 01\Entrega-04\RELATORIO_COMPLETO_INTERMEDIARIES_EN.docx",".docx","438521","2026-09-12 14:34","F7FF4431ABF8A86084A4B7F1B89336495E747AE5FF50E10F4B2840E7DCA618F0","T6_THEORY_OR_LEGACY_INPUT","theory_input_or_legacy_poc","","LEGACY_POC"
"F0442","GITHUB_REPO","Before_R2\Estudos Preliminares e testes\PoC 01\Entrega-04\RELATORIO_COMPLETO_INTERMEDIARIES_EN.qmd",".qmd","29276","2026-09-12 14:34","A009DC492A76D068D2EEF3510F6FBB56866410FF6C302492CF9A000AEC590BF6","T6_THEORY_OR_LEGACY_INPUT","theory_input_or_legacy_poc","","LEGACY_POC"
"F0443","GITHUB_REPO","Before_R2\Estudos Preliminares e testes\PoC 01\Entrega-04\RIT_CODEBOOK_v4.md",".md","2723","2026-09-12 14:34","EA3F44BE932B54FBED0771618CFA37174E0DCFFCB5236AFEA3F71EED337BDD5E","T4_METHODOLOGY_DOC","methodology_or_design","","LEGACY_POC"
"F0444","GITHUB_REPO","Before_R2\Estudos Preliminares e testes\PoC 01\Entrega-04\SCREENING_CODEBOOK_v4.md",".md","955","2026-09-12 14:34","E3E2FDA3E217B584F06737F78F5324B888281FD996CED0B1D95FDB1C6708A0D0","T4_METHODOLOGY_DOC","methodology_or_design","","LEGACY_POC"
"F0445","GITHUB_REPO","Before_R2\Estudos Preliminares e testes\PoC 01\Entrega-04\VALIDATION_PROTOCOL_v4.md",".md","1129","2026-09-12 14:34","316031CDC944249DC9904E1E36469B3E4A12F9C26AAF17BC86E763F2FBD85C5C","T4_METHODOLOGY_DOC","methodology_or_design","","LEGACY_POC"
"F0446","GITHUB_REPO","Before_R2\Estudos Preliminares e testes\PoC 01\Entrega-04\VARIABLE_MAP_v4.md",".md","1355","2026-09-12 14:34","8E902429C376895EF9274F4035DB9868C9B53AEB277B8509C65D4E525E5D28E9","T4_METHODOLOGY_DOC","methodology_or_design","","LEGACY_POC"
"F0447","GITHUB_REPO","Before_R2\Estudos Preliminares e testes\PoC 01\Entrega-04\data\actors_v4.csv",".csv","3427","2026-09-12 14:34","B47B18FCA2710D468192AAB94041CE96D4A4032F45B80D75411522E1BA6324CE","T6_THEORY_OR_LEGACY_INPUT","theory_input_or_legacy_poc","","LEGACY_POC"
"F0448","GITHUB_REPO","Before_R2\Estudos Preliminares e testes\PoC 01\Entrega-04\data\ai_execution_summary_v4.json",".json","44309","2026-09-12 14:34","1104B7B6F4D419E8857FF151BE2F2BDD9EA560FDF3A2BE6910BD576EE97604A7","T6_THEORY_OR_LEGACY_INPUT","theory_input_or_legacy_poc","","LEGACY_POC"
"F0449","GITHUB_REPO","Before_R2\Estudos Preliminares e testes\PoC 01\Entrega-04\data\ai_runs_v4.csv",".csv","244773","2026-09-12 14:34","B6B7E01988E5D95218B134739982C067C6C165BFCCFD970DF5C1A48AD8C389E5","T6_THEORY_OR_LEGACY_INPUT","theory_input_or_legacy_poc","","LEGACY_POC"
"F0450","GITHUB_REPO","Before_R2\Estudos Preliminares e testes\PoC 01\Entrega-04\data\ai_runs_v4.jsonl",".jsonl","311949","2026-09-12 14:34","F0F75EC1EC9CD4D9B6F8682AF656FF5D230CB2761325EF07E8C27FCE9882AB91","T6_THEORY_OR_LEGACY_INPUT","theory_input_or_legacy_poc","","LEGACY_POC"
"F0451","GITHUB_REPO","Before_R2\Estudos Preliminares e testes\PoC 01\Entrega-04\data\api_attempt_v4.json",".json","538","2026-09-12 14:34","02EF3B09202FD5D23E135F7B0EA180BE63B81A96775F8996417F948C4B4648B7","T6_THEORY_OR_LEGACY_INPUT","theory_input_or_legacy_poc","","LEGACY_POC"
"F0452","GITHUB_REPO","Before_R2\Estudos Preliminares e testes\PoC 01\Entrega-04\data\api_cost_estimate_v4.json",".json","472","2026-09-12 14:34","EDB4751E14E09A55810BC96FEED8EB6196C458FBCCB2809DA38FBBBA0AF73E4B","T6_THEORY_OR_LEGACY_INPUT","theory_input_or_legacy_poc","","LEGACY_POC"
"F0453","GITHUB_REPO","Before_R2\Estudos Preliminares e testes\PoC 01\Entrega-04\data\audit_sample_v4.csv",".csv","7296","2026-09-12 14:34","8A80F7D5D72E4D63A23372390626ACEE5A202B6683FE188F8E55BA0DC9E7D6C4","T6_THEORY_OR_LEGACY_INPUT","theory_input_or_legacy_poc","","LEGACY_POC"
"F0454","GITHUB_REPO","Before_R2\Estudos Preliminares e testes\PoC 01\Entrega-04\data\candidate_adjudications_v4.csv",".csv","12302","2026-09-12 14:34","1F3589B9E381FCCCC6B781987C9D7679A4B9C83DD7628083BDE900B303A6AB23","T5_PRIOR_CODING_OUTPUT","prior_coding_or_review","","LEGACY_POC"
"F0455","GITHUB_REPO","Before_R2\Estudos Preliminares e testes\PoC 01\Entrega-04\data\candidate_discovery_summary_v4.csv",".csv","488","2026-09-12 14:34","801F74693106638AACE3458310E7F28F65B3D955CED4D4F6A406D08327A800B2","T5_PRIOR_CODING_OUTPUT","prior_coding_or_review","","LEGACY_POC"
"F0456","GITHUB_REPO","Before_R2\Estudos Preliminares e testes\PoC 01\Entrega-04\data\CELEX_MANIFEST_v4.csv",".csv","4651","2026-09-12 14:34","B6F202CC4F410528117C624571FE8B9D4F54A8FC355063593560A6048F0A7323","T6_THEORY_OR_LEGACY_INPUT","theory_input_or_legacy_poc","","LEGACY_POC"
"F0457","GITHUB_REPO","Before_R2\Estudos Preliminares e testes\PoC 01\Entrega-04\data\CELEX_MANIFEST_v4.json",".json","7103","2026-09-12 14:34","E5CF841E9824E54AC96B0F1E4E23B8504EB659412104556E14C91751C3CBF17D","T6_THEORY_OR_LEGACY_INPUT","theory_input_or_legacy_poc","","LEGACY_POC"
"F0458","GITHUB_REPO","Before_R2\Estudos Preliminares e testes\PoC 01\Entrega-04\data\challenge_sample_v4.csv",".csv","714","2026-09-12 14:34","381658A020ECDA38C841AF096CD8AF49EC24EF057DF687005FCA368E9AC01202","T6_THEORY_OR_LEGACY_INPUT","theory_input_or_legacy_poc","","LEGACY_POC"
"F0459","GITHUB_REPO","Before_R2\Estudos Preliminares e testes\PoC 01\Entrega-04\data\human_review_v4.csv",".csv","6323","2026-09-12 14:34","FC96306645DAFC1374BDCCA28CF4892A018E2203E14C9419D7F66C3BED42682F","T5_PRIOR_CODING_OUTPUT","prior_coding_or_review","","LEGACY_POC"
"F0460","GITHUB_REPO","Before_R2\Estudos Preliminares e testes\PoC 01\Entrega-04\data\relationship_mechanisms_v4.csv",".csv","1022","2026-09-12 14:34","E5AA14EDDE4675CBD4364B23BED22E1C56326EFEDBB32F846803E1F056091257","T6_THEORY_OR_LEGACY_INPUT","theory_input_or_legacy_poc","","LEGACY_POC"
"F0461","GITHUB_REPO","Before_R2\Estudos Preliminares e testes\PoC 01\Entrega-04\data\rit_relationships_v4.csv",".csv","5671","2026-09-12 14:34","00E5F225810E7288101F925F14CBB76D0A69F556BB573A4B9E293E5438B84ACA","T5_PRIOR_CODING_OUTPUT","prior_coding_or_review","","LEGACY_POC"
"F0462","GITHUB_REPO","Before_R2\Estudos Preliminares e testes\PoC 01\Entrega-04\data\screening_hits_v4.csv",".csv","509569","2026-09-12 14:34","B0AEB61B7FC7E7DE66865F45ABBE230B89AEAB67ADF13A89A18B81B6BE80AAE0","T5_PRIOR_CODING_OUTPUT","prior_coding_or_review","","LEGACY_POC"
"F0463","GITHUB_REPO","Before_R2\Estudos Preliminares e testes\PoC 01\Entrega-04\data\semantic_candidates_v4.csv",".csv","5249","2026-09-12 14:34","0E94B4B14BEEECFB253C2F1A242FCC0330B671439DBA80208F77B866B1274AE3","T6_THEORY_OR_LEGACY_INPUT","theory_input_or_legacy_poc","","LEGACY_POC"
"F0464","GITHUB_REPO","Before_R2\Estudos Preliminares e testes\PoC 01\Entrega-04\data\validation_sample_v4.csv",".csv","8106","2026-09-12 14:34","D2EE774033C0B5EE37875BE160E7635A59C2D9C2DDCDE21B40041E4A1B19A7BB","T6_THEORY_OR_LEGACY_INPUT","theory_input_or_legacy_poc","","LEGACY_POC"
"F0465","GITHUB_REPO","Before_R2\Estudos Preliminares e testes\PoC 01\Entrega-04\data\raw_html\climate_benchmarks_raw.html",".html","109383","2026-09-12 14:34","F2A19447CA2AE1082634340FFAE8747631FC7E49CC6B503B8797BF6C33A6421C","T6_THEORY_OR_LEGACY_INPUT","theory_input_or_legacy_poc","","LEGACY_POC"
"F0466","GITHUB_REPO","Before_R2\Estudos Preliminares e testes\PoC 01\Entrega-04\data\raw_html\csrd_raw.html",".html","627336","2026-09-12 14:34","71A80C103776AA6FC876D7DB7BA52BDD38E6762646BADD8EECCA286DFE2ECB8C","T6_THEORY_OR_LEGACY_INPUT","theory_input_or_legacy_poc","","LEGACY_POC"
"F0467","GITHUB_REPO","Before_R2\Estudos Preliminares e testes\PoC 01\Entrega-04\data\raw_html\ecolabel_raw.html",".html","211790","2026-09-12 14:34","8E77A5F22C1A95C59CACF08CBFCDB91791FE65ADF2582C92EEF3855A0302308E","T6_THEORY_OR_LEGACY_INPUT","theory_input_or_legacy_poc","","LEGACY_POC"
"F0468","GITHUB_REPO","Before_R2\Estudos Preliminares e testes\PoC 01\Entrega-04\data\raw_html\ets_verification_raw.html",".html","431373","2026-09-12 14:34","58DEDCFB77F0A515E8773E36D252C05F1376DB5652FF0614E2F3E1E5ED9A67DA","T6_THEORY_OR_LEGACY_INPUT","theory_input_or_legacy_poc","","LEGACY_POC"
"F0469","GITHUB_REPO","Before_R2\Estudos Preliminares e testes\PoC 01\Entrega-04\data\raw_html\taxonomy_raw.html",".html","339583","2026-09-12 14:34","B006E305A02AF1DF8DDC03D33E1AF067378D8A5818AF53B3B6F6A7F03FB531F2","T6_THEORY_OR_LEGACY_INPUT","theory_input_or_legacy_poc","","LEGACY_POC"
"F0470","GITHUB_REPO","Before_R2\Estudos Preliminares e testes\PoC 01\Entrega-04\figures\fig1_conceptual_framework_v4.png",".png","97733","2026-09-12 14:34","0CF7F67CE6B61ABDF6E5B3C486818C136999E31050F3A7807F7F7D76CB418CAD","T6_THEORY_OR_LEGACY_INPUT","theory_input_or_legacy_poc","","LEGACY_POC"
"F0471","GITHUB_REPO","Before_R2\Estudos Preliminares e testes\PoC 01\Entrega-04\figures\fig2_ai_pipeline_v4.png",".png","69896","2026-09-12 14:34","9A6689B2B1EC28191B414B0AEAEF478FB1A6DEDFE3455FE209034CFD13A3F864","T6_THEORY_OR_LEGACY_INPUT","theory_input_or_legacy_poc","","LEGACY_POC"
"F0472","GITHUB_REPO","Before_R2\Estudos Preliminares e testes\PoC 01\Entrega-04\figures\fig3_discovery_overlap_v4.png",".png","48447","2026-09-12 14:34","F413A5B0275E987FA508F22B197E31B4F17410E30A9CEECBB9FA394AD2799349","T6_THEORY_OR_LEGACY_INPUT","theory_input_or_legacy_poc","","LEGACY_POC"
"F0473","GITHUB_REPO","Before_R2\Estudos Preliminares e testes\PoC 01\Entrega-04\figures\fig4_rit_architecture_v4.png",".png","74122","2026-09-12 14:34","A94799D9AA160CA4970229116DCB13B8381A036271FBCD8E10DC170E3C267EDA","T6_THEORY_OR_LEGACY_INPUT","theory_input_or_legacy_poc","","LEGACY_POC"
"F0474","GITHUB_REPO","Before_R2\Estudos Preliminares e testes\PoC 01\Entrega-04\figures\fig5_nested_intermediation_v4.png",".png","50747","2026-09-12 14:34","2D67D98A10E45F66B81938915BFFBA036A0C2B03A3D3FA4185CC968948666B88","T6_THEORY_OR_LEGACY_INPUT","theory_input_or_legacy_poc","","LEGACY_POC"
"F0475","GITHUB_REPO","Before_R2\Estudos Preliminares e testes\PoC 01\Entrega-04\figures\fig6_human_validation_v4.png",".png","73530","2026-09-12 14:34","953D838D0623965FB3090FE4704AD3BD4D4E4B861283749771F01715791927F0","T6_THEORY_OR_LEGACY_INPUT","theory_input_or_legacy_poc","","LEGACY_POC"
"F0476","GITHUB_REPO","Before_R2\Estudos Preliminares e testes\PoC 01\Entrega-04\figures\screening_distribution_v4.png",".png","50446","2026-09-12 14:34","7F9D8E2FDB9D09DD058B06C8096610ACC78AB66BE8525AC9AEE6695C69E531E9","T6_THEORY_OR_LEGACY_INPUT","theory_input_or_legacy_poc","","LEGACY_POC"
"F0477","GITHUB_REPO","Before_R2\Estudos Preliminares e testes\PoC 01\Entrega-04\figures\screening_distribution_v4.svg",".svg","2041","2026-09-12 14:34","48A6D4E02C302F6B28685A78D501C8F5E238EDB15D6965D49566D908A7B3EA3F","T6_THEORY_OR_LEGACY_INPUT","theory_input_or_legacy_poc","","LEGACY_POC"
"F0478","GITHUB_REPO","Before_R2\Estudos Preliminares e testes\PoC 01\Entrega-04\prompts\shared_guardrail_block.md",".md","2196","2026-09-12 14:34","A04B4841F036D74BEAEE6D2C45339A6E423B383D78CB4A1C3CE5F69E6290E2AD","T4_PROMPT","prompt","DUP051","LEGACY_POC"
"F0479","GITHUB_REPO","Before_R2\Estudos Preliminares e testes\PoC 01\Entrega-04\prompts\stage_a2_system.md",".md","2324","2026-09-12 14:34","4C72165F00E3A022D0F374869D116ECE8B9E217F40EC854059AF1C3B57C73D31","T4_PROMPT","prompt","","LEGACY_POC"
"F0480","GITHUB_REPO","Before_R2\Estudos Preliminares e testes\PoC 01\Entrega-04\prompts\stage_a2_user_template.md",".md","434","2026-09-12 14:34","75766F454A5095EA58D4FAAD369E8B8E97086D4C6429D013F3973BA6873C36F9","T4_PROMPT","prompt","DUP038","LEGACY_POC"
"F0481","GITHUB_REPO","Before_R2\Estudos Preliminares e testes\PoC 01\Entrega-04\prompts\stage_b1_system.md",".md","2408","2026-09-12 14:34","A4FA95862B46630B888D8A6BC563DC48D2F6CAB54A3376D5CD5A6CD5C59294BE","T4_PROMPT","prompt","DUP052","LEGACY_POC"
"F0482","GITHUB_REPO","Before_R2\Estudos Preliminares e testes\PoC 01\Entrega-04\prompts\stage_b1_user_template.md",".md","1094","2026-09-12 14:34","A6213463E2466F5263B24759F7183FD0BF338E292C28669E26699477DCCDB9CB","T4_PROMPT","prompt","DUP054","LEGACY_POC"
"F0483","GITHUB_REPO","Before_R2\Estudos Preliminares e testes\PoC 01\Entrega-04\prompts\stage_b2_system.md",".md","3078","2026-09-12 14:34","87354B96CB56C65F90558C508DB6E861B728DDB092314F38382D69F3F2868D67","T4_PROMPT","prompt","","LEGACY_POC"
"F0484","GITHUB_REPO","Before_R2\Estudos Preliminares e testes\PoC 01\Entrega-04\prompts\stage_b2_user_template.md",".md","712","2026-09-12 14:34","CBF03806BD3FDE349EC000489E002B3EF3D3F841ECE18E969FDBFB2D1B6348B2","T4_PROMPT","prompt","DUP072","LEGACY_POC"
"F0485","GITHUB_REPO","Before_R2\Estudos Preliminares e testes\PoC 01\Entrega-04\prompts\stage_c_system.md",".md","2265","2026-09-12 14:34","86C1E558C706EF60E45D9FD13D689142EB6FF18FB710A0818D6442E89E7B11A6","T4_PROMPT","prompt","DUP046","LEGACY_POC"
"F0486","GITHUB_REPO","Before_R2\Estudos Preliminares e testes\PoC 01\Entrega-04\prompts\stage_c_user_template.md",".md","1321","2026-09-12 14:34","51733884F08454E40A5B9F11B2C34106E95DEF2F61FE3A0A6FA483776B16862C","T4_PROMPT","prompt","DUP024","LEGACY_POC"
"F0487","GITHUB_REPO","Before_R2\Estudos Preliminares e testes\PoC 01\Entrega-04\schemas\common_defs.schema.json",".json","3839","2026-09-12 14:34","F172CEB1BA1041F178FBD3DDD304644E1C94B615BA14CE8CE63C8AE355C7BF85","T4_METHODOLOGY_DOC","methodology_or_design","","LEGACY_POC"
"F0488","GITHUB_REPO","Before_R2\Estudos Preliminares e testes\PoC 01\Entrega-04\schemas\stage_a2_candidate_detection.schema.json",".json","1561","2026-09-12 14:34","1D3C1554D8EC1E3A75489575304BF9A7E8154814FB5F04A27FD4CB8849561D0A","T5_PRIOR_CODING_OUTPUT","prior_coding_or_review","","LEGACY_POC"
"F0489","GITHUB_REPO","Before_R2\Estudos Preliminares e testes\PoC 01\Entrega-04\schemas\stage_b1_architecture.schema.json",".json","2191","2026-09-12 14:34","C4F162894A57BC22D7AEEC8DEED07F632BC67F23EF277F7E6D1385437FD05FF2","T4_METHODOLOGY_DOC","methodology_or_design","DUP070","LEGACY_POC"
"F0490","GITHUB_REPO","Before_R2\Estudos Preliminares e testes\PoC 01\Entrega-04\schemas\stage_b2_rit_adjudication.schema.json",".json","2620","2026-09-12 14:34","86B9A5DE0EA3770A5823BF4DEFDC5384822EFB4E48800BBFB012EC871CC18473","T4_METHODOLOGY_DOC","methodology_or_design","DUP045","LEGACY_POC"
"F0491","GITHUB_REPO","Before_R2\Estudos Preliminares e testes\PoC 01\Entrega-04\schemas\stage_c_attributes.schema.json",".json","3347","2026-09-12 14:34","F2CB62342A0C213523E83CDD102C0A6F46579B8C0C316F00CC0286BD83929388","T4_METHODOLOGY_DOC","methodology_or_design","DUP088","LEGACY_POC"
"F0492","GITHUB_REPO","Before_R2\Estudos Preliminares e testes\PoC 01\Entrega-04\scripts\build_auxiliary_outputs_v4.py",".py","9794","2026-09-12 14:34","29941250375485C860FBB33C6297FA2A5792E7FFABBFFFB78320199791E1538C","T7_SCRIPT_OR_TEST","code","","LEGACY_POC"
"F0493","GITHUB_REPO","Before_R2\Estudos Preliminares e testes\PoC 01\Entrega-04\scripts\build_datasets_v4.py",".py","6574","2026-09-12 14:34","17CBF20BC0457632D68E7A8BB2BC24F2974DDD8515B6C159FF08C36E8311BF08","T7_SCRIPT_OR_TEST","code","","LEGACY_POC"
"F0494","GITHUB_REPO","Before_R2\Estudos Preliminares e testes\PoC 01\Entrega-04\scripts\collect_v4.py",".py","5286","2026-09-12 14:34","03B2BF9CD9836D28CC114A341FA640BD7A03BCFCF0338CFC59A14F746150F1E7","T7_SCRIPT_OR_TEST","code","","LEGACY_POC"
"F0495","GITHUB_REPO","Before_R2\Estudos Preliminares e testes\PoC 01\Entrega-04\scripts\consistency_check.py",".py","4104","2026-09-12 14:34","90967041F5B8F79623F6B482D64A198A680F4CCB673B578DB48597EBD08976C5","T7_SCRIPT_OR_TEST","code","","LEGACY_POC"
"F0496","GITHUB_REPO","Before_R2\Estudos Preliminares e testes\PoC 01\Entrega-04\scripts\context_package_v4.py",".py","2635","2026-09-12 14:34","A9ED2713FF4EB80026124E91713B95DA199D016D4FF78893D81D0F135596ED43","T7_SCRIPT_OR_TEST","code","","LEGACY_POC"
"F0497","GITHUB_REPO","Before_R2\Estudos Preliminares e testes\PoC 01\Entrega-04\scripts\estimate_v4.py",".py","3417","2026-09-12 14:34","17982143E0A09DE6510966D79C61FB9C9E5C57EEE47BF3327B32CDE9E2D84D29","T7_SCRIPT_OR_TEST","code","","LEGACY_POC"
"F0498","GITHUB_REPO","Before_R2\Estudos Preliminares e testes\PoC 01\Entrega-04\scripts\make_figure_v4.py",".py","1016","2026-09-12 14:34","06CCEA70B4572BD274DB6A69D543B620A1E64E1D6C5687F9C42516CEFBA78641","T7_SCRIPT_OR_TEST","code","","LEGACY_POC"
"F0499","GITHUB_REPO","Before_R2\Estudos Preliminares e testes\PoC 01\Entrega-04\scripts\make_figures_v4.py",".py","7138","2026-09-12 14:34","884ABA650AB6AECF9FDBC0E48D61C897FF4181E7715B0594F580AF6AACA0BF8B","T7_SCRIPT_OR_TEST","code","","LEGACY_POC"
"F0500","GITHUB_REPO","Before_R2\Estudos Preliminares e testes\PoC 01\Entrega-04\scripts\model_adapter.py",".py","8156","2026-09-12 14:34","48C431D6883D4D2541DED61C8B053934EEDCB7FC3946CD1C50FD82B9594867AF","T7_SCRIPT_OR_TEST","code","","LEGACY_POC"
"F0501","GITHUB_REPO","Before_R2\Estudos Preliminares e testes\PoC 01\Entrega-04\scripts\prepare_samples_v4.py",".py","4649","2026-09-12 14:34","709D13E02E1B2235921FFE2E6F0BB8285947F133C76BE45C88713E4ECAE59681","T7_SCRIPT_OR_TEST","code","","LEGACY_POC"
"F0502","GITHUB_REPO","Before_R2\Estudos Preliminares e testes\PoC 01\Entrega-04\scripts\run_ai_v4.py",".py","6784","2026-09-12 14:34","828EBBCAF5586AAF646DBB6B7AD8BE718AD5B2095547075FA9A860A195BA112C","T7_SCRIPT_OR_TEST","code","","LEGACY_POC"
"F0503","GITHUB_REPO","Before_R2\Estudos Preliminares e testes\PoC 01\Entrega-04\scripts\run_stage.py",".py","7664","2026-09-12 14:34","DB438429B68E4A0BCE577A3831A292FE483DD8E9C22AEA23880976416BA5AE7D","T7_SCRIPT_OR_TEST","code","","LEGACY_POC"
"F0504","GITHUB_REPO","Before_R2\Estudos Preliminares e testes\PoC 01\Entrega-04\scripts\screening_v4.py",".py","8021","2026-09-12 14:34","06180DA6BF08BEC6223FB83E52BBAE58ADB17EFE725E11D7F6B46442D640E814","T7_SCRIPT_OR_TEST","code","","LEGACY_POC"
"F0505","GITHUB_REPO","Before_R2\Estudos Preliminares e testes\PoC 01\Entrega-04\scripts\validate_v4.py",".py","8786","2026-09-12 14:34","88D4463D442DFABE538E5AA432136B5B06803EB39F72A0038454E20E16BF7828","T7_SCRIPT_OR_TEST","code","","LEGACY_POC"
"F0506","GITHUB_REPO","Before_R2\Estudos Preliminares e testes\v1\Candidatura_Research_Assistant_Intermediarios_UE\00_plano_execucao.md",".md","2850","2026-09-12 14:34","93FEAE3B3187C6A1B38C81306FEAA5C61BF0581AEE779F482D8CBA4FCEDF63F4","T5_PRIOR_CODING_OUTPUT","prior_coding_or_review","","LEGACY_POC"
"F0507","GITHUB_REPO","Before_R2\Estudos Preliminares e testes\v1\Candidatura_Research_Assistant_Intermediarios_UE\01_resposta_david.md",".md","2137","2026-09-12 14:34","33C0AD9F468587E9B329F3CBB914B800FD06BA1574A86127B7B70BA87BA42666","T5_PRIOR_CODING_OUTPUT","prior_coding_or_review","","LEGACY_POC"
"F0508","GITHUB_REPO","Before_R2\Estudos Preliminares e testes\v1\Candidatura_Research_Assistant_Intermediarios_UE\02_resumo_qualificacoes.md",".md","2987","2026-09-12 14:34","672E2050752F8AA7AF349A974EB20550467D5944A4A67F644C09AE3F429AE3A3","T5_PRIOR_CODING_OUTPUT","prior_coding_or_review","","LEGACY_POC"
"F0509","GITHUB_REPO","Before_R2\Estudos Preliminares e testes\v1\Candidatura_Research_Assistant_Intermediarios_UE\03_nota_tecnica_abordagem.md",".md","3982","2026-09-12 14:34","D5EE4033E2D7B19D082DBCA4712E84749BB1C323C571550D46D96C3CE78B1576","T5_PRIOR_CODING_OUTPUT","prior_coding_or_review","","LEGACY_POC"
"F0510","GITHUB_REPO","Before_R2\Estudos Preliminares e testes\v1\Candidatura_Research_Assistant_Intermediarios_UE\04_plano_poc_scraping.md",".md","4410","2026-09-12 14:34","F3DF241D0E44762B40D772E156B4231420813CA1D274E922C1B34E5090C6C811","T5_PRIOR_CODING_OUTPUT","prior_coding_or_review","","LEGACY_POC"
"F0511","GITHUB_REPO","Before_R2\Estudos Preliminares e testes\v1\Candidatura_Research_Assistant_Intermediarios_UE\05_proposta_entrega_codificacao_intermediarios.docx",".docx","18037","2026-09-12 14:34","A56BA1C57CD6B658FD3ED32C908480535CF8B6942496F659602B0857E3701E5A","T5_PRIOR_CODING_OUTPUT","prior_coding_or_review","DUP053","LEGACY_POC"
"F0512","GITHUB_REPO","Before_R2\Estudos Preliminares e testes\v1\Candidatura_Research_Assistant_Intermediarios_UE\05_proposta_entrega_codificacao_intermediarios.md",".md","13272","2026-09-12 14:34","14C69364906B7A6019172313B0DD05D786274B7C85F04510FF45C6EACAB08F20","T5_PRIOR_CODING_OUTPUT","prior_coding_or_review","DUP008","LEGACY_POC"
"F0513","GITHUB_REPO","Before_R2\Estudos Preliminares e testes\v1\Candidatura_Research_Assistant_Intermediarios_UE\06_research_note_intermediary_coding_EN.docx",".docx","16445","2026-09-12 14:34","235081F935D3B4C5E454115523BCBD42C08F7DFF383F2ECABE25CEB0B20D1311","T5_PRIOR_CODING_OUTPUT","prior_coding_or_review","DUP014","LEGACY_POC"
"F0514","GITHUB_REPO","Before_R2\Estudos Preliminares e testes\v1\Candidatura_Research_Assistant_Intermediarios_UE\06_research_note_intermediary_coding_EN.md",".md","9628","2026-09-12 14:34","5B7473D6B3A6F2A18BFA96791B7E81355F7F1630F8201363CBD87EC8DC4A4E5A","T5_PRIOR_CODING_OUTPUT","prior_coding_or_review","DUP029","LEGACY_POC"
"F0515","GITHUB_REPO","Before_R2\Estudos Preliminares e testes\v1\Candidatura_Research_Assistant_Intermediarios_UE\07_research_note_intermediary_coding_EN_v2.docx",".docx","15213","2026-09-12 14:34","BCD5B5F3D6634DA15ACDC00A272C27DA33CAD7844CDD89BF8F4DF56B9C2BC8AE","T5_PRIOR_CODING_OUTPUT","prior_coding_or_review","","LEGACY_POC"
"F0516","GITHUB_REPO","Before_R2\Estudos Preliminares e testes\v1\Candidatura_Research_Assistant_Intermediarios_UE\07_research_note_intermediary_coding_EN_v2.md",".md","7332","2026-09-12 14:34","C7DFDF9BF07BA812E1173F6367809F049B68CEDCEBEE846D9A99245B9A751689","T5_PRIOR_CODING_OUTPUT","prior_coding_or_review","","LEGACY_POC"
"F0517","GITHUB_REPO","Before_R2\Estudos Preliminares e testes\v1\Entrega-01\README.md",".md","2006","2026-09-12 14:34","E9BDBCC150E3325707D7A51C8FA2BC8B56C4480E6511F70C49FF02F004615C93","T6_THEORY_OR_LEGACY_INPUT","theory_input_or_legacy_poc","","LEGACY_POC"
"F0518","GITHUB_REPO","Before_R2\Estudos Preliminares e testes\v1\Entrega-01\Research_Note_Intermediary_Coding_EN.docx",".docx","16445","2026-09-12 14:34","235081F935D3B4C5E454115523BCBD42C08F7DFF383F2ECABE25CEB0B20D1311","T6_THEORY_OR_LEGACY_INPUT","theory_input_or_legacy_poc","DUP014","LEGACY_POC"
"F0519","GITHUB_REPO","Before_R2\Estudos Preliminares e testes\v1\Entrega-01\Research_Note_Intermediary_Coding_EN.md",".md","9628","2026-09-12 14:34","5B7473D6B3A6F2A18BFA96791B7E81355F7F1630F8201363CBD87EC8DC4A4E5A","T6_THEORY_OR_LEGACY_INPUT","theory_input_or_legacy_poc","DUP029","LEGACY_POC"
"F0520","GITHUB_REPO","Before_R2\Estudos Preliminares e testes\v1\Entrega-01\Anexos\CODEBOOK.md",".md","12749","2026-09-12 14:34","5693CA030D77B1BBF981BF6208D53DF01FEF38757627BA5E58607019E59846AF","T4_METHODOLOGY_DOC","methodology_or_design","DUP026","LEGACY_POC"
"F0521","GITHUB_REPO","Before_R2\Estudos Preliminares e testes\v1\Entrega-01\Anexos\GOLD_STANDARD_VALIDATION.md",".md","4311","2026-09-12 14:34","18521B6579AE856A1911F8D1DD80F63F0D10DCB453992EB3032B2FFF44666AC9","T6_THEORY_OR_LEGACY_INPUT","theory_input_or_legacy_poc","","LEGACY_POC"
"F0522","GITHUB_REPO","Before_R2\Estudos Preliminares e testes\v1\Entrega-01\Anexos\METODOLOGIA.md",".md","12280","2026-09-12 14:34","A72A460FE6708E095DF4A412908515193E9F0968DE3D14F3814D14CD234A3C2A","T6_THEORY_OR_LEGACY_INPUT","theory_input_or_legacy_poc","DUP055","LEGACY_POC"
"F0523","GITHUB_REPO","Before_R2\Estudos Preliminares e testes\v1\Entrega-01\Anexos\README.md",".md","7787","2026-09-12 14:34","B8035D1E3A54523D827C065131BD51CA14EFCE949F0A18DC0C3BB9DD036557D2","T6_THEORY_OR_LEGACY_INPUT","theory_input_or_legacy_poc","DUP063","LEGACY_POC"
"F0524","GITHUB_REPO","Before_R2\Estudos Preliminares e testes\v1\Entrega-01\Anexos\RIT_CODING.md",".md","6937","2026-09-12 14:34","E1EC3027AC990F52BAC68DAF578DED7C9267D2FC18A9CD4DFB7A8B3E6DD28E00","T6_THEORY_OR_LEGACY_INPUT","theory_input_or_legacy_poc","DUP082","LEGACY_POC"
"F0525","GITHUB_REPO","Before_R2\Estudos Preliminares e testes\v1\Entrega-01\Anexos\data\climate_benchmarks_dataset.csv",".csv","28635","2026-09-12 14:34","C0A34742EB76DB176FCA8E50A4A95308E0A0C2A9033A3F683B80977916433D62","T6_THEORY_OR_LEGACY_INPUT","theory_input_or_legacy_poc","DUP067","LEGACY_POC"
"F0526","GITHUB_REPO","Before_R2\Estudos Preliminares e testes\v1\Entrega-01\Anexos\data\climate_benchmarks_raw.html",".html","110826","2026-09-12 14:34","7CDF0EDD84175A73D4E6A1DBEA05D0A4DC29A1D9C28EA6AFBB7EC0BC6BFE2794","T6_THEORY_OR_LEGACY_INPUT","theory_input_or_legacy_poc","DUP041","LEGACY_POC"
"F0527","GITHUB_REPO","Before_R2\Estudos Preliminares e testes\v1\Entrega-01\Anexos\data\combined_dataset.csv",".csv","480547","2026-09-12 14:34","C05090C7BA211E3DF4AEE72FB838803922A0161A1A6CBD7D1FB467F33DEE1D8D","T6_THEORY_OR_LEGACY_INPUT","theory_input_or_legacy_poc","DUP066","LEGACY_POC"
"F0528","GITHUB_REPO","Before_R2\Estudos Preliminares e testes\v1\Entrega-01\Anexos\data\csrd_dataset.csv",".csv","274888","2026-09-12 14:34","AD17E34CC3DDFA3A5F9C68CB3F39794EC77BD7AE81AF9C78733543B595AAE758","T6_THEORY_OR_LEGACY_INPUT","theory_input_or_legacy_poc","DUP058","LEGACY_POC"
"F0529","GITHUB_REPO","Before_R2\Estudos Preliminares e testes\v1\Entrega-01\Anexos\data\csrd_raw.html",".html","634105","2026-09-12 14:34","FFA53B67A61DFD318C387B6DC2A0F5E674C433D0197490DC1F6EEF9DBE89508E","T6_THEORY_OR_LEGACY_INPUT","theory_input_or_legacy_poc","DUP092","LEGACY_POC"
"F0530","GITHUB_REPO","Before_R2\Estudos Preliminares e testes\v1\Entrega-01\Anexos\data\ecolabel_dataset.csv",".csv","32780","2026-09-12 14:34","6548F6FDA17A4A8B9C78BEA480A28BA9BBB0DB695EC0E9304420F3E41B6FD303","T6_THEORY_OR_LEGACY_INPUT","theory_input_or_legacy_poc","DUP033","LEGACY_POC"
"F0531","GITHUB_REPO","Before_R2\Estudos Preliminares e testes\v1\Entrega-01\Anexos\data\ecolabel_raw.html",".html","213816","2026-09-12 14:34","476DAE9D0686C54CB959FF725770A5DD087BDA97838BDD665D31B662B0C44F0A","T6_THEORY_OR_LEGACY_INPUT","theory_input_or_legacy_poc","DUP020","LEGACY_POC"
"F0532","GITHUB_REPO","Before_R2\Estudos Preliminares e testes\v1\Entrega-01\Anexos\data\ets_verification_dataset.csv",".csv","133748","2026-09-12 14:34","169540FF4CC4C41290C515B5DA77A23C1DE8248968D97E9B490D68FF40038C9E","T6_THEORY_OR_LEGACY_INPUT","theory_input_or_legacy_poc","DUP009","LEGACY_POC"
"F0533","GITHUB_REPO","Before_R2\Estudos Preliminares e testes\v1\Entrega-01\Anexos\data\ets_verification_raw.html",".html","437843","2026-09-12 14:34","77FFF0A72784D355CF8D64CDFCD4051523F4CDD9F0C7DA332B5BC09FA8C96D65","T6_THEORY_OR_LEGACY_INPUT","theory_input_or_legacy_poc","DUP040","LEGACY_POC"
"F0534","GITHUB_REPO","Before_R2\Estudos Preliminares e testes\v1\Entrega-01\Anexos\data\rit_coded_sample.csv",".csv","4025","2026-09-12 14:34","AD20019888CCBCF0ECCD0A0FCF631D5D01928F93CA1EC7B6B5D16ED928820EC2","T6_THEORY_OR_LEGACY_INPUT","theory_input_or_legacy_poc","DUP059","LEGACY_POC"
"F0535","GITHUB_REPO","Before_R2\Estudos Preliminares e testes\v1\Entrega-01\Anexos\scripts\codebook_screen.py",".py","9378","2026-09-12 14:34","4557841A1BB61C227A1231C8C8A05D5876F0A3AF7285A6A7A584C463ABE55C3E","T4_METHODOLOGY_DOC","methodology_or_design","DUP019","LEGACY_POC"
"F0536","GITHUB_REPO","Before_R2\Estudos Preliminares e testes\v1\Entrega-01\Anexos\scripts\collect.py",".py","1126","2026-09-12 14:34","50972DA1A316F9103DBC8F9EEEAF85ACD06E18CAB3BD6748B73450D97CF501F7","T7_SCRIPT_OR_TEST","code","DUP023","LEGACY_POC"
"F0537","GITHUB_REPO","Before_R2\Estudos Preliminares e testes\v1\Entrega-01\Anexos\scripts\combine.py",".py","1499","2026-09-12 14:34","2549D54C884FBF58D852AF5EF538FA1F5743363DEDC247A39366F846607D580B","T7_SCRIPT_OR_TEST","code","DUP015","LEGACY_POC"
"F0538","GITHUB_REPO","Before_R2\Estudos Preliminares e testes\v1\Entrega-01\v1_retirado_05-09_pre-revisao\Proposta_Codificacao_Intermediarios_UE.docx",".docx","18037","2026-09-12 14:34","A56BA1C57CD6B658FD3ED32C908480535CF8B6942496F659602B0857E3701E5A","T6_THEORY_OR_LEGACY_INPUT","theory_input_or_legacy_poc","DUP053","LEGACY_POC"
"F0539","GITHUB_REPO","Before_R2\Estudos Preliminares e testes\v1\Entrega-01\v1_retirado_05-09_pre-revisao\Proposta_Codificacao_Intermediarios_UE.md",".md","13272","2026-09-12 14:34","14C69364906B7A6019172313B0DD05D786274B7C85F04510FF45C6EACAB08F20","T6_THEORY_OR_LEGACY_INPUT","theory_input_or_legacy_poc","DUP008","LEGACY_POC"
"F0540","GITHUB_REPO","Before_R2\Estudos Preliminares e testes\v1\PoC\CHANGELOG.md",".md","3226","2026-09-12 14:34","836572C00711F8BA81641692D01D660F8A10AA13CF693BE30C545E81D9E14635","T6_THEORY_OR_LEGACY_INPUT","theory_input_or_legacy_poc","","LEGACY_POC"
"F0541","GITHUB_REPO","Before_R2\Estudos Preliminares e testes\v1\PoC\CODEBOOK.md",".md","12749","2026-09-12 14:34","5693CA030D77B1BBF981BF6208D53DF01FEF38757627BA5E58607019E59846AF","T4_METHODOLOGY_DOC","methodology_or_design","DUP026","LEGACY_POC"
"F0542","GITHUB_REPO","Before_R2\Estudos Preliminares e testes\v1\PoC\DATA_DICTIONARY.md",".md","7815","2026-09-12 14:34","8514534E462B19D8315C3C7315A2B3CD23FBC77570FF332954C7A38BE27CEC73","T4_METHODOLOGY_DOC","methodology_or_design","","LEGACY_POC"
"F0543","GITHUB_REPO","Before_R2\Estudos Preliminares e testes\v1\PoC\GOLD_STANDARD_VALIDATION.md",".md","4613","2026-09-12 14:34","C5BEB8BDCD3E2A47FE60472EE1642ADEFD9A52AC67EBF8E454A1F59D32119F33","T6_THEORY_OR_LEGACY_INPUT","theory_input_or_legacy_poc","","LEGACY_POC"
"F0544","GITHUB_REPO","Before_R2\Estudos Preliminares e testes\v1\PoC\METHODOLOGY_v2.md",".md","2936","2026-09-12 14:34","8CA51479B30BE76062F66704D3D0B941E31CC00D6AD3209DAD600CFA7684A9B6","T4_METHODOLOGY_DOC","methodology_or_design","","LEGACY_POC"
"F0545","GITHUB_REPO","Before_R2\Estudos Preliminares e testes\v1\PoC\METODOLOGIA.md",".md","12280","2026-09-12 14:34","A72A460FE6708E095DF4A412908515193E9F0968DE3D14F3814D14CD234A3C2A","T6_THEORY_OR_LEGACY_INPUT","theory_input_or_legacy_poc","DUP055","LEGACY_POC"
"F0546","GITHUB_REPO","Before_R2\Estudos Preliminares e testes\v1\PoC\README.md",".md","7787","2026-09-12 14:34","B8035D1E3A54523D827C065131BD51CA14EFCE949F0A18DC0C3BB9DD036557D2","T6_THEORY_OR_LEGACY_INPUT","theory_input_or_legacy_poc","DUP063","LEGACY_POC"
"F0547","GITHUB_REPO","Before_R2\Estudos Preliminares e testes\v1\PoC\RIT_CODEBOOK.md",".md","6437","2026-09-12 14:34","37CE8D1C302D337916C300F4EB208703D328F6AFCDF74E34B7695C2DFEBE2B94","T4_METHODOLOGY_DOC","methodology_or_design","","LEGACY_POC"
"F0548","GITHUB_REPO","Before_R2\Estudos Preliminares e testes\v1\PoC\RIT_CODING.md",".md","6937","2026-09-12 14:34","E1EC3027AC990F52BAC68DAF578DED7C9267D2FC18A9CD4DFB7A8B3E6DD28E00","T6_THEORY_OR_LEGACY_INPUT","theory_input_or_legacy_poc","DUP082","LEGACY_POC"
"F0549","GITHUB_REPO","Before_R2\Estudos Preliminares e testes\v1\PoC\SCREENING_CODEBOOK.md",".md","1731","2026-09-12 14:34","6A463CA3D4B340F131075895687F0EC2C6A68B08F03E4827298EA7010175A23D","T4_METHODOLOGY_DOC","methodology_or_design","","LEGACY_POC"
"F0550","GITHUB_REPO","Before_R2\Estudos Preliminares e testes\v1\PoC\VALIDATION_PROTOCOL.md",".md","3176","2026-09-12 14:34","FC2B874A664609F36FF7F29E0632D496E1777DE4A433C3A8137BD984812F92FA","T4_METHODOLOGY_DOC","methodology_or_design","","LEGACY_POC"
"F0551","GITHUB_REPO","Before_R2\Estudos Preliminares e testes\v1\PoC\VARIABLE_MAP.md",".md","4788","2026-09-12 14:34","347DFC6F6AB97F90C9CAA53AC61F3B2DAF75C84AB88D641B358A65227CCA6178","T4_METHODOLOGY_DOC","methodology_or_design","","LEGACY_POC"
"F0552","GITHUB_REPO","Before_R2\Estudos Preliminares e testes\v1\PoC\data\climate_benchmarks_dataset.csv",".csv","28635","2026-09-12 14:34","C0A34742EB76DB176FCA8E50A4A95308E0A0C2A9033A3F683B80977916433D62","T6_THEORY_OR_LEGACY_INPUT","theory_input_or_legacy_poc","DUP067","LEGACY_POC"
"F0553","GITHUB_REPO","Before_R2\Estudos Preliminares e testes\v1\PoC\data\climate_benchmarks_raw.html",".html","110826","2026-09-12 14:34","7CDF0EDD84175A73D4E6A1DBEA05D0A4DC29A1D9C28EA6AFBB7EC0BC6BFE2794","T6_THEORY_OR_LEGACY_INPUT","theory_input_or_legacy_poc","DUP041","LEGACY_POC"
"F0554","GITHUB_REPO","Before_R2\Estudos Preliminares e testes\v1\PoC\data\combined_dataset.csv",".csv","480547","2026-09-12 14:34","C05090C7BA211E3DF4AEE72FB838803922A0161A1A6CBD7D1FB467F33DEE1D8D","T6_THEORY_OR_LEGACY_INPUT","theory_input_or_legacy_poc","DUP066","LEGACY_POC"
"F0555","GITHUB_REPO","Before_R2\Estudos Preliminares e testes\v1\PoC\data\csrd_dataset.csv",".csv","274888","2026-09-12 14:34","AD17E34CC3DDFA3A5F9C68CB3F39794EC77BD7AE81AF9C78733543B595AAE758","T6_THEORY_OR_LEGACY_INPUT","theory_input_or_legacy_poc","DUP058","LEGACY_POC"
"F0556","GITHUB_REPO","Before_R2\Estudos Preliminares e testes\v1\PoC\data\csrd_raw.html",".html","634105","2026-09-12 14:34","FFA53B67A61DFD318C387B6DC2A0F5E674C433D0197490DC1F6EEF9DBE89508E","T6_THEORY_OR_LEGACY_INPUT","theory_input_or_legacy_poc","DUP092","LEGACY_POC"
"F0557","GITHUB_REPO","Before_R2\Estudos Preliminares e testes\v1\PoC\data\ecolabel_dataset.csv",".csv","32780","2026-09-12 14:34","6548F6FDA17A4A8B9C78BEA480A28BA9BBB0DB695EC0E9304420F3E41B6FD303","T6_THEORY_OR_LEGACY_INPUT","theory_input_or_legacy_poc","DUP033","LEGACY_POC"
"F0558","GITHUB_REPO","Before_R2\Estudos Preliminares e testes\v1\PoC\data\ecolabel_raw.html",".html","213816","2026-09-12 14:34","476DAE9D0686C54CB959FF725770A5DD087BDA97838BDD665D31B662B0C44F0A","T6_THEORY_OR_LEGACY_INPUT","theory_input_or_legacy_poc","DUP020","LEGACY_POC"
"F0559","GITHUB_REPO","Before_R2\Estudos Preliminares e testes\v1\PoC\data\ets_verification_dataset.csv",".csv","133748","2026-09-12 14:34","169540FF4CC4C41290C515B5DA77A23C1DE8248968D97E9B490D68FF40038C9E","T6_THEORY_OR_LEGACY_INPUT","theory_input_or_legacy_poc","DUP009","LEGACY_POC"
"F0560","GITHUB_REPO","Before_R2\Estudos Preliminares e testes\v1\PoC\data\ets_verification_raw.html",".html","437843","2026-09-12 14:34","77FFF0A72784D355CF8D64CDFCD4051523F4CDD9F0C7DA332B5BC09FA8C96D65","T6_THEORY_OR_LEGACY_INPUT","theory_input_or_legacy_poc","DUP040","LEGACY_POC"
"F0561","GITHUB_REPO","Before_R2\Estudos Preliminares e testes\v1\PoC\data\rit_coded_sample_v2.csv",".csv","7911","2026-09-12 14:34","B30891AABBD6C1D2803DC51CCF9E4E01A1140E2FB271C9AC3F7292AE9E584474","T6_THEORY_OR_LEGACY_INPUT","theory_input_or_legacy_poc","","LEGACY_POC"
"F0562","GITHUB_REPO","Before_R2\Estudos Preliminares e testes\v1\PoC\data\rit_coded_sample.csv",".csv","4025","2026-09-12 14:34","AD20019888CCBCF0ECCD0A0FCF631D5D01928F93CA1EC7B6B5D16ED928820EC2","T6_THEORY_OR_LEGACY_INPUT","theory_input_or_legacy_poc","DUP059","LEGACY_POC"
"F0563","GITHUB_REPO","Before_R2\Estudos Preliminares e testes\v1\PoC\scripts\codebook_screen.py",".py","9378","2026-09-12 14:34","4557841A1BB61C227A1231C8C8A05D5876F0A3AF7285A6A7A584C463ABE55C3E","T4_METHODOLOGY_DOC","methodology_or_design","DUP019","LEGACY_POC"
"F0564","GITHUB_REPO","Before_R2\Estudos Preliminares e testes\v1\PoC\scripts\collect.py",".py","1126","2026-09-12 14:34","50972DA1A316F9103DBC8F9EEEAF85ACD06E18CAB3BD6748B73450D97CF501F7","T7_SCRIPT_OR_TEST","code","DUP023","LEGACY_POC"
"F0565","GITHUB_REPO","Before_R2\Estudos Preliminares e testes\v1\PoC\scripts\combine.py",".py","1499","2026-09-12 14:34","2549D54C884FBF58D852AF5EF538FA1F5743363DEDC247A39366F846607D580B","T7_SCRIPT_OR_TEST","code","DUP015","LEGACY_POC"
"F0566","GITHUB_REPO","Before_R2\Exercício Dataset\Roteiro","","22126","2026-09-12 14:34","17D63960F1E4E4588DD716671B6A37A09403A029062A316A7D756753D59A8A4F","T4_METHODOLOGY_DOC","methodology_or_design","",""
"F0567","GITHUB_REPO","Before_R2\Exercício Dataset\Inputs\EUR-lex","","18617","2026-09-12 14:34","D446638265916B3A20F251CFB7D4472BAE49676CD01D8DE5C801677A603F0D85","T6_THEORY_OR_LEGACY_INPUT","theory_input_or_legacy_poc","DUP074",""
"F0568","GITHUB_REPO","Before_R2\Exercício Dataset\Inputs\faça um fichamento completo e analise deste trabal.pdf",".pdf","546208","2026-09-12 14:34","CD16729BB24B5763A3D1EC8500EEEB50868C1CE2C4F9E306EFFAD975E3B88715","T6_THEORY_OR_LEGACY_INPUT","theory_input_or_legacy_poc","DUP073",""
"F0569","GITHUB_REPO","Before_R2\Exercício Dataset\Inputs\Intermedaries proposal mapatz  28 November-framework.docx",".docx","732545","2026-09-12 14:34","C05085776FBB0B7DDDF028C2DB5EC484765AC98B380B5F7B6711EA05DDF2D360","T6_THEORY_OR_LEGACY_INPUT","theory_input_or_legacy_poc","DUP065",""
"F0570","GITHUB_REPO","Before_R2\Exercício Dataset\Inputs\Intermedaries proposal mapatz  28 November.docx",".docx","683857","2026-09-12 14:34","586A0F01C19FC2055367E428FF2CFEFF8867CCD8C00E12EB34FE95A1DDEC47A9","T6_THEORY_OR_LEGACY_INPUT","theory_input_or_legacy_poc","DUP027",""
"F0571","GITHUB_REPO","Before_R2\Exercício Dataset\Inputs\METHODOLOGY_WORKING_DRAFT_STAGE4.md",".md","31188","2026-09-12 14:34","EB84E97DE032EEFD97D7016571D62198ECB4EC37854CBFF3941F34F97B637094","T4_METHODOLOGY_DOC","methodology_or_design","DUP085",""
"F0572","GITHUB_REPO","Before_R2\Exercício Dataset\Inputs\Nota_Tecnica_Preliminar_Regulatory_Intermediation_v3_Luna.docx",".docx","49662","2026-09-12 14:34","DB8BF8C5DB7C37295093BD99E58B6B428359F1C91773F478D1DD238A5073BFF7","T6_THEORY_OR_LEGACY_INPUT","theory_input_or_legacy_poc","DUP078",""
"F0573","GITHUB_REPO","Before_R2\Exercício Dataset\Inputs\Nota_Tecnica_Preliminar_Regulatory_Intermediation_v3_Luna.md",".md","22549","2026-09-12 14:34","77E063CE8B3DBE5E9FA38FA53FF0E7F160D6315EF342F43FECD87F484FF6D70F","T6_THEORY_OR_LEGACY_INPUT","theory_input_or_legacy_poc","DUP039",""
"F0574","GITHUB_REPO","Before_R2\Exercício Dataset\Inputs\Nota_Tecnica_Preliminar_Regulatory_Intermediation_v3_Luna.pdf",".pdf","192399","2026-09-12 14:34","25DF54A5EB5FDC95A8A67F786E3293B778FE66A749D6FDDC16FAB412EE7BB1E8","T6_THEORY_OR_LEGACY_INPUT","theory_input_or_legacy_poc","DUP016",""
"F0575","GITHUB_REPO","Before_R2\Exercício Dataset\Inputs\Nota_Tecnica_Preliminar_Regulatory_Intermediation.docx",".docx","45571","2026-09-12 14:34","62792DAE655DAA4470E411CD14E55FF45AB77CE0909097DCBBB6A6C4DEC13FAC","T6_THEORY_OR_LEGACY_INPUT","theory_input_or_legacy_poc","DUP032",""
"F0576","GITHUB_REPO","Before_R2\Exercício Dataset\Inputs\resumo_executivo_proposta_intermediaries.md",".md","5262","2026-09-12 14:34","12122D843D274C5142BEF87C36313EB492A5094D3B82BF6FA50033CC274810C3","T6_THEORY_OR_LEGACY_INPUT","theory_input_or_legacy_poc","DUP007",""
"F0577","GITHUB_REPO","Before_R2\Exercício Dataset\Inputs\WhatsApp Image 2026-09-04 at 08.12.04.jpeg",".jpeg","321667","2026-09-12 14:34","0CC1B1B1A87931A4E4B54EF20B895E16D9D546F63573534D7E01AEA5DD33FC19","T6_THEORY_OR_LEGACY_INPUT","theory_input_or_legacy_poc","DUP004",""
"F0578","GITHUB_REPO","Before_R2\Inputs\EUR-lex","","18617","2026-09-12 14:34","D446638265916B3A20F251CFB7D4472BAE49676CD01D8DE5C801677A603F0D85","T6_THEORY_OR_LEGACY_INPUT","theory_input_or_legacy_poc","DUP074",""
"F0579","GITHUB_REPO","Before_R2\Inputs\faça um fichamento completo e analise deste trabal.pdf",".pdf","546208","2026-09-12 14:34","CD16729BB24B5763A3D1EC8500EEEB50868C1CE2C4F9E306EFFAD975E3B88715","T6_THEORY_OR_LEGACY_INPUT","theory_input_or_legacy_poc","DUP073",""
"F0580","GITHUB_REPO","Before_R2\Inputs\Intermedaries proposal mapatz  28 November-framework.docx",".docx","732545","2026-09-12 14:34","C05085776FBB0B7DDDF028C2DB5EC484765AC98B380B5F7B6711EA05DDF2D360","T6_THEORY_OR_LEGACY_INPUT","theory_input_or_legacy_poc","DUP065",""
"F0581","GITHUB_REPO","Before_R2\Inputs\Intermedaries proposal mapatz  28 November.docx",".docx","683857","2026-09-12 14:34","586A0F01C19FC2055367E428FF2CFEFF8867CCD8C00E12EB34FE95A1DDEC47A9","T6_THEORY_OR_LEGACY_INPUT","theory_input_or_legacy_poc","DUP027",""
"F0582","GITHUB_REPO","Before_R2\Inputs\METHODOLOGY_WORKING_DRAFT_STAGE4.md",".md","31188","2026-09-12 14:34","EB84E97DE032EEFD97D7016571D62198ECB4EC37854CBFF3941F34F97B637094","T4_METHODOLOGY_DOC","methodology_or_design","DUP085",""
"F0583","GITHUB_REPO","Before_R2\Inputs\Nota_Tecnica_Preliminar_Regulatory_Intermediation_v3_Luna.docx",".docx","49662","2026-09-12 14:34","DB8BF8C5DB7C37295093BD99E58B6B428359F1C91773F478D1DD238A5073BFF7","T6_THEORY_OR_LEGACY_INPUT","theory_input_or_legacy_poc","DUP078",""
"F0584","GITHUB_REPO","Before_R2\Inputs\Nota_Tecnica_Preliminar_Regulatory_Intermediation_v3_Luna.md",".md","22549","2026-09-12 14:34","77E063CE8B3DBE5E9FA38FA53FF0E7F160D6315EF342F43FECD87F484FF6D70F","T6_THEORY_OR_LEGACY_INPUT","theory_input_or_legacy_poc","DUP039",""
"F0585","GITHUB_REPO","Before_R2\Inputs\Nota_Tecnica_Preliminar_Regulatory_Intermediation_v3_Luna.pdf",".pdf","192399","2026-09-12 14:34","25DF54A5EB5FDC95A8A67F786E3293B778FE66A749D6FDDC16FAB412EE7BB1E8","T6_THEORY_OR_LEGACY_INPUT","theory_input_or_legacy_poc","DUP016",""
"F0586","GITHUB_REPO","Before_R2\Inputs\Nota_Tecnica_Preliminar_Regulatory_Intermediation.docx",".docx","45571","2026-09-12 14:34","62792DAE655DAA4470E411CD14E55FF45AB77CE0909097DCBBB6A6C4DEC13FAC","T6_THEORY_OR_LEGACY_INPUT","theory_input_or_legacy_poc","DUP032",""
"F0587","GITHUB_REPO","Before_R2\Inputs\resumo_executivo_proposta_intermediaries.md",".md","5262","2026-09-12 14:34","12122D843D274C5142BEF87C36313EB492A5094D3B82BF6FA50033CC274810C3","T6_THEORY_OR_LEGACY_INPUT","theory_input_or_legacy_poc","DUP007",""
"F0588","GITHUB_REPO","Before_R2\Inputs\WhatsApp Image 2026-09-04 at 08.12.04.jpeg",".jpeg","321667","2026-09-12 14:34","0CC1B1B1A87931A4E4B54EF20B895E16D9D546F63573534D7E01AEA5DD33FC19","T6_THEORY_OR_LEGACY_INPUT","theory_input_or_legacy_poc","DUP004",""
"F0589","GITHUB_REPO","Enviados\Chats_David\01","","25382","2026-09-12 14:34","269787530294E8E4949C0E05628ECB28A6A45D7F27944F90AB95990AEF61BCC6","T6_COMMUNICATION_NOTE","communication_or_meeting","",""
"F0590","GITHUB_REPO","Enviados\Email 01\DATASET_EURLEX_RIT_FINAL_FOR_DAVID.csv",".csv","2311","2026-09-12 14:34","BEBD49088EB5B204C616251482BCEE57572D591FE107B3763701A8BA31ABAF5F","T6_COMMUNICATION_NOTE","communication_or_meeting","",""
"F0591","GITHUB_REPO","Enviados\Email 01\DATASET_EURLEX_RIT_FINAL_FOR_DAVID.xlsx",".xlsx","34058","2026-09-12 14:34","2DBB1E3B855E3983C783C9B77309A32385F02B1B4B772F90512B0C96F959F9AA","T6_COMMUNICATION_NOTE","communication_or_meeting","",""
"F0592","GITHUB_REPO","Enviados\Email 01\TECHNICAL_NOTE_EU_REGULATORY_INTERMEDIARIES_FINAL-1.docx",".docx","39413","2026-09-12 14:34","1519CC6E65C540D903A2E6B68176A6F5C77F9C2309A61588E1509E9FDF9646D9","T6_COMMUNICATION_NOTE","communication_or_meeting","",""
"F0593","GITHUB_REPO","Enviados\Email 01\TECHNICAL_NOTE_EU_REGULATORY_INTERMEDIARIES_FINAL-1.md",".md","13190","2026-09-12 14:34","D08AC83ECFDD364976AE9FEF1E0A83E29E71F380F2D71A63B0AA536C8440848F","T6_COMMUNICATION_NOTE","communication_or_meeting","",""
"F0594","GITHUB_REPO","Enviados\Reunião - 12-09-2026\0 - RIT_theory_operationalization_presentation.pdf",".pdf","172251","2026-09-12 14:34","5135703E05DB76644E889BF6D7D53843A82BF407EF6E63254A0D3781E2DFC357","T6_COMMUNICATION_NOTE","communication_or_meeting","",""
"F0595","GITHUB_REPO","Enviados\Reunião - 12-09-2026\1 - EU_RIT_Case_Selection.pdf",".pdf","2201451","2026-09-12 14:34","87D879A2B7113A7739561C45FA570B46E229FACB95AC50FFC1F1046458586599","T6_COMMUNICATION_NOTE","communication_or_meeting","",""
"F0596","GITHUB_REPO","Enviados\Reunião - 12-09-2026\2 - AI_Assisted_Dataset_Journey.pdf",".pdf","1314115","2026-09-12 14:34","1BDD48625B40FE1EF342C3CBFAD637E444969A6569AD93A7D20260984B7C7338","T6_COMMUNICATION_NOTE","communication_or_meeting","",""
"F0597","GITHUB_REPO","Enviados\Reunião - 12-09-2026\4 - Dataset_Construction.pdf",".pdf","15941149","2026-09-12 14:34","50CF0AC9FBB7E55A6DDC06279A09D22FEFBFEB987DD4A874A98558A08486FF93","T6_COMMUNICATION_NOTE","communication_or_meeting","",""
"F0598","GITHUB_REPO","Enviados\Reunião - 12-09-2026\5 - Nexts_Steps_Fit_for_55_RIT_Proposal.pdf",".pdf","118392","2026-09-12 14:34","7EB7BC480DE65587C41AA1BF1FDE2FD360B6CE1793924A8043372A035D6CBBBB","T6_COMMUNICATION_NOTE","communication_or_meeting","",""
"F0599","GITHUB_REPO","Enviados\Reunião - 12-09-2026\EUR-Lex_Corpus_Universe.pdf",".pdf","159356","2026-09-12 14:34","79BD6EAB3620B13C0AFF617BFCA57D674D78EB3D0F53BE53225C0034C9B8776A","T6_COMMUNICATION_NOTE","communication_or_meeting","",""
"F0600","GITHUB_REPO","Enviados\Reunião - 12-09-2026\regulatory_intermediation_discussion_panel_light.html",".html","34110","2026-09-12 14:34","6EA20CBA56CE3727C795196A9C431F4DC2EF789BF269DA2EEAF28DEA3EAAF8EB","T6_COMMUNICATION_NOTE","communication_or_meeting","",""
"F0601","GITHUB_REPO","Post_R2\R2_notes\Resumos IA","","4027","2026-09-12 14:34","6FC184C1E4905F7EFF752E6E4446018369A8790E6F6EF42BB6018F17B8592BE4","T5_PRIOR_CODING_OUTPUT","prior_coding_or_review","",""
"F0602","GITHUB_REPO","Post_R2\R2_notes\transcriptions","","734","2026-09-12 14:34","FAF78AEA5888236B061906C6F5EA6AB4D5C8A651B6C3D601C5923ECF462E528F","T5_PRIOR_CODING_OUTPUT","prior_coding_or_review","",""
"F0603","ICM_PMO_PROJECT","AGENDA_COLABORACAO.md",".md","978","2026-09-15 12:06","AD7B20D948829B0F62990D811C207B97DE32F57C05E155774DD89AA126F86A0B","T8_OTHER","other","",""
"F0604","ICM_PMO_PROJECT","PAPERS_CONJUNTOS.md",".md","781","2026-09-15 12:06","C729C4D39B5DB6F164FB1B6D96777576856CE2736DE10BBA69F5D3F8165A5BA2","T8_OTHER","other","",""
"F0605","ICM_PMO_PROJECT","README.md",".md","659","2026-09-15 12:06","2035EAA22690169C9AB819CFA7DA5FD5AE0F79E734DF2BA412593D59ECB1C8A2","T8_OTHER","other","",""
"F0606","ICM_PMO_PROJECT","RIT_RESEARCH_QUESTIONS.md",".md","1038","2026-09-15 12:06","6FD85CA20E4F4A52A44EA1BD36BF413218910F0CA9A5F7712E9170D9E478BAB7","T8_OTHER","other","",""
