candidate_id,candidate_origin,reconstruction_group_id,source_location,focal_excerpt,parent_context,same_act_context_refs,lexical_hits,structural_reconstruction_basis
CAND2-C4E87D5066C6,lexical,GROUP2-A791366F6F,"{""celex"": ""32021R1119"", ""article"": null, ""paragraph"": null, ""point"": null, ""subparagraph"": null, ""recital"": ""1"", ""line_start"": 23, ""line_end"": 23, ""hierarchy"": [""Recital 1""]}","(1) The existential threat posed by climate change requires enhanced ambition and increased climate action by the Union and the Member States. The Union is committed to stepping up efforts to tackle climate change and to delivering on the implementation of the Paris Agreement adopted under the United Nations Framework Convention on Climate Change (the ‘Paris Agreement’) (4), guided by its principles and on the basis of the best available scientific knowledge, in the context of the long-term temperature goal of the Paris Agreement.","{""hierarchy"": [""Recital 1""], ""article_heading"": null, ""parent_paragraph"": """"}",,,actor_mentions; action_mentions
CAND2-0E374F1C7A4C,both,GROUP2-D653B016DB,"{""celex"": ""32021R1119"", ""article"": null, ""paragraph"": null, ""point"": null, ""subparagraph"": null, ""recital"": ""2"", ""line_start"": 27, ""line_end"": 27, ""hierarchy"": [""Recital 2""]}","(2) The Commission has, in its communication of 11 December 2019 entitled ‘The European Green Deal’ (the ‘European Green Deal’), set out a new growth strategy that aims to transform the Union into a fair and prosperous society, with a modern, resource-efficient and competitive economy, where there are no net emissions of greenhouse gases in 2050 and where economic growth is decoupled from resource use. The European Green Deal also aims to protect, conserve and enhance the Union’s natural capital, and protect the health and well-being of citizens from environment-related risks and impacts. At the same time, this transition must be just and inclusive, leaving no one behind.","{""hierarchy"": [""Recital 2""], ""article_heading"": null, ""parent_paragraph"": """"}",,,actor_mentions; action_mentions; object_mentions
CAND2-F9C7B65B0C4D,lexical,GROUP2-021BBD75CF,"{""celex"": ""32021R1119"", ""article"": null, ""paragraph"": null, ""point"": null, ""subparagraph"": null, ""recital"": ""3"", ""line_start"": 31, ""line_end"": 31, ""hierarchy"": [""Recital 3""]}","(3) The Intergovernmental Panel on Climate Change (IPCC) provides in its 2018 Special Report on the impacts of global warming of 1,5 °C above pre-industrial levels and related global greenhouse gas emission pathways, in the context of strengthening the global response to the threat of climate change, sustainable development, and efforts to eradicate poverty, a strong scientific basis for tackling climate change and illustrates the need to rapidly step up climate action and to continue the transition to a climate-neutral economy. That report confirms that greenhouse gas emissions need to be urgently reduced, and that climate change needs to be limited to 1,5 °C, in particular to reduce the likelihood of extreme weather events and of reaching tipping points. The Intergovernmental Science-Policy Platform on Biodiversity and Ecosystem Services (IPBES) has shown in its 2019 Global Assessment Report on Biodiversity and Ecosystem Services a worldwide erosion of biodiversity, with climate change as the third most important driver of biodiversity loss.","{""hierarchy"": [""Recital 3""], ""article_heading"": null, ""parent_paragraph"": """"}",,,action_mentions; object_mentions
CAND2-5E4EA665A85E,lexical,GROUP2-D9A37366A1,"{""celex"": ""32021R1119"", ""article"": null, ""paragraph"": null, ""point"": null, ""subparagraph"": null, ""recital"": ""5"", ""line_start"": 39, ""line_end"": 39, ""hierarchy"": [""Recital 5""]}","(5) It is necessary to address the growing climate-related risks to health, including more frequent and intense heatwaves, wildfires and floods, food and water safety and security threats, and the emergence and spread of infectious diseases. As announced in its communication of 24 February 2021 entitled ‘Forging a climate-resilient Europe – the new EU Strategy on Adaptation to Climate Change’, the Commission has launched a European climate and health observatory under the European Climate Adaptation Platform Climate-ADAPT, to better understand, anticipate and minimise the health threats caused by climate change.","{""hierarchy"": [""Recital 5""], ""article_heading"": null, ""parent_paragraph"": """"}",,,actor_mentions; object_mentions
CAND2-8EA8F480D39C,structural,GROUP2-E74859E65C,"{""celex"": ""32021R1119"", ""article"": null, ""paragraph"": null, ""point"": null, ""subparagraph"": null, ""recital"": ""7"", ""line_start"": 47, ""line_end"": 47, ""hierarchy"": [""Recital 7""]}","(7) Climate action should be an opportunity for all sectors of the economy in the Union to help secure industry leadership in global innovation. Driven by the Union’s regulatory framework and efforts made by industry, it is possible to decouple economic growth from greenhouse gas emissions. For example, Union greenhouse gas emissions were reduced by 24 % between 1990 and 2019, while the economy grew by 60 % over the same period. Without prejudice to binding legislation and other initiatives adopted at Union level, all sectors of the economy – including energy, industry, transport, heating and cooling and buildings, agriculture, waste and land use, land-use change and forestry, irrespective of whether those sectors are covered by the system for greenhouse gas emission allowance trading within the Union (‘EU ETS’) – should play a role in contributing to the achievement of climate neutrality within the Union by 2050. In order to enhance involvement of all economic actors, the Commission should facilitate sector-specific climate dialogues and partnerships by bringing together key stakeholders in an inclusive and representative manner, so as to encourage sectors themselves to draw up indicative voluntary roadmaps and to plan their transition towards achieving the Union’s climate-neutrality objective by 2050. Such roadmaps could make a valuable contribution in assisting sectors in planning the necessary investments towards the transition to a climate-neutral economy and could also serve to strengthen sectoral engagement in the pursuit of climate-neutral solutions. Such roadmaps could also complement existing initiatives, including the European Battery Alliance and the European Clean Hydrogen Alliance, which foster industrial collaboration in the transition to climate neutrality.","{""hierarchy"": [""Recital 7""], ""article_heading"": null, ""parent_paragraph"": """"}",,,actor_mentions; action_mentions; object_mentions
CAND2-04C304F4BA49,structural,GROUP2-EC185795D7,"{""celex"": ""32021R1119"", ""article"": null, ""paragraph"": null, ""point"": null, ""subparagraph"": null, ""recital"": ""8"", ""line_start"": 51, ""line_end"": 51, ""hierarchy"": [""Recital 8""]}","(8) The Paris Agreement sets out a long-term temperature goal in point (a) of Article 2(1) thereof, and aims to strengthen the global response to the threat of climate change by increasing the ability to adapt to the adverse impacts of climate change as set out in point (b) of Article 2(1) thereof and by making finance flows consistent with a pathway towards low greenhouse gas emissions and climate-resilient development as set out in point (c) of Article 2(1) thereof. As the overall framework for the Union’s contribution to the Paris Agreement, this Regulation should ensure that both the Union and the Member States contribute to the global response to climate change as referred to in the Paris Agreement.","{""hierarchy"": [""Recital 8""], ""article_heading"": null, ""parent_paragraph"": """"}",Article 2(1),,actor_mentions; action_mentions; same_act_cross_references
CAND2-DD20E29F5EEE,structural,GROUP2-FED5E5F18D,"{""celex"": ""32021R1119"", ""article"": null, ""paragraph"": null, ""point"": null, ""subparagraph"": null, ""recital"": ""9"", ""line_start"": 55, ""line_end"": 55, ""hierarchy"": [""Recital 9""]}","(9) The Union’s and Member States’ climate action aims to protect people and the planet, welfare, prosperity, the economy, health, food systems, the integrity of eco-systems and biodiversity against the threat of climate change, in the context of the United Nations 2030 agenda for sustainable development and in pursuit of the objectives of the Paris Agreement, and to maximise prosperity within the planetary boundaries and to increase resilience and reduce vulnerability of society to climate change. In light of this, the Union’s and Member States’ actions should be guided by the precautionary and ‘polluter pays’ principles established in the Treaty on the Functioning of the European Union, and should also take into account the ‘energy efficiency first’ principle of the Energy Union and the ‘do no harm’ principle of the European Green Deal.","{""hierarchy"": [""Recital 9""], ""article_heading"": null, ""parent_paragraph"": """"}",,,actor_mentions; action_mentions; object_mentions
CAND2-EACA0173738F,both,GROUP2-F0A6CD0884,"{""celex"": ""32021R1119"", ""article"": null, ""paragraph"": null, ""point"": null, ""subparagraph"": null, ""recital"": ""12"", ""line_start"": 67, ""line_end"": 67, ""hierarchy"": [""Recital 12""]}","(12) The Union has in place a regulatory framework to achieve the 2030 greenhouse gas emission reduction target agreed in 2014, before the entry into force of the Paris Agreement. The legislation implementing that target consists, inter alia, of Directive 2003/87/EC of the European Parliament and of the Council (5), which establishes the EU ETS, Regulation (EU) 2018/842 of the European Parliament and of the Council (6), which introduced national targets for reduction of greenhouse gas emissions by 2030, and Regulation (EU) 2018/841 of the European Parliament and of the Council (7), which requires Member States to balance greenhouse gas emissions and removals from land use, land use change and forestry.","{""hierarchy"": [""Recital 12""], ""article_heading"": null, ""parent_paragraph"": """"}",,,actor_mentions; action_mentions; object_mentions
CAND2-CDF54AB06415,lexical,GROUP2-F01DF5B350,"{""celex"": ""32021R1119"", ""article"": null, ""paragraph"": null, ""point"": null, ""subparagraph"": null, ""recital"": ""14"", ""line_start"": 75, ""line_end"": 75, ""hierarchy"": [""Recital 14""]}","(14) The Commission has, in its communication of 28 November 2018 entitled ‘A Clean Planet for all – A European strategic long-term vision for a prosperous, modern, competitive and climate-neutral economy’, presented a vision for achieving net-zero greenhouse gas emissions in the Union by 2050 through a socially-fair and cost-efficient transition.","{""hierarchy"": [""Recital 14""], ""article_heading"": null, ""parent_paragraph"": """"}",,,actor_mentions; object_mentions
CAND2-5AAF170024C6,both,GROUP2-B8C94A38F7,"{""celex"": ""32021R1119"", ""article"": null, ""paragraph"": null, ""point"": null, ""subparagraph"": null, ""recital"": ""17"", ""line_start"": 87, ""line_end"": 87, ""hierarchy"": [""Recital 17""]}","(17) The Union should continue its climate action and international climate leadership after 2050, in order to protect people and the planet against the threat of dangerous climate change, in pursuit of the long-term temperature goal set out in the Paris Agreement and following the scientific assessments of the IPCC, IPBES, and the European Scientific Advisory Board on Climate Change, as well as the assessments of other international bodies.","{""hierarchy"": [""Recital 17""], ""article_heading"": null, ""parent_paragraph"": """"}",,,actor_mentions; action_mentions; object_mentions
CAND2-1317278CFFD8,lexical,GROUP2-4BCFA70BAA,"{""celex"": ""32021R1119"", ""article"": null, ""paragraph"": null, ""point"": null, ""subparagraph"": null, ""recital"": ""18"", ""line_start"": 91, ""line_end"": 91, ""hierarchy"": [""Recital 18""]}","(18) The risk of carbon leakage remains in respect of those international partners that do not share the same standards of climate protection as those of the Union. The Commission therefore intends to propose a carbon border adjustment mechanism for selected sectors, to reduce such risks in a way which is compatible with the rules of the World Trade Organization. Furthermore, it is important to maintain effective policy incentives in support of technological solutions and innovations which enable the transition to a competitive climate-neutral Union economy, while providing investment certainty.","{""hierarchy"": [""Recital 18""], ""article_heading"": null, ""parent_paragraph"": """"}",,,actor_mentions; object_mentions
CAND2-EF7DEB27D98C,structural,GROUP2-9D8856D8C6,"{""celex"": ""32021R1119"", ""article"": null, ""paragraph"": null, ""point"": null, ""subparagraph"": null, ""recital"": ""19"", ""line_start"": 95, ""line_end"": 95, ""hierarchy"": [""Recital 19""]}","(19) The European Parliament called, in its resolution of 15 January 2020 on the European Green Deal, for the necessary transition to a climate-neutral society by 2050 at the latest and for this to be made into a European success story and has, in its resolution of 28 November 2019 on the climate and environment emergency, declared a climate and environment emergency. It has also repeatedly called on the Union to increase its 2030 climate target, and for that increased target to be part of this Regulation. The European Council, in its conclusions of 12 December 2019, has agreed on the objective of achieving a climate-neutral Union by 2050, in line with the objectives of the Paris Agreement, while also recognising that it is necessary to put in place an enabling framework that benefits all Member States and encompasses adequate instruments, incentives, support and investments to ensure a cost-efficient, just, as well as socially balanced and fair transition, taking into account different national circumstances in terms of starting points. It also noted that the transition will require significant public and private investment. On 6 March 2020, the Union submitted its long-term low greenhouse gas emission development strategy and, on 17 December 2020, its nationally determined contribution, to the United Nations Framework Convention on Climate Change (UNFCCC), following their approval by the Council.","{""hierarchy"": [""Recital 19""], ""article_heading"": null, ""parent_paragraph"": """"}",,,actor_mentions; action_mentions; object_mentions
CAND2-E5D1DF913444,both,GROUP2-0E9B91AE81,"{""celex"": ""32021R1119"", ""article"": null, ""paragraph"": null, ""point"": null, ""subparagraph"": null, ""recital"": ""20"", ""line_start"": 99, ""line_end"": 99, ""hierarchy"": [""Recital 20""]}","(20) The Union should aim to achieve a balance between anthropogenic economy-wide emissions by sources and removals by sinks of greenhouse gases domestically within the Union by 2050 and, as appropriate, achieve negative emissions thereafter. That objective should encompass Union-wide greenhouse gas emissions and removals regulated in Union law. It should be possible to address such emissions and removals in the context of the review of the relevant climate and energy legislation. Sinks include natural and technological solutions, as reported in the Union’s greenhouse gas inventories to the UNFCCC. Solutions that are based on carbon capture and storage (CCS) and carbon capture and use (CCU) technologies can play a role in decarbonisation, especially for the mitigation of process emissions in industry, for the Member States that choose this technology. The Union-wide 2050 climate-neutrality objective should be pursued by all Member States collectively, and Member States, the European Parliament, the Council and the Commission should take the necessary measures to enable its achievement. Measures at Union level will constitute an important part of the measures needed to achieve the objective.","{""hierarchy"": [""Recital 20""], ""article_heading"": null, ""parent_paragraph"": """"}",,,actor_mentions; action_mentions; object_mentions
CAND2-37CE75C181B6,both,GROUP2-CFF9109491,"{""celex"": ""32021R1119"", ""article"": null, ""paragraph"": null, ""point"": null, ""subparagraph"": null, ""recital"": ""22"", ""line_start"": 107, ""line_end"": 107, ""hierarchy"": [""Recital 22""]}","(22) Carbon sinks play an essential role in the transition to climate neutrality in the Union, and in particular the agriculture, forestry and land use sectors make an important contribution in that context. As announced in its communication of 20 May 2020 entitled ‘A Farm to Fork Strategy for a fair, healthy and environmentally-friendly food system’, the Commission will promote a new green business model to reward land managers for greenhouse gas emission reductions and carbon removals in the upcoming carbon farming initiative. Furthermore, in its communication of 11 March 2020 entitled ‘A new Circular Economy Action Plan for a cleaner and more competitive Europe’, the Commission has committed itself to developing a regulatory framework for certification of carbon removals based on robust and transparent carbon accounting to monitor and verify the authenticity of carbon removals, while ensuring that there are no negative impacts on the environment, in particular biodiversity, on public health or on social or economic objectives.","{""hierarchy"": [""Recital 22""], ""article_heading"": null, ""parent_paragraph"": """"}",,,actor_mentions; action_mentions; object_mentions
CAND2-4DBCD3C10267,structural,GROUP2-5BEFC57A95,"{""celex"": ""32021R1119"", ""article"": null, ""paragraph"": null, ""point"": null, ""subparagraph"": null, ""recital"": ""24"", ""line_start"": 115, ""line_end"": 115, ""hierarchy"": [""Recital 24""]}","(24) Scientific expertise and the best available, up-to-date evidence, together with information on climate change that is both factual and transparent, are imperative and need to underpin the Union’s climate action and efforts to reach climate neutrality by 2050. A European Scientific Advisory Board on Climate Change (the ‘Advisory Board’) should be established to serve as a point of reference on scientific knowledge relating to climate change by virtue of its independence and scientific and technical expertise. The Advisory Board should complement the work of the European Environment Agency (EEA) while acting independently in discharging its tasks. Its mission should avoid any overlap with the mission of the IPCC at international level. Regulation (EC) No 401/2009 of the European Parliament and of the Council (11) should therefore be amended in order to establish the Advisory Board. National climate advisory bodies can play an important role in, inter alia, providing expert scientific advice on climate policy to the relevant national authorities as prescribed by the Member State concerned in those Member States where they exist. Therefore, Member States that have not already done so are invited to establish a national climate advisory body.","{""hierarchy"": [""Recital 24""], ""article_heading"": null, ""parent_paragraph"": """"}",,,actor_mentions; action_mentions; object_mentions
CAND2-F5D039301252,both,GROUP2-B421F11365,"{""celex"": ""32021R1119"", ""article"": null, ""paragraph"": null, ""point"": null, ""subparagraph"": null, ""recital"": ""26"", ""line_start"": 123, ""line_end"": 123, ""hierarchy"": [""Recital 26""]}","(26) As announced in the European Green Deal, the Commission assessed the Union’s 2030 target for greenhouse gas emission reduction, in its communication of 17 September 2020 entitled ‘Stepping up Europe’s 2030 climate ambition – Investing in a climate-neutral future for the benefit of our people’. The Commission did so on the basis of a comprehensive impact assessment and taking into account its analysis of the integrated national energy and climate plans submitted to it in accordance with Regulation (EU) 2018/1999 of the European Parliament and of the Council (12). In light of the 2050 climate-neutrality objective, by 2030 greenhouse gas emissions should be reduced and removals enhanced, so that net greenhouse gas emissions, that is emissions after the deduction of removals, are reduced economy-wide and domestically by at least 55 % by 2030 compared to 1990 levels. The European Council endorsed that target in its conclusions of 10 and 11 December 2020. It also provided initial guidance on its implementation. That new Union 2030 climate target is a subsequent target for the purposes of point (11) of Article 2 of Regulation (EU) 2018/1999, and therefore replaces the 2030 Union-wide target for greenhouse gas emissions set out in that point. In addition, the Commission should, by 30 June 2021, assess how the relevant Union legislation implementing the Union 2030 climate target would need to be amended in order to achieve such net emission reductions. In view of this, the Commission has announced a revision of the relevant climate and energy legislation which will be adopted in a package covering, inter alia, renewables, energy efficiency, land use, energy taxation, CO2 emission performance standards for light-duty vehicles, effort sharing and the EU ETS.The Commission intends to assess the impacts of the introduction of additional Union measures that could complement existing measures, such as market-based measures that include a strong solidarity mechanism.","{""hierarchy"": [""Recital 26""], ""article_heading"": null, ""parent_paragraph"": """"}",Article 2,,actor_mentions; action_mentions; object_mentions; same_act_cross_references
CAND2-7D237A86714A,both,GROUP2-BEC894D8FA,"{""celex"": ""32021R1119"", ""article"": null, ""paragraph"": null, ""point"": null, ""subparagraph"": null, ""recital"": ""27"", ""line_start"": 127, ""line_end"": 127, ""hierarchy"": [""Recital 27""]}","(27) According to Commission assessments, the existing commitments under Article 4 of Regulation (EU) 2018/841 result in a net carbon sink of 225 million tonnes of CO2 equivalent in 2030. In order to ensure that sufficient mitigation efforts are deployed until 2030, it is appropriate to limit the contribution of net removals to the Union 2030 climate target to that level. This is without prejudice to the review of the relevant Union legislation in order to enable the achievement of the target.","{""hierarchy"": [""Recital 27""], ""article_heading"": null, ""parent_paragraph"": """"}",Article 4,,actor_mentions; action_mentions; object_mentions; same_act_cross_references
CAND2-3373C2B0AA49,both,GROUP2-5FCE694468,"{""celex"": ""32021R1119"", ""article"": null, ""paragraph"": null, ""point"": null, ""subparagraph"": null, ""recital"": ""30"", ""line_start"": 139, ""line_end"": 139, ""hierarchy"": [""Recital 30""]}","(30) In order to provide predictability and confidence for all economic actors, including businesses, workers, investors and consumers, to ensure a gradual reduction of greenhouse gas emissions over time and that the transition towards climate neutrality is irreversible, the Commission should propose a Union intermediate climate target for 2040, as appropriate, at the latest within six months of the first global stocktake carried out under the Paris Agreement. The Commission can make proposals to revise the intermediate target, taking into account the findings of the assessments of Union progress and measures and of national measures as well as the outcomes of the global stocktake and of international developments, including on common time frames for nationally determined contributions. As a tool to increase the transparency and accountability of the Union’s climate policies, the Commission should, when making its legislative proposal for the Union 2040 climate target, publish the projected indicative Union greenhouse gas budget for the 2030-2050 period, defined as the indicative total volume of net greenhouse gas emissions that are expected to be emitted in that period without putting at risk the Union’s commitments under the Paris Agreement, as well as the methodology underlying that indicative budget.","{""hierarchy"": [""Recital 30""], ""article_heading"": null, ""parent_paragraph"": """"}",,,actor_mentions; action_mentions; object_mentions
CAND2-9F08E9BCE44A,both,GROUP2-73F45D747C,"{""celex"": ""32021R1119"", ""article"": null, ""paragraph"": null, ""point"": null, ""subparagraph"": null, ""recital"": ""31"", ""line_start"": 143, ""line_end"": 143, ""hierarchy"": [""Recital 31""]}","(31) Adaptation is a key component of the long-term global response to climate change. The adverse effects of climate change can potentially exceed the adaptive capacities of Member States. Therefore, Member States and the Union should enhance their adaptive capacity, strengthen resilience and reduce vulnerability to climate change, as provided for in Article 7 of the Paris Agreement, as well as maximise the co-benefits with other policies and legislation. The Commission should adopt a Union strategy on adaptation to climate change in line with the Paris Agreement. Member States should adopt comprehensive national adaptation strategies and plans based on robust climate change and vulnerability analyses, progress assessments and indicators, and guided by the best available and most recent scientific evidence. The Union should seek to create a favourable regulatory environment for national policies and measures put in place by Member States to adapt to climate change. Improving climate resilience and adaptive capacities to climate change requires shared efforts by all sectors of the economy and society, as well as policy coherence and consistency in all relevant legislation and policies.","{""hierarchy"": [""Recital 31""], ""article_heading"": null, ""parent_paragraph"": """"}",Article 7,,actor_mentions; action_mentions; object_mentions; same_act_cross_references
CAND2-558133B800C4,lexical,GROUP2-5469025238,"{""celex"": ""32021R1119"", ""article"": null, ""paragraph"": null, ""point"": null, ""subparagraph"": null, ""recital"": ""33"", ""line_start"": 151, ""line_end"": 151, ""hierarchy"": [""Recital 33""]}","(33) The relevant programmes established under the Multiannual Financial Framework provide for the screening of projects to ensure that such projects are resilient to the potential adverse impacts of climate change through a climate vulnerability and risk assessment, including through relevant adaptation measures, and that they integrate the costs of greenhouse gas emissions and the positive effects of climate mitigation measures in the cost-benefit analysis. This contributes to the integration of climate change-related risks as well as climate change vulnerability and adaptation assessments into investment and planning decisions under the Union budget.","{""hierarchy"": [""Recital 33""], ""article_heading"": null, ""parent_paragraph"": """"}",,,action_mentions; object_mentions
CAND2-5BDA0309AE37,both,GROUP2-7D41EB93D8,"{""celex"": ""32021R1119"", ""article"": null, ""paragraph"": null, ""point"": null, ""subparagraph"": null, ""recital"": ""34"", ""line_start"": 155, ""line_end"": 155, ""hierarchy"": [""Recital 34""]}","(34) In taking the relevant measures at Union and national level to achieve the climate-neutrality objective, Member States and the European Parliament, the Council and the Commission should, inter alia, take into account: the contribution of the transition to climate neutrality to public health, the quality of the environment, the well-being of citizens, the prosperity of society, employment and the competitiveness of the economy; the energy transition, strengthened energy security and the tackling of energy poverty; food security and affordability; the development of sustainable and smart mobility and transport systems; fairness and solidarity across and within Member States, in light of their economic capability, national circumstances, such as the specificities of islands, and the need for convergence over time; the need to make the transition just and socially fair through appropriate education and training programmes; best available and most recent scientific evidence, in particular the findings reported by the IPCC; the need to integrate climate change related risks into investment and planning decisions; cost-effectiveness and technological neutrality in achieving greenhouse gas emission reductions and removals and increasing resilience; and progression over time in environmental integrity and level of ambition.","{""hierarchy"": [""Recital 34""], ""article_heading"": null, ""parent_paragraph"": """"}",,,actor_mentions; action_mentions; object_mentions
CAND2-8EAEE41F1080,both,GROUP2-D22788D2AD,"{""celex"": ""32021R1119"", ""article"": null, ""paragraph"": null, ""point"": null, ""subparagraph"": null, ""recital"": ""35"", ""line_start"": 159, ""line_end"": 159, ""hierarchy"": [""Recital 35""]}","(35) As indicated in the European Green Deal, the Commission adopted on 9 December 2020 a communication entitled ‘Sustainable and Smart Mobility Strategy – putting European transport on track for the future’. The strategy sets out a roadmap for a sustainable and smart future for European transport, with an action plan towards an objective to deliver a 90 % reduction in emissions from the transport sector by 2050.","{""hierarchy"": [""Recital 35""], ""article_heading"": null, ""parent_paragraph"": """"}",,,actor_mentions; action_mentions; object_mentions
CAND2-8856CE9D84FD,both,GROUP2-3D08A8706B,"{""celex"": ""32021R1119"", ""article"": null, ""paragraph"": null, ""point"": null, ""subparagraph"": null, ""recital"": ""36"", ""line_start"": 163, ""line_end"": 163, ""hierarchy"": [""Recital 36""]}","(36) To ensure that the Union and the Member States remain on track to achieve the climate-neutrality objective and progress on adaptation, the Commission should regularly assess progress, building upon information as set out in this Regulation, including information submitted and reported under Regulation (EU) 2018/1999. In order to allow for a timely preparation for the global stocktake referred to in Article 14 of the Paris Agreement, the conclusions of this assessment should be published by 30 September every five years, starting in 2023. This implies that the reports under Article 29(5) and Article 35 of that Regulation and, in the applicable years, the related reports under Article 29(1) and Article 32 of that Regulation should be submitted to the European Parliament and to the Council at the same time as the conclusions of that assessment. In the event that the collective progress made by Member States towards the achievement of the climate-neutrality objective or on adaptation is insufficient or that Union measures are inconsistent with the climate-neutrality objective or inadequate to enhance adaptive capacity, strengthen resilience or reduce vulnerability, the Commission should take the necessary measures in accordance with the Treaties. The Commission should also regularly assess relevant national measures, and issue recommendations where it finds that a Member State’s measures are inconsistent with the climate-neutrality objective or inadequate to enhance adaptive capacity, strengthen resilience and reduce vulnerability to climate change.","{""hierarchy"": [""Recital 36""], ""article_heading"": null, ""parent_paragraph"": """"}",Article 14; Article 29(5); Article 35; Article 29(1); Article 32,,actor_mentions; action_mentions; object_mentions; same_act_cross_references
CAND2-AB84F16B6A72,both,GROUP2-2F329117B3,"{""celex"": ""32021R1119"", ""article"": null, ""paragraph"": null, ""point"": null, ""subparagraph"": null, ""recital"": ""37"", ""line_start"": 167, ""line_end"": 167, ""hierarchy"": [""Recital 37""]}","(37) The Commission should ensure a robust and objective assessment based on the most up-to-date scientific, technical and socioeconomic findings, and representative of a broad range of independent expertise, and base its assessment on relevant information including information submitted and reported by Member States, reports of the EEA, of the Advisory Board and of the Commission’s Joint Research Centre, the best available and most recent scientific evidence, including the latest reports of the IPCC, IPBES and other international bodies, as well as the Earth observation data provided by the European Earth Observation Programme Copernicus. The Commission should further base its assessments on an indicative, linear trajectory linking the Union’s climate targets for 2030 and 2040, when adopted, with the Union’s climate-neutrality objective and serving as an indicative tool to estimate and evaluate collective progress towards the achievement of the Union’s climate-neutrality objective. The indicative, linear trajectory is without prejudice to any decision to determine a Union climate target for 2040. Given that the Commission has committed itself to exploring how the EU taxonomy can be used in the context of the European Green Deal by the public sector, this should include information on environmentally sustainable investment, by the Union or by Member States, consistent with Regulation (EU) 2020/852 of the European Parliament and of the Council (14) when such information becomes available. The Commission should use European and global statistics and data where available and seek expert scrutiny. The EEA should assist the Commission, as appropriate and in accordance with its annual work programme.","{""hierarchy"": [""Recital 37""], ""article_heading"": null, ""parent_paragraph"": """"}",,,actor_mentions; action_mentions; object_mentions
CAND2-DAF9214798E0,structural,GROUP2-558A895575,"{""celex"": ""32021R1119"", ""article"": null, ""paragraph"": null, ""point"": null, ""subparagraph"": null, ""recital"": ""38"", ""line_start"": 171, ""line_end"": 171, ""hierarchy"": [""Recital 38""]}","(38) As citizens and communities have a powerful role to play in driving the transformation towards climate neutrality forward, strong public and social engagement on climate action should be both encouraged and facilitated at all levels, including at national, regional and local level in an inclusive and accessible process. The Commission should therefore engage with all parts of society, including stakeholders representing different sectors of the economy, to enable and empower them to take action towards a climate-neutral and climate-resilient society, including through the European Climate Pact.","{""hierarchy"": [""Recital 38""], ""article_heading"": null, ""parent_paragraph"": """"}",,,actor_mentions; action_mentions
CAND2-F6BA2D3327F5,both,GROUP2-747C298365,"{""celex"": ""32021R1119"", ""article"": null, ""paragraph"": null, ""point"": null, ""subparagraph"": null, ""recital"": ""39"", ""line_start"": 175, ""line_end"": 175, ""hierarchy"": [""Recital 39""]}","(39) In line with the Commission’s commitment to the principles on Better Law-Making, coherence of the Union instruments as regards greenhouse gas emission reductions should be sought. The system of measuring the progress towards the achievement of the climate-neutrality objective as well as the consistency of measures taken with that objective should build upon and be consistent with the governance framework laid down in Regulation (EU) 2018/1999, taking into account all five dimensions of the Energy Union. In particular, the system of reporting on a regular basis and the sequencing of the Commission’s assessment and actions on the basis of the reporting should be aligned to the requirements to submit information and provide reports by Member States laid down in Regulation (EU) 2018/1999. Regulation (EU) 2018/1999 should therefore be amended in order to include the climate-neutrality objective in the relevant provisions.","{""hierarchy"": [""Recital 39""], ""article_heading"": null, ""parent_paragraph"": """"}",,,actor_mentions; action_mentions; object_mentions
CAND2-2B14782F89D9,both,GROUP2-2F488A7FD9,"{""celex"": ""32021R1119"", ""article"": null, ""paragraph"": null, ""point"": null, ""subparagraph"": null, ""recital"": ""40"", ""line_start"": 179, ""line_end"": 179, ""hierarchy"": [""Recital 40""]}","(40) Climate change is by definition a trans-boundary challenge and coordinated action at Union level is needed to effectively supplement and reinforce national policies. Since the objective of this Regulation, namely to achieve climate neutrality in the Union by 2050, cannot be sufficiently achieved by the Member States, but can rather, by reason of the scale and effects, be better achieved at Union level, the Union may adopt measures, in accordance with the principle of subsidiarity as set out in Article 5 of the Treaty on European Union. In accordance with the principle of proportionality, as set out in that Article, this Regulation does not go beyond what is necessary to achieve that objective,","{""hierarchy"": [""Recital 40""], ""article_heading"": null, ""parent_paragraph"": """"}",Article 5,,actor_mentions; action_mentions; object_mentions; same_act_cross_references
CAND2-DC2080A516E3,structural,GROUP2-C7217F9E0D,"{""celex"": ""32021R1119"", ""article"": ""2"", ""paragraph"": ""2"", ""point"": null, ""subparagraph"": null, ""recital"": null, ""line_start"": 203, ""line_end"": 203, ""hierarchy"": [""Article 2"", ""Climate-neutrality objective"", ""paragraph 2""]}","2. The relevant Union institutions and the Member States shall take the necessary measures at Union and national level, respectively, to enable the collective achievement of the climate-neutrality objective set out in paragraph 1, taking into account the importance of promoting both fairness and solidarity among Member States and cost-effectiveness in achieving this objective.","{""hierarchy"": [""Article 2"", ""Climate-neutrality objective"", ""paragraph 2""], ""article_heading"": ""Climate-neutrality objective"", ""parent_paragraph"": ""The relevant Union institutions and the Member States shall take the necessary measures at Union and national level, respectively, to enable the collective achievement of the climate-neutrality objective set out in paragraph 1, taking into account the importance of promoting both fairness and solidarity among Member States and cost-effectiveness in achieving this objective.""}",,,actor_mentions; action_mentions; object_mentions
CAND2-71E7A98F944E,structural,GROUP2-9FC5D87170,"{""celex"": ""32021R1119"", ""article"": ""3"", ""paragraph"": ""1"", ""point"": null, ""subparagraph"": null, ""recital"": null, ""line_start"": 209, ""line_end"": 209, ""hierarchy"": [""Article 3"", ""Scientific advice on climate change"", ""paragraph 1""]}",1. The European Scientific Advisory Board on Climate Change established under Article 10a of Regulation (EC) No 401/2009 (the ‘Advisory Board’) shall serve as a point of reference for the Union on scientific knowledge relating to climate change by virtue of its independence and scientific and technical expertise.,"{""hierarchy"": [""Article 3"", ""Scientific advice on climate change"", ""paragraph 1""], ""article_heading"": ""Scientific advice on climate change"", ""parent_paragraph"": ""The European Scientific Advisory Board on Climate Change established under Article 10a of Regulation (EC) No 401/2009 (the ‘Advisory Board’) shall serve as a point of reference for the Union on scientific knowledge relating to climate change by virtue of its independence and scientific and technical expertise.""}",Article 10,,actor_mentions; action_mentions; same_act_cross_references
CAND2-DDC9A9630321,lexical,GROUP2-D8DA5202FC,"{""celex"": ""32021R1119"", ""article"": ""3"", ""paragraph"": ""2"", ""point"": ""a"", ""subparagraph"": null, ""recital"": null, ""line_start"": 212, ""line_end"": 212, ""hierarchy"": [""Article 3"", ""Scientific advice on climate change"", ""paragraph 2"", ""point (a)""]}","- (a) considering the latest scientific findings of the IPCC reports and scientific climate data, in particular with regard to information relevant to the Union;","{""hierarchy"": [""Article 3"", ""Scientific advice on climate change"", ""paragraph 2"", ""point (a)""], ""article_heading"": ""Scientific advice on climate change"", ""parent_paragraph"": ""The tasks of the Advisory Board shall include:""}",,,action_mentions; object_mentions
CAND2-D6ED62ADF0C5,lexical,GROUP2-D8DA5202FC,"{""celex"": ""32021R1119"", ""article"": ""3"", ""paragraph"": ""2"", ""point"": ""b"", ""subparagraph"": null, ""recital"": null, ""line_start"": 213, ""line_end"": 213, ""hierarchy"": [""Article 3"", ""Scientific advice on climate change"", ""paragraph 2"", ""point (b)""]}","- (b) providing scientific advice and issuing reports on existing and proposed Union measures, climate targets and indicative greenhouse gas budgets, and their coherence with the objectives of this Regulation and the Union’s international commitments under the Paris Agreement;","{""hierarchy"": [""Article 3"", ""Scientific advice on climate change"", ""paragraph 2"", ""point (b)""], ""article_heading"": ""Scientific advice on climate change"", ""parent_paragraph"": ""The tasks of the Advisory Board shall include:""}",,,action_mentions; object_mentions
CAND2-6EA7E563363E,lexical,GROUP2-D8DA5202FC,"{""celex"": ""32021R1119"", ""article"": ""3"", ""paragraph"": ""2"", ""point"": ""c"", ""subparagraph"": null, ""recital"": null, ""line_start"": 214, ""line_end"": 214, ""hierarchy"": [""Article 3"", ""Scientific advice on climate change"", ""paragraph 2"", ""point (c)""]}","- (c) contributing to the exchange of independent scientific knowledge in the field of modelling, monitoring, promising research and innovation which contribute to reducing emissions or increasing removals;","{""hierarchy"": [""Article 3"", ""Scientific advice on climate change"", ""paragraph 2"", ""point (c)""], ""article_heading"": ""Scientific advice on climate change"", ""parent_paragraph"": ""The tasks of the Advisory Board shall include:""}",,,action_mentions
CAND2-021AD4B3CF48,lexical,GROUP2-D8DA5202FC,"{""celex"": ""32021R1119"", ""article"": ""3"", ""paragraph"": ""2"", ""point"": ""e"", ""subparagraph"": null, ""recital"": null, ""line_start"": 216, ""line_end"": 216, ""hierarchy"": [""Article 3"", ""Scientific advice on climate change"", ""paragraph 2"", ""point (e)""]}","- (e) raising awareness on climate change and its impacts, as well as stimulating dialogue and cooperation between scientific bodies within the Union, complementing existing work and efforts.","{""hierarchy"": [""Article 3"", ""Scientific advice on climate change"", ""paragraph 2"", ""point (e)""], ""article_heading"": ""Scientific advice on climate change"", ""parent_paragraph"": ""The tasks of the Advisory Board shall include:""}",,,object_mentions
CAND2-082F5C3C3784,both,GROUP2-46AFC3802C,"{""celex"": ""32021R1119"", ""article"": ""3"", ""paragraph"": ""3"", ""point"": null, ""subparagraph"": null, ""recital"": null, ""line_start"": 218, ""line_end"": 218, ""hierarchy"": [""Article 3"", ""Scientific advice on climate change"", ""paragraph 3""]}","3. The Advisory Board shall be guided in its work by the best available and most recent scientific evidence, including the latest reports of the IPCC, IPBES and other international bodies. It shall follow a fully transparent process and make its reports publicly available. It may take into account, where available, the work of the national climate advisory bodies referred to in paragraph 4.","{""hierarchy"": [""Article 3"", ""Scientific advice on climate change"", ""paragraph 3""], ""article_heading"": ""Scientific advice on climate change"", ""parent_paragraph"": ""The Advisory Board shall be guided in its work by the best available and most recent scientific evidence, including the latest reports of the IPCC, IPBES and other international bodies. It shall follow a fully transparent process and make its reports publicly available. It may take into account, where available, the work of the national climate advisory bodies referred to in paragraph 4.""}",,,actor_mentions; action_mentions; object_mentions
CAND2-11BF388480EA,structural,GROUP2-3832ACB229,"{""celex"": ""32021R1119"", ""article"": ""3"", ""paragraph"": ""4"", ""point"": null, ""subparagraph"": null, ""recital"": null, ""line_start"": 220, ""line_end"": 220, ""hierarchy"": [""Article 3"", ""Scientific advice on climate change"", ""paragraph 4""]}","4. In the context of enhancing the role of science in the field of climate policy, each Member State is invited to establish a national climate advisory body, responsible for providing expert scientific advice on climate policy to the relevant national authorities as prescribed by the Member State concerned. Where a Member State decides to establish such an advisory body, it shall inform the EEA thereof.","{""hierarchy"": [""Article 3"", ""Scientific advice on climate change"", ""paragraph 4""], ""article_heading"": ""Scientific advice on climate change"", ""parent_paragraph"": ""In the context of enhancing the role of science in the field of climate policy, each Member State is invited to establish a national climate advisory body, responsible for providing expert scientific advice on climate policy to the relevant national authorities as prescribed by the Member State concerned. Where a Member State decides to establish such an advisory body, it shall inform the EEA thereof.""}",,,actor_mentions; action_mentions; object_mentions
CAND2-6E01B3D59579,both,GROUP2-CE4AE9B600,"{""celex"": ""32021R1119"", ""article"": ""4"", ""paragraph"": ""1"", ""point"": null, ""subparagraph"": null, ""recital"": null, ""line_start"": 226, ""line_end"": 228, ""hierarchy"": [""Article 4"", ""Intermediate Union climate targets"", ""paragraph 1""]}","1. In order to reach the climate-neutrality objective set out in Article 2(1), the binding Union 2030 climate target shall be a domestic reduction of net greenhouse gas emissions (emissions after deduction of removals) by at least 55 % compared to 1990 levels by 2030. When implementing the target referred to in the first subparagraph, the relevant Union institutions and the Member States shall prioritise swift and predictable emission reductions and, at the same time, enhance removals by natural sinks. In order to ensure that sufficient mitigation efforts are deployed up to 2030, for the purpose of this Regulation and without prejudice to the review of Union legislation referred to in paragraph 2, the contribution of net removals to the Union 2030 climate target shall be limited to 225 million tonnes of CO2 equivalent. In order to enhance the Union’s carbon sink in line with the objective of achieving climate neutrality by 2050, the Union shall aim to achieve a higher volume of its net carbon sink in 2030.","{""hierarchy"": [""Article 4"", ""Intermediate Union climate targets"", ""paragraph 1""], ""article_heading"": ""Intermediate Union climate targets"", ""parent_paragraph"": ""In order to reach the climate-neutrality objective set out in Article 2(1), the binding Union 2030 climate target shall be a domestic reduction of net greenhouse gas emissions (emissions after deduction of removals) by at least 55 % compared to 1990 levels by 2030.""}",Article 2(1),,actor_mentions; action_mentions; object_mentions; same_act_cross_references
CAND2-28D96C4EB989,both,GROUP2-FDEAF5A1C0,"{""celex"": ""32021R1119"", ""article"": ""4"", ""paragraph"": ""2"", ""point"": null, ""subparagraph"": null, ""recital"": null, ""line_start"": 230, ""line_end"": 232, ""hierarchy"": [""Article 4"", ""Intermediate Union climate targets"", ""paragraph 2""]}","2. By 30 June 2021, the Commission shall review relevant Union legislation in order to enable the achievement of the target set out in paragraph 1 of this Article and the climate-neutrality objective set out in Article 2(1) and consider taking the necessary measures, including the adoption of legislative proposals, in accordance with the Treaties. Within the framework of the review referred to in the first subparagraph and future reviews, the Commission shall assess in particular the availability under Union law of adequate instruments and incentives to mobilise the investments needed, and propose measures as necessary. From the adoption of the legislative proposals by the Commission, it shall monitor the legislative procedures for the different proposals and may report to the European Parliament and to the Council on whether the foreseen outcome of those legislative procedures, considered together, would achieve the target set out in paragraph 1. If the foreseen outcome would not deliver a result in line with the target set out in paragraph 1, the Commission may take the necessary measures, including the adoption of legislative proposals, in accordance with the Treaties.","{""hierarchy"": [""Article 4"", ""Intermediate Union climate targets"", ""paragraph 2""], ""article_heading"": ""Intermediate Union climate targets"", ""parent_paragraph"": ""By 30 June 2021, the Commission shall review relevant Union legislation in order to enable the achievement of the target set out in paragraph 1 of this Article and the climate-neutrality objective set out in Article 2(1) and consider taking the necessary measures, including the adoption of legislative proposals, in accordance with the Treaties.""}",Article 2(1),,actor_mentions; action_mentions; object_mentions; same_act_cross_references
CAND2-81FF544AFB12,both,GROUP2-D7E100616B,"{""celex"": ""32021R1119"", ""article"": ""4"", ""paragraph"": ""3"", ""point"": null, ""subparagraph"": null, ""recital"": null, ""line_start"": 234, ""line_end"": 234, ""hierarchy"": [""Article 4"", ""Intermediate Union climate targets"", ""paragraph 3""]}","3. With a view to achieving the climate-neutrality objective set out in Article 2(1) of this Regulation, a Union-wide climate target for 2040 shall be set. To that end, at the latest within six months of the first global stocktake referred to in Article 14 of the Paris Agreement, the Commission shall make a legislative proposal, as appropriate, based on a detailed impact assessment, to amend this Regulation to include the Union 2040 climate target, taking into account the conclusions of the assessments referred to in Articles 6 and 7 of this Regulation and the outcomes of the global stocktake.","{""hierarchy"": [""Article 4"", ""Intermediate Union climate targets"", ""paragraph 3""], ""article_heading"": ""Intermediate Union climate targets"", ""parent_paragraph"": ""With a view to achieving the climate-neutrality objective set out in Article 2(1) of this Regulation, a Union-wide climate target for 2040 shall be set. To that end, at the latest within six months of the first global stocktake referred to in Article 14 of the Paris Agreement, the Commission shall make a legislative proposal, as appropriate, based on a detailed impact assessment, to amend this Regulation to include the Union 2040 climate target, taking into account the conclusions of the assessments referred to in Articles 6 and 7 of this Regulation and the outcomes of the global stocktake.""}",Article 2(1); Article 14,,actor_mentions; action_mentions; object_mentions; same_act_cross_references
CAND2-D64B4FFA6C04,both,GROUP2-8EB2DEB039,"{""celex"": ""32021R1119"", ""article"": ""4"", ""paragraph"": ""4"", ""point"": null, ""subparagraph"": null, ""recital"": null, ""line_start"": 236, ""line_end"": 236, ""hierarchy"": [""Article 4"", ""Intermediate Union climate targets"", ""paragraph 4""]}","4. When making its legislative proposal for the Union 2040 climate target as referred to in paragraph 3, the Commission shall, at the same time, publish in a separate report the projected indicative Union greenhouse gas budget for the 2030-2050 period, defined as the indicative total volume of net greenhouse gas emissions (expressed as CO2 equivalent and providing separate information on emissions and removals) that are expected to be emitted in that period without putting at risk the Union’s commitments under the Paris Agreement. The projected indicative Union greenhouse gas budget shall be based on the best available science, take into account the advice of the Advisory Board as well as, where adopted, the relevant Union legislation implementing the Union 2030 climate target. The Commission shall also publish the methodology underlying the projected indicative Union greenhouse gas budget.","{""hierarchy"": [""Article 4"", ""Intermediate Union climate targets"", ""paragraph 4""], ""article_heading"": ""Intermediate Union climate targets"", ""parent_paragraph"": ""When making its legislative proposal for the Union 2040 climate target as referred to in paragraph 3, the Commission shall, at the same time, publish in a separate report the projected indicative Union greenhouse gas budget for the 2030-2050 period, defined as the indicative total volume of net greenhouse gas emissions (expressed as CO2 equivalent and providing separate information on emissions and removals) that are expected to be emitted in that period without putting at risk the Union’s commitments under the Paris Agreement. The projected indicative Union greenhouse gas budget shall be based on the best available science, take into account the advice of the Advisory Board as well as, where adopted, the relevant Union legislation implementing the Union 2030 climate target. The Commission shall also publish the methodology underlying the projected indicative Union greenhouse gas budget.""}",,,actor_mentions; action_mentions; object_mentions
CAND2-5891C83730AB,structural,GROUP2-CFF32B3431,"{""celex"": ""32021R1119"", ""article"": ""4"", ""paragraph"": ""5"", ""point"": null, ""subparagraph"": null, ""recital"": null, ""line_start"": 238, ""line_end"": 238, ""hierarchy"": [""Article 4"", ""Intermediate Union climate targets"", ""paragraph 5""]}","5. When proposing the Union 2040 climate target in accordance with paragraph 3, the Commission shall consider the following:","{""hierarchy"": [""Article 4"", ""Intermediate Union climate targets"", ""paragraph 5""], ""article_heading"": ""Intermediate Union climate targets"", ""parent_paragraph"": ""When proposing the Union 2040 climate target in accordance with paragraph 3, the Commission shall consider the following:""}",,,actor_mentions; action_mentions; object_mentions
CAND2-8207DD57CAB1,both,GROUP2-CFF32B3431,"{""celex"": ""32021R1119"", ""article"": ""4"", ""paragraph"": ""5"", ""point"": ""a"", ""subparagraph"": null, ""recital"": null, ""line_start"": 239, ""line_end"": 239, ""hierarchy"": [""Article 4"", ""Intermediate Union climate targets"", ""paragraph 5"", ""point (a)""]}","- (a) the best available and most recent scientific evidence, including the latest reports of the IPCC and the Advisory Board;","{""hierarchy"": [""Article 4"", ""Intermediate Union climate targets"", ""paragraph 5"", ""point (a)""], ""article_heading"": ""Intermediate Union climate targets"", ""parent_paragraph"": ""When proposing the Union 2040 climate target in accordance with paragraph 3, the Commission shall consider the following:""}",,,actor_mentions; action_mentions; object_mentions
CAND2-A1B35C3F8A0A,structural,GROUP2-EE697FC471,"{""celex"": ""32021R1119"", ""article"": ""4"", ""paragraph"": ""6"", ""point"": null, ""subparagraph"": null, ""recital"": null, ""line_start"": 253, ""line_end"": 253, ""hierarchy"": [""Article 4"", ""Intermediate Union climate targets"", ""paragraph 6""]}","6. Within six months of the second global stocktake referred to in Article 14 of the Paris Agreement, the Commission may propose to revise the Union 2040 climate target in accordance with Article 11 of this Regulation.","{""hierarchy"": [""Article 4"", ""Intermediate Union climate targets"", ""paragraph 6""], ""article_heading"": ""Intermediate Union climate targets"", ""parent_paragraph"": ""Within six months of the second global stocktake referred to in Article 14 of the Paris Agreement, the Commission may propose to revise the Union 2040 climate target in accordance with Article 11 of this Regulation.""}",Article 14; Article 11,,actor_mentions; action_mentions; object_mentions; same_act_cross_references
CAND2-69F07555AEAE,structural,GROUP2-B69CE3A74D,"{""celex"": ""32021R1119"", ""article"": ""5"", ""paragraph"": ""1"", ""point"": null, ""subparagraph"": null, ""recital"": null, ""line_start"": 261, ""line_end"": 261, ""hierarchy"": [""Article 5"", ""Adaptation to climate change"", ""paragraph 1""]}","1. The relevant Union institutions and the Member States shall ensure continuous progress in enhancing adaptive capacity, strengthening resilience and reducing vulnerability to climate change in accordance with Article 7 of the Paris Agreement.","{""hierarchy"": [""Article 5"", ""Adaptation to climate change"", ""paragraph 1""], ""article_heading"": ""Adaptation to climate change"", ""parent_paragraph"": ""The relevant Union institutions and the Member States shall ensure continuous progress in enhancing adaptive capacity, strengthening resilience and reducing vulnerability to climate change in accordance with Article 7 of the Paris Agreement.""}",Article 7,,actor_mentions; action_mentions; same_act_cross_references
CAND2-815A1BF3717E,structural,GROUP2-2BAAFCC4A1,"{""celex"": ""32021R1119"", ""article"": ""5"", ""paragraph"": ""2"", ""point"": null, ""subparagraph"": null, ""recital"": null, ""line_start"": 263, ""line_end"": 263, ""hierarchy"": [""Article 5"", ""Adaptation to climate change"", ""paragraph 2""]}",2. The Commission shall adopt a Union strategy on adaptation to climate change in line with the Paris Agreement and shall regularly review it in the context of the review provided for in point (b) of Article 6(2) of this Regulation.,"{""hierarchy"": [""Article 5"", ""Adaptation to climate change"", ""paragraph 2""], ""article_heading"": ""Adaptation to climate change"", ""parent_paragraph"": ""The Commission shall adopt a Union strategy on adaptation to climate change in line with the Paris Agreement and shall regularly review it in the context of the review provided for in point (b) of Article 6(2) of this Regulation.""}",Article 6(2),,actor_mentions; action_mentions; object_mentions; same_act_cross_references
CAND2-107690E984ED,structural,GROUP2-DCEFC4ACC0,"{""celex"": ""32021R1119"", ""article"": ""5"", ""paragraph"": ""3"", ""point"": null, ""subparagraph"": null, ""recital"": null, ""line_start"": 265, ""line_end"": 265, ""hierarchy"": [""Article 5"", ""Adaptation to climate change"", ""paragraph 3""]}","3. The relevant Union institutions and the Member States shall also ensure that policies on adaptation in the Union and in Member States are coherent, mutually supportive, provide co-benefits for sectoral policies, and work towards better integration of adaptation to climate change in a consistent manner in all policy areas, including relevant socioeconomic and environmental policies and actions, where appropriate, as well as in the Union’s external action. They shall focus, in particular, on the most vulnerable and impacted populations and sectors, and identify shortcomings in this regard in consultation with civil society.","{""hierarchy"": [""Article 5"", ""Adaptation to climate change"", ""paragraph 3""], ""article_heading"": ""Adaptation to climate change"", ""parent_paragraph"": ""The relevant Union institutions and the Member States shall also ensure that policies on adaptation in the Union and in Member States are coherent, mutually supportive, provide co-benefits for sectoral policies, and work towards better integration of adaptation to climate change in a consistent manner in all policy areas, including relevant socioeconomic and environmental policies and actions, where appropriate, as well as in the Union’s external action. They shall focus, in particular, on the most vulnerable and impacted populations and sectors, and identify shortcomings in this regard in consultation with civil society.""}",,,actor_mentions; action_mentions; object_mentions
CAND2-8AC97A3A1797,both,GROUP2-04C86685A0,"{""celex"": ""32021R1119"", ""article"": ""5"", ""paragraph"": ""4"", ""point"": null, ""subparagraph"": null, ""recital"": null, ""line_start"": 267, ""line_end"": 267, ""hierarchy"": [""Article 5"", ""Adaptation to climate change"", ""paragraph 4""]}","4. Member States shall adopt and implement national adaptation strategies and plans, taking into consideration the Union strategy on adaptation to climate change referred to in paragraph 2 of this Article and based on robust climate change and vulnerability analyses, progress assessments and indicators, and guided by the best available and most recent scientific evidence. In their national adaptation strategies, Member States shall take into account the particular vulnerability of the relevant sectors, inter alia, agriculture, and of water and food systems, as well as food security, and promote nature-based solutions and ecosystem-based adaptation. Member States shall regularly update the strategies and include the related updated information in the reports to be submitted under Article 19(1) of Regulation (EU) 2018/1999.","{""hierarchy"": [""Article 5"", ""Adaptation to climate change"", ""paragraph 4""], ""article_heading"": ""Adaptation to climate change"", ""parent_paragraph"": ""Member States shall adopt and implement national adaptation strategies and plans, taking into consideration the Union strategy on adaptation to climate change referred to in paragraph 2 of this Article and based on robust climate change and vulnerability analyses, progress assessments and indicators, and guided by the best available and most recent scientific evidence. In their national adaptation strategies, Member States shall take into account the particular vulnerability of the relevant sectors, inter alia, agriculture, and of water and food systems, as well as food security, and promote nature-based solutions and ecosystem-based adaptation. Member States shall regularly update the strategies and include the related updated information in the reports to be submitted under Article 19(1) of Regulation (EU) 2018/1999.""}",Article 19(1),,actor_mentions; action_mentions; object_mentions; same_act_cross_references
CAND2-4A3243C9112E,both,GROUP2-40D399C2E7,"{""celex"": ""32021R1119"", ""article"": ""5"", ""paragraph"": ""5"", ""point"": null, ""subparagraph"": null, ""recital"": null, ""line_start"": 269, ""line_end"": 269, ""hierarchy"": [""Article 5"", ""Adaptation to climate change"", ""paragraph 5""]}","5. By 30 July 2022, the Commission shall adopt guidelines setting out common principles and practices for the identification, classification and prudential management of material physical climate risks when planning, developing, executing and monitoring projects and programmes for projects.","{""hierarchy"": [""Article 5"", ""Adaptation to climate change"", ""paragraph 5""], ""article_heading"": ""Adaptation to climate change"", ""parent_paragraph"": ""By 30 July 2022, the Commission shall adopt guidelines setting out common principles and practices for the identification, classification and prudential management of material physical climate risks when planning, developing, executing and monitoring projects and programmes for projects.""}",,,actor_mentions; action_mentions; object_mentions
CAND2-EDD56D7845D3,both,GROUP2-75D39A6EA3,"{""celex"": ""32021R1119"", ""article"": ""6"", ""paragraph"": ""1"", ""point"": null, ""subparagraph"": null, ""recital"": null, ""line_start"": 275, ""line_end"": 275, ""hierarchy"": [""Article 6"", ""Assessment of Union progress and measures"", ""paragraph 1""]}","1. By 30 September 2023, and every five years thereafter, the Commission shall assess, together with the assessment provided for under Article 29(5) of Regulation (EU) 2018/1999:","{""hierarchy"": [""Article 6"", ""Assessment of Union progress and measures"", ""paragraph 1""], ""article_heading"": ""Assessment of Union progress and measures"", ""parent_paragraph"": ""By 30 September 2023, and every five years thereafter, the Commission shall assess, together with the assessment provided for under Article 29(5) of Regulation (EU) 2018/1999:""}",Article 29(5),,actor_mentions; action_mentions; object_mentions; same_act_cross_references
CAND2-EC26B7CB9612,both,GROUP2-75D39A6EA3,"{""celex"": ""32021R1119"", ""article"": ""6"", ""paragraph"": ""1"", ""point"": ""b"", ""subparagraph"": null, ""recital"": null, ""line_start"": 277, ""line_end"": 278, ""hierarchy"": [""Article 6"", ""Assessment of Union progress and measures"", ""paragraph 1"", ""point (b)""]}","- (b) the collective progress made by all Member States on adaptation as referred to in Article 5 of this Regulation. The Commission shall submit the conclusions of that assessment, together with the State of the Energy Union report prepared in the respective calendar year in accordance with Article 35 of Regulation (EU) 2018/1999, to the European Parliament and to the Council.","{""hierarchy"": [""Article 6"", ""Assessment of Union progress and measures"", ""paragraph 1"", ""point (b)""], ""article_heading"": ""Assessment of Union progress and measures"", ""parent_paragraph"": ""By 30 September 2023, and every five years thereafter, the Commission shall assess, together with the assessment provided for under Article 29(5) of Regulation (EU) 2018/1999:""}",Article 5; Article 35,,actor_mentions; action_mentions; object_mentions; same_act_cross_references
CAND2-7811F95526B7,structural,GROUP2-20986C07A5,"{""celex"": ""32021R1119"", ""article"": ""6"", ""paragraph"": ""2"", ""point"": null, ""subparagraph"": null, ""recital"": null, ""line_start"": 280, ""line_end"": 282, ""hierarchy"": [""Article 6"", ""Assessment of Union progress and measures"", ""paragraph 2""]}","2. By 30 September 2023, and every five years thereafter, the Commission shall review: - (a) the consistency of Union measures with the climate-neutrality objective set out in Article 2(1); - (b) the consistency of Union measures with ensuring progress on adaptation as referred to in Article 5.","{""hierarchy"": [""Article 6"", ""Assessment of Union progress and measures"", ""paragraph 2""], ""article_heading"": ""Assessment of Union progress and measures"", ""parent_paragraph"": ""By 30 September 2023, and every five years thereafter, the Commission shall review:""}",Article 2(1); Article 5,,actor_mentions; action_mentions; object_mentions; same_act_cross_references
CAND2-5E47A052C0DF,both,GROUP2-E66B7A1320,"{""celex"": ""32021R1119"", ""article"": ""6"", ""paragraph"": ""3"", ""point"": null, ""subparagraph"": null, ""recital"": null, ""line_start"": 284, ""line_end"": 284, ""hierarchy"": [""Article 6"", ""Assessment of Union progress and measures"", ""paragraph 3""]}","3. Where, based on the assessments referred to in paragraphs 1 and 2 of this Article, the Commission finds that Union measures are inconsistent with the climate-neutrality objective set out in Article 2(1) or inconsistent with ensuring progress on adaptation as referred to in Article 5, or that the progress towards that climate-neutrality objective or on adaptation as referred to in Article 5 is insufficient, it shall take the necessary measures in accordance with the Treaties.","{""hierarchy"": [""Article 6"", ""Assessment of Union progress and measures"", ""paragraph 3""], ""article_heading"": ""Assessment of Union progress and measures"", ""parent_paragraph"": ""Where, based on the assessments referred to in paragraphs 1 and 2 of this Article, the Commission finds that Union measures are inconsistent with the climate-neutrality objective set out in Article 2(1) or inconsistent with ensuring progress on adaptation as referred to in Article 5, or that the progress towards that climate-neutrality objective or on adaptation as referred to in Article 5 is insufficient, it shall take the necessary measures in accordance with the Treaties.""}",Article 2(1); Article 5,,actor_mentions; action_mentions; object_mentions; same_act_cross_references
CAND2-90DBC4512D0E,both,GROUP2-11D885FE82,"{""celex"": ""32021R1119"", ""article"": ""6"", ""paragraph"": ""4"", ""point"": null, ""subparagraph"": null, ""recital"": null, ""line_start"": 286, ""line_end"": 286, ""hierarchy"": [""Article 6"", ""Assessment of Union progress and measures"", ""paragraph 4""]}","4. The Commission shall assess the consistency of any draft measure or legislative proposal, including budgetary proposals, with the climate-neutrality objective set out in Article 2(1) and the Union 2030 and 2040 climate targets before adoption, and include that assessment in any impact assessment accompanying these measures or proposals, and make the result of that assessment publicly available at the time of adoption. The Commission shall also assess whether those draft measures or legislative proposals, including budgetary proposals, are consistent with ensuring progress on adaptation as referred to in Article 5. When making its draft measures and legislative proposals, the Commission shall endeavour to align them with the objectives of this Regulation. In any case of non-alignment, the Commission shall provide the reasons as part of the consistency assessment referred to in this paragraph.","{""hierarchy"": [""Article 6"", ""Assessment of Union progress and measures"", ""paragraph 4""], ""article_heading"": ""Assessment of Union progress and measures"", ""parent_paragraph"": ""The Commission shall assess the consistency of any draft measure or legislative proposal, including budgetary proposals, with the climate-neutrality objective set out in Article 2(1) and the Union 2030 and 2040 climate targets before adoption, and include that assessment in any impact assessment accompanying these measures or proposals, and make the result of that assessment publicly available at the time of adoption. The Commission shall also assess whether those draft measures or legislative proposals, including budgetary proposals, are consistent with ensuring progress on adaptation as referred to in Article 5. When making its draft measures and legislative proposals, the Commission shall endeavour to align them with the objectives of this Regulation. In any case of non-alignment, the Commission shall provide the reasons as part of the consistency assessment referred to in this parag…""}",Article 2(1); Article 5,,actor_mentions; action_mentions; object_mentions; same_act_cross_references
CAND2-610B079BEC92,lexical,GROUP2-8146959AC6,"{""celex"": ""32021R1119"", ""article"": ""7"", ""paragraph"": ""1"", ""point"": null, ""subparagraph"": null, ""recital"": null, ""line_start"": 292, ""line_end"": 292, ""hierarchy"": [""Article 7"", ""Assessment of national measures"", ""paragraph 1""]}","1. By 30 September 2023, and every five years thereafter, the Commission shall assess:","{""hierarchy"": [""Article 7"", ""Assessment of national measures"", ""paragraph 1""], ""article_heading"": ""Assessment of national measures"", ""parent_paragraph"": ""By 30 September 2023, and every five years thereafter, the Commission shall assess:""}",,,actor_mentions; action_mentions
CAND2-EC28D6A68B17,lexical,GROUP2-8146959AC6,"{""celex"": ""32021R1119"", ""article"": ""7"", ""paragraph"": ""1"", ""point"": ""a"", ""subparagraph"": null, ""recital"": null, ""line_start"": 293, ""line_end"": 293, ""hierarchy"": [""Article 7"", ""Assessment of national measures"", ""paragraph 1"", ""point (a)""]}","- (a) the consistency of national measures identified, on the basis of the integrated national energy and climate plans, national long-term strategies and the biennial progress reports submitted in accordance with Regulation (EU) 2018/1999, as relevant for the achievement of the climate-neutrality objective set out in Article 2(1) of this Regulation with that objective;","{""hierarchy"": [""Article 7"", ""Assessment of national measures"", ""paragraph 1"", ""point (a)""], ""article_heading"": ""Assessment of national measures"", ""parent_paragraph"": ""By 30 September 2023, and every five years thereafter, the Commission shall assess:""}",Article 2(1),,action_mentions; object_mentions; same_act_cross_references
CAND2-D441FFCD4FC3,both,GROUP2-8146959AC6,"{""celex"": ""32021R1119"", ""article"": ""7"", ""paragraph"": ""1"", ""point"": ""b"", ""subparagraph"": null, ""recital"": null, ""line_start"": 294, ""line_end"": 295, ""hierarchy"": [""Article 7"", ""Assessment of national measures"", ""paragraph 1"", ""point (b)""]}","- (b) the consistency of relevant national measures with ensuring progress on adaptation as referred to in Article 5, taking into account the national adaptation strategies referred to in Article 5(4). The Commission shall submit the conclusions of that assessment, together with the State of the Energy Union report prepared in the respective calendar year in accordance with Article 35 of Regulation (EU) 2018/1999, to the European Parliament and to the Council.","{""hierarchy"": [""Article 7"", ""Assessment of national measures"", ""paragraph 1"", ""point (b)""], ""article_heading"": ""Assessment of national measures"", ""parent_paragraph"": ""By 30 September 2023, and every five years thereafter, the Commission shall assess:""}",Article 5; Article 5(4); Article 35,,actor_mentions; action_mentions; object_mentions; same_act_cross_references
CAND2-66E1F84E584B,both,GROUP2-2127B552D9,"{""celex"": ""32021R1119"", ""article"": ""7"", ""paragraph"": ""2"", ""point"": null, ""subparagraph"": null, ""recital"": null, ""line_start"": 297, ""line_end"": 297, ""hierarchy"": [""Article 7"", ""Assessment of national measures"", ""paragraph 2""]}","2. Where the Commission finds, after due consideration of the collective progress assessed in accordance with Article 6(1), that a Member State’s measures are inconsistent with the climate-neutrality objective set out in Article 2(1) or inconsistent with ensuring progress on adaptation as referred to in Article 5, it may issue recommendations to that Member State. The Commission shall make such recommendations publicly available.","{""hierarchy"": [""Article 7"", ""Assessment of national measures"", ""paragraph 2""], ""article_heading"": ""Assessment of national measures"", ""parent_paragraph"": ""Where the Commission finds, after due consideration of the collective progress assessed in accordance with Article 6(1), that a Member State’s measures are inconsistent with the climate-neutrality objective set out in Article 2(1) or inconsistent with ensuring progress on adaptation as referred to in Article 5, it may issue recommendations to that Member State. The Commission shall make such recommendations publicly available.""}",Article 6(1); Article 2(1); Article 5,,actor_mentions; action_mentions; object_mentions; same_act_cross_references
CAND2-9E16D8A0E046,both,GROUP2-E822BE66B0,"{""celex"": ""32021R1119"", ""article"": ""7"", ""paragraph"": ""3"", ""point"": ""a"", ""subparagraph"": null, ""recital"": null, ""line_start"": 300, ""line_end"": 300, ""hierarchy"": [""Article 7"", ""Assessment of national measures"", ""paragraph 3"", ""point (a)""]}","- (a) the Member State concerned shall, within six months of receipt of the recommendations, notify the Commission on how it intends to take due account of the recommendations in a spirit of solidarity between Member States and the Union and between Member States;","{""hierarchy"": [""Article 7"", ""Assessment of national measures"", ""paragraph 3"", ""point (a)""], ""article_heading"": ""Assessment of national measures"", ""parent_paragraph"": ""Where recommendations are issued in accordance with paragraph 2, the following principles shall apply:""}",,,actor_mentions; action_mentions; object_mentions
CAND2-295D4FBD3131,both,GROUP2-E822BE66B0,"{""celex"": ""32021R1119"", ""article"": ""7"", ""paragraph"": ""3"", ""point"": ""b"", ""subparagraph"": null, ""recital"": null, ""line_start"": 301, ""line_end"": 301, ""hierarchy"": [""Article 7"", ""Assessment of national measures"", ""paragraph 3"", ""point (b)""]}","- (b) after the submission of the notification referred to in point (a) of this paragraph, the Member State concerned shall set out, in its following integrated national energy and climate progress report submitted in accordance with Article 17 of Regulation (EU) 2018/1999, in the year following the year in which the recommendations were issued, how it has taken due account of the recommendations; if the Member State concerned decides not to address the recommendations or a substantial part thereof, that Member State shall provide the Commission its reasoning;","{""hierarchy"": [""Article 7"", ""Assessment of national measures"", ""paragraph 3"", ""point (b)""], ""article_heading"": ""Assessment of national measures"", ""parent_paragraph"": ""Where recommendations are issued in accordance with paragraph 2, the following principles shall apply:""}",Article 17,,actor_mentions; action_mentions; object_mentions; same_act_cross_references
CAND2-A8BB17B8CD32,both,GROUP2-972D49E3D1,"{""celex"": ""32021R1119"", ""article"": ""8"", ""paragraph"": ""1"", ""point"": null, ""subparagraph"": null, ""recital"": null, ""line_start"": 308, ""line_end"": 308, ""hierarchy"": [""Article 8"", ""Common provisions on Commission assessment"", ""paragraph 1""]}","1. The Commission shall base its first and second assessments referred to in Articles 6 and 7 on an indicative, linear trajectory which sets out the pathway for the reduction of net emissions at Union level and which links the Union 2030 climate target referred to in Article 4(1), the Union 2040 climate target, when adopted, and the climate-neutrality objective set out in Article 2(1).","{""hierarchy"": [""Article 8"", ""Common provisions on Commission assessment"", ""paragraph 1""], ""article_heading"": ""Common provisions on Commission assessment"", ""parent_paragraph"": ""The Commission shall base its first and second assessments referred to in Articles 6 and 7 on an indicative, linear trajectory which sets out the pathway for the reduction of net emissions at Union level and which links the Union 2030 climate target referred to in Article 4(1), the Union 2040 climate target, when adopted, and the climate-neutrality objective set out in Article 2(1).""}",Article 4(1); Article 2(1),,actor_mentions; action_mentions; object_mentions; same_act_cross_references
CAND2-937128584EE2,both,GROUP2-E535FA5102,"{""celex"": ""32021R1119"", ""article"": ""8"", ""paragraph"": ""2"", ""point"": null, ""subparagraph"": null, ""recital"": null, ""line_start"": 310, ""line_end"": 310, ""hierarchy"": [""Article 8"", ""Common provisions on Commission assessment"", ""paragraph 2""]}","2. Following the first and second assessments referred to in paragraph 1, the Commission shall base any subsequent assessment on an indicative, linear trajectory linking the Union 2040 climate target, when adopted, and the climate-neutrality objective set out in Article 2(1).","{""hierarchy"": [""Article 8"", ""Common provisions on Commission assessment"", ""paragraph 2""], ""article_heading"": ""Common provisions on Commission assessment"", ""parent_paragraph"": ""Following the first and second assessments referred to in paragraph 1, the Commission shall base any subsequent assessment on an indicative, linear trajectory linking the Union 2040 climate target, when adopted, and the climate-neutrality objective set out in Article 2(1).""}",Article 2(1),,actor_mentions; action_mentions; object_mentions; same_act_cross_references
CAND2-958BB6289A36,both,GROUP2-BC248DE6DE,"{""celex"": ""32021R1119"", ""article"": ""8"", ""paragraph"": ""3"", ""point"": null, ""subparagraph"": null, ""recital"": null, ""line_start"": 312, ""line_end"": 312, ""hierarchy"": [""Article 8"", ""Common provisions on Commission assessment"", ""paragraph 3""]}","3. In addition to the national measures referred to in point (a) of Article 7(1), the Commission shall base its assessments referred to in Articles 6 and 7 on at least the following:","{""hierarchy"": [""Article 8"", ""Common provisions on Commission assessment"", ""paragraph 3""], ""article_heading"": ""Common provisions on Commission assessment"", ""parent_paragraph"": ""In addition to the national measures referred to in point (a) of Article 7(1), the Commission shall base its assessments referred to in Articles 6 and 7 on at least the following:""}",Article 7(1),,actor_mentions; action_mentions; object_mentions; same_act_cross_references
CAND2-4F0C4C78A5A5,lexical,GROUP2-BC248DE6DE,"{""celex"": ""32021R1119"", ""article"": ""8"", ""paragraph"": ""3"", ""point"": ""a"", ""subparagraph"": null, ""recital"": null, ""line_start"": 313, ""line_end"": 313, ""hierarchy"": [""Article 8"", ""Common provisions on Commission assessment"", ""paragraph 3"", ""point (a)""]}",- (a) information submitted and reported under Regulation (EU) 2018/1999;,"{""hierarchy"": [""Article 8"", ""Common provisions on Commission assessment"", ""paragraph 3"", ""point (a)""], ""article_heading"": ""Common provisions on Commission assessment"", ""parent_paragraph"": ""In addition to the national measures referred to in point (a) of Article 7(1), the Commission shall base its assessments referred to in Articles 6 and 7 on at least the following:""}",,,action_mentions; object_mentions
CAND2-465FC96778A7,both,GROUP2-BC248DE6DE,"{""celex"": ""32021R1119"", ""article"": ""8"", ""paragraph"": ""3"", ""point"": ""b"", ""subparagraph"": null, ""recital"": null, ""line_start"": 314, ""line_end"": 314, ""hierarchy"": [""Article 8"", ""Common provisions on Commission assessment"", ""paragraph 3"", ""point (b)""]}","- (b) reports of the EEA, the Advisory Board and the Commission’s Joint Research Centre;","{""hierarchy"": [""Article 8"", ""Common provisions on Commission assessment"", ""paragraph 3"", ""point (b)""], ""article_heading"": ""Common provisions on Commission assessment"", ""parent_paragraph"": ""In addition to the national measures referred to in point (a) of Article 7(1), the Commission shall base its assessments referred to in Articles 6 and 7 on at least the following:""}",,,actor_mentions; action_mentions; object_mentions
CAND2-C5168282A9CE,lexical,GROUP2-BC248DE6DE,"{""celex"": ""32021R1119"", ""article"": ""8"", ""paragraph"": ""3"", ""point"": ""c"", ""subparagraph"": null, ""recital"": null, ""line_start"": 315, ""line_end"": 315, ""hierarchy"": [""Article 8"", ""Common provisions on Commission assessment"", ""paragraph 3"", ""point (c)""]}","- (c) European and global statistics and data, including statistics and data from the European Earth Observation Programme Copernicus, data on reported and projected losses from adverse climate impacts and estimates on the costs of inaction or delayed action, where available;","{""hierarchy"": [""Article 8"", ""Common provisions on Commission assessment"", ""paragraph 3"", ""point (c)""], ""article_heading"": ""Common provisions on Commission assessment"", ""parent_paragraph"": ""In addition to the national measures referred to in point (a) of Article 7(1), the Commission shall base its assessments referred to in Articles 6 and 7 on at least the following:""}",,,action_mentions; object_mentions
CAND2-8607C66ECE11,lexical,GROUP2-BC248DE6DE,"{""celex"": ""32021R1119"", ""article"": ""8"", ""paragraph"": ""3"", ""point"": ""d"", ""subparagraph"": null, ""recital"": null, ""line_start"": 316, ""line_end"": 316, ""hierarchy"": [""Article 8"", ""Common provisions on Commission assessment"", ""paragraph 3"", ""point (d)""]}","- (d) the best available and most recent scientific evidence, including the latest reports of the IPCC, IPBES and other international bodies; and","{""hierarchy"": [""Article 8"", ""Common provisions on Commission assessment"", ""paragraph 3"", ""point (d)""], ""article_heading"": ""Common provisions on Commission assessment"", ""parent_paragraph"": ""In addition to the national measures referred to in point (a) of Article 7(1), the Commission shall base its assessments referred to in Articles 6 and 7 on at least the following:""}",,,action_mentions; object_mentions
CAND2-E000728831B2,structural,GROUP2-BC248DE6DE,"{""celex"": ""32021R1119"", ""article"": ""8"", ""paragraph"": ""3"", ""point"": ""e"", ""subparagraph"": null, ""recital"": null, ""line_start"": 317, ""line_end"": 317, ""hierarchy"": [""Article 8"", ""Common provisions on Commission assessment"", ""paragraph 3"", ""point (e)""]}","- (e) any supplementary information on environmentally sustainable investment by the Union or by Member States, including, when available, investment consistent with Regulation (EU) 2020/852.","{""hierarchy"": [""Article 8"", ""Common provisions on Commission assessment"", ""paragraph 3"", ""point (e)""], ""article_heading"": ""Common provisions on Commission assessment"", ""parent_paragraph"": ""In addition to the national measures referred to in point (a) of Article 7(1), the Commission shall base its assessments referred to in Articles 6 and 7 on at least the following:""}",,,actor_mentions; action_mentions; object_mentions
CAND2-88A2261C68DE,both,GROUP2-FDAB63AA9D,"{""celex"": ""32021R1119"", ""article"": ""8"", ""paragraph"": ""4"", ""point"": null, ""subparagraph"": null, ""recital"": null, ""line_start"": 319, ""line_end"": 319, ""hierarchy"": [""Article 8"", ""Common provisions on Commission assessment"", ""paragraph 4""]}","4. The EEA shall assist the Commission in the preparation of the assessments referred to in Articles 6 and 7, in accordance with its annual work programme.","{""hierarchy"": [""Article 8"", ""Common provisions on Commission assessment"", ""paragraph 4""], ""article_heading"": ""Common provisions on Commission assessment"", ""parent_paragraph"": ""The EEA shall assist the Commission in the preparation of the assessments referred to in Articles 6 and 7, in accordance with its annual work programme.""}",,,actor_mentions; action_mentions; object_mentions
CAND2-DCD349D8BCA7,lexical,GROUP2-F20A7420C0,"{""celex"": ""32021R1119"", ""article"": ""9"", ""paragraph"": ""1"", ""point"": null, ""subparagraph"": null, ""recital"": null, ""line_start"": 325, ""line_end"": 325, ""hierarchy"": [""Article 9"", ""Public participation"", ""paragraph 1""]}","1. The Commission shall engage with all parts of society to enable and empower them to take action towards a just and socially fair transition to a climate-neutral and climate-resilient society. The Commission shall facilitate an inclusive and accessible process at all levels, including at national, regional and local level and with social partners, academia, the business community, citizens and civil society, for the exchange of best practice and to identify actions to contribute to the achievement of the objectives of this Regulation. The Commission may also draw on the public consultations and on the multilevel climate and energy dialogues as set up by Member States in accordance with Articles 10 and 11 of Regulation (EU) 2018/1999.","{""hierarchy"": [""Article 9"", ""Public participation"", ""paragraph 1""], ""article_heading"": ""Public participation"", ""parent_paragraph"": ""The Commission shall engage with all parts of society to enable and empower them to take action towards a just and socially fair transition to a climate-neutral and climate-resilient society. The Commission shall facilitate an inclusive and accessible process at all levels, including at national, regional and local level and with social partners, academia, the business community, citizens and civil society, for the exchange of best practice and to identify actions to contribute to the achievement of the objectives of this Regulation. The Commission may also draw on the public consultations and on the multilevel climate and energy dialogues as set up by Member States in accordance with Articles 10 and 11 of Regulation (EU) 2018/1999.""}",,,actor_mentions; action_mentions
CAND2-04BA3CF9F1E9,structural,GROUP2-8536F277AD,"{""celex"": ""32021R1119"", ""article"": ""9"", ""paragraph"": ""2"", ""point"": null, ""subparagraph"": null, ""recital"": null, ""line_start"": 327, ""line_end"": 327, ""hierarchy"": [""Article 9"", ""Public participation"", ""paragraph 2""]}","2. The Commission shall use all appropriate instruments, including the European Climate Pact, to engage citizens, social partners and stakeholders, and foster dialogue and the diffusion of science-based information about climate change and its social and gender equality aspects.","{""hierarchy"": [""Article 9"", ""Public participation"", ""paragraph 2""], ""article_heading"": ""Public participation"", ""parent_paragraph"": ""The Commission shall use all appropriate instruments, including the European Climate Pact, to engage citizens, social partners and stakeholders, and foster dialogue and the diffusion of science-based information about climate change and its social and gender equality aspects.""}",,,actor_mentions; action_mentions; object_mentions
CAND2-8D92B13ED7AE,both,GROUP2-AD0608725C,"{""celex"": ""32021R1119"", ""article"": ""10"", ""paragraph"": null, ""point"": null, ""subparagraph"": null, ""recital"": null, ""line_start"": 333, ""line_end"": 333, ""hierarchy"": [""Article 10"", ""Sectoral roadmaps""]}","The Commission shall engage with sectors of the economy within the Union that choose to prepare indicative voluntary roadmaps towards achieving the climate-neutrality objective set out in Article 2(1). The Commission shall monitor the development of such roadmaps. Its engagement shall involve the facilitation of dialogue at Union level, and the sharing of best practice among relevant stakeholders.","{""hierarchy"": [""Article 10"", ""Sectoral roadmaps""], ""article_heading"": ""Sectoral roadmaps"", ""parent_paragraph"": """"}",Article 2(1),,actor_mentions; action_mentions; object_mentions; same_act_cross_references
CAND2-3E6642A72EB3,both,GROUP2-37B5BE61FE,"{""celex"": ""32021R1119"", ""article"": ""11"", ""paragraph"": null, ""point"": null, ""subparagraph"": null, ""recital"": null, ""line_start"": 339, ""line_end"": 339, ""hierarchy"": [""Article 11"", ""Review""]}","Within six months of each global stocktake referred to in Article 14 of the Paris Agreement, the Commission shall submit a report to the European Parliament and to the Council, together with the conclusions of the assessments referred to in Articles 6 and 7 of this Regulation, on the operation of this Regulation, taking into account:","{""hierarchy"": [""Article 11"", ""Review""], ""article_heading"": ""Review"", ""parent_paragraph"": """"}",Article 14,,actor_mentions; action_mentions; object_mentions; same_act_cross_references
CAND2-CBC911FFFEDF,both,GROUP2-37B5BE61FE,"{""celex"": ""32021R1119"", ""article"": ""11"", ""paragraph"": null, ""point"": ""a"", ""subparagraph"": null, ""recital"": null, ""line_start"": 341, ""line_end"": 341, ""hierarchy"": [""Article 11"", ""Review"", ""point (a)""]}","- (a) the best available and most recent scientific evidence, including the latest reports of the IPCC and the Advisory Board;","{""hierarchy"": [""Article 11"", ""Review"", ""point (a)""], ""article_heading"": ""Review"", ""parent_paragraph"": """"}",,,actor_mentions; action_mentions; object_mentions
CAND2-431D6B0BD7E3,both,GROUP2-37B5BE61FE,"{""celex"": ""32021R1119"", ""article"": ""11"", ""paragraph"": null, ""point"": null, ""subparagraph"": null, ""recital"": null, ""line_start"": 345, ""line_end"": 345, ""hierarchy"": [""Article 11"", ""Review""]}","The Commission’s report may be accompanied, where appropriate, by legislative proposals to amend this Regulation.","{""hierarchy"": [""Article 11"", ""Review""], ""article_heading"": ""Review"", ""parent_paragraph"": """"}",,,actor_mentions; action_mentions; object_mentions
CAND2-4366F1CEFAE0,lexical,GROUP2-DFDEEDA924,"{""celex"": ""32021R1119"", ""article"": ""12"", ""paragraph"": ""2"", ""point"": null, ""subparagraph"": null, ""recital"": null, ""line_start"": 356, ""line_end"": 356, ""hierarchy"": [""Article 12"", ""Amendments to Regulation (EC) No 401/2009"", ""paragraph 2""]}",2. The Advisory Board shall be composed of 15 senior scientific experts covering a broad range of relevant disciplines. Members of the Advisory Board shall meet the criteria set out in paragraph 3. No more than two members of the Advisory Board shall hold the nationality of the same Member State. The independence of the members of the Advisory Board shall be beyond doubt.,"{""hierarchy"": [""Article 12"", ""Amendments to Regulation (EC) No 401/2009"", ""paragraph 2""], ""article_heading"": ""Amendments to Regulation (EC) No 401/2009"", ""parent_paragraph"": ""The Advisory Board shall be composed of 15 senior scientific experts covering a broad range of relevant disciplines. Members of the Advisory Board shall meet the criteria set out in paragraph 3. No more than two members of the Advisory Board shall hold the nationality of the same Member State. The independence of the members of the Advisory Board shall be beyond doubt.""}",,,actor_mentions; action_mentions
CAND2-2A5446CEC717,lexical,GROUP2-EF362A5110,"{""celex"": ""32021R1119"", ""article"": ""12"", ""paragraph"": ""3"", ""point"": null, ""subparagraph"": null, ""recital"": null, ""line_start"": 357, ""line_end"": 357, ""hierarchy"": [""Article 12"", ""Amendments to Regulation (EC) No 401/2009"", ""paragraph 3""]}","3. The Management Board shall designate the members of the Advisory Board for a term of four years, which shall be renewable once, following an open, fair and transparent selection procedure. In its selection of the members of the Advisory Board, the Management Board shall seek to ensure a varied disciplinary and sectoral expertise, as well as gender and geographical balance. The selection shall be based on the following criteria:","{""hierarchy"": [""Article 12"", ""Amendments to Regulation (EC) No 401/2009"", ""paragraph 3""], ""article_heading"": ""Amendments to Regulation (EC) No 401/2009"", ""parent_paragraph"": ""The Management Board shall designate the members of the Advisory Board for a term of four years, which shall be renewable once, following an open, fair and transparent selection procedure. In its selection of the members of the Advisory Board, the Management Board shall seek to ensure a varied disciplinary and sectoral expertise, as well as gender and geographical balance. The selection shall be based on the following criteria:""}",,,actor_mentions; action_mentions
CAND2-90DA767B29FC,lexical,GROUP2-EF362A5110,"{""celex"": ""32021R1119"", ""article"": ""12"", ""paragraph"": ""3"", ""point"": ""b"", ""subparagraph"": null, ""recital"": null, ""line_start"": 359, ""line_end"": 359, ""hierarchy"": [""Article 12"", ""Amendments to Regulation (EC) No 401/2009"", ""paragraph 3"", ""point (b)""]}",- (b) experience in carrying out scientific assessments and providing scientific advice in the fields of expertise;,"{""hierarchy"": [""Article 12"", ""Amendments to Regulation (EC) No 401/2009"", ""paragraph 3"", ""point (b)""], ""article_heading"": ""Amendments to Regulation (EC) No 401/2009"", ""parent_paragraph"": ""The Management Board shall designate the members of the Advisory Board for a term of four years, which shall be renewable once, following an open, fair and transparent selection procedure. In its selection of the members of the Advisory Board, the Management Board shall seek to ensure a varied disciplinary and sectoral expertise, as well as gender and geographical balance. The selection shall be based on the following criteria:""}",,,action_mentions; object_mentions
CAND2-A95EB0288DC5,lexical,GROUP2-936E5DB55A,"{""celex"": ""32021R1119"", ""article"": ""12"", ""paragraph"": ""4"", ""point"": null, ""subparagraph"": null, ""recital"": null, ""line_start"": 362, ""line_end"": 362, ""hierarchy"": [""Article 12"", ""Amendments to Regulation (EC) No 401/2009"", ""paragraph 4""]}",4. The members of the Advisory Board shall be appointed in a personal capacity and shall give their positions completely independently of the Member States and the Union institutions. The Advisory Board shall elect its chairperson from among its members for a period of four years and it shall adopt its rules of procedure.,"{""hierarchy"": [""Article 12"", ""Amendments to Regulation (EC) No 401/2009"", ""paragraph 4""], ""article_heading"": ""Amendments to Regulation (EC) No 401/2009"", ""parent_paragraph"": ""The members of the Advisory Board shall be appointed in a personal capacity and shall give their positions completely independently of the Member States and the Union institutions. The Advisory Board shall elect its chairperson from among its members for a period of four years and it shall adopt its rules of procedure.""}",,,actor_mentions; action_mentions
CAND2-CC0ABB8E0765,lexical,GROUP2-728AD1689A,"{""celex"": ""32021R1119"", ""article"": ""12"", ""paragraph"": ""5"", ""point"": null, ""subparagraph"": null, ""recital"": null, ""line_start"": 363, ""line_end"": 363, ""hierarchy"": [""Article 12"", ""Amendments to Regulation (EC) No 401/2009"", ""paragraph 5""]}","5. The Advisory Board shall complement the work of the Agency while acting independently in discharging its tasks. The Advisory Board shall establish its annual work programme independently, and when doing so it shall consult the Management Board. The chairperson of the Advisory Board shall inform the Management Board and the Executive Director of that programme and its implementation.’;","{""hierarchy"": [""Article 12"", ""Amendments to Regulation (EC) No 401/2009"", ""paragraph 5""], ""article_heading"": ""Amendments to Regulation (EC) No 401/2009"", ""parent_paragraph"": ""The Advisory Board shall complement the work of the Agency while acting independently in discharging its tasks. The Advisory Board shall establish its annual work programme independently, and when doing so it shall consult the Management Board. The chairperson of the Advisory Board shall inform the Management Board and the Executive Director of that programme and its implementation.’;""}",,,actor_mentions; action_mentions
CAND2-474D6A7B8FCA,structural,GROUP2-728AD1689A,"{""celex"": ""32021R1119"", ""article"": ""12"", ""paragraph"": ""5"", ""point"": ""2"", ""subparagraph"": null, ""recital"": null, ""line_start"": 365, ""line_end"": 366, ""hierarchy"": [""Article 12"", ""Amendments to Regulation (EC) No 401/2009"", ""paragraph 5"", ""point (2)""]}","- (2) in Article 11, the following paragraph is added: ‘5. The Agency’s budget shall also include the expenditure relating to the Advisory Board.’.","{""hierarchy"": [""Article 12"", ""Amendments to Regulation (EC) No 401/2009"", ""paragraph 5"", ""point (2)""], ""article_heading"": ""Amendments to Regulation (EC) No 401/2009"", ""parent_paragraph"": ""The Advisory Board shall complement the work of the Agency while acting independently in discharging its tasks. The Advisory Board shall establish its annual work programme independently, and when doing so it shall consult the Management Board. The chairperson of the Advisory Board shall inform the Management Board and the Executive Director of that programme and its implementation.’;""}",Article 11,,actor_mentions; action_mentions; same_act_cross_references
CAND2-78725C040A77,structural,GROUP2-899AF38B9A,"{""celex"": ""32021R1119"", ""article"": ""13"", ""paragraph"": null, ""point"": ""1"", ""subparagraph"": null, ""recital"": null, ""line_start"": 374, ""line_end"": 374, ""hierarchy"": [""Article 13"", ""Amendments to Regulation (EU) 2018/1999"", ""point (1)""]}","- (1) in Article 1(1), point (a) is replaced by the following:(*1) Regulation (EU) 2021/1119 of the European Parliament and of the Council of 30 June 2021 establishing the framework for achieving climate neutrality and amending Regulations (EC) No 401/2009 and (EU) 2018/1999 (“European Climate Law”) (OJ L 243, 9.7.2021, p. 1).’;""","{""hierarchy"": [""Article 13"", ""Amendments to Regulation (EU) 2018/1999"", ""point (1)""], ""article_heading"": ""Amendments to Regulation (EU) 2018/1999"", ""parent_paragraph"": """"}",Article 1(1),,actor_mentions; action_mentions; same_act_cross_references
CAND2-8D7D5ED06FD0,both,GROUP2-899AF38B9A,"{""celex"": ""32021R1119"", ""article"": ""13"", ""paragraph"": null, ""point"": ""a"", ""subparagraph"": null, ""recital"": null, ""line_start"": 375, ""line_end"": 375, ""hierarchy"": [""Article 13"", ""Amendments to Regulation (EU) 2018/1999"", ""point (a)""]}","- ‘(a) implement strategies and measures designed to meet the objectives and targets of the Energy Union and the long-term Union greenhouse gas emissions commitments consistent with the Paris Agreement, in particular the Union’s climate-neutrality objective set out in Article 2(1) of Regulation (EU) 2021/1119 of the European Parliament and of the Council (*1), and, for the first ten-year period, from 2021 to 2030, in particular the Union’s 2030 targets for energy and climate;","{""hierarchy"": [""Article 13"", ""Amendments to Regulation (EU) 2018/1999"", ""point (a)""], ""article_heading"": ""Amendments to Regulation (EU) 2018/1999"", ""parent_paragraph"": """"}",Article 2(1),,actor_mentions; action_mentions; object_mentions; same_act_cross_references
CAND2-E269DC5EED3A,lexical,GROUP2-899AF38B9A,"{""celex"": ""32021R1119"", ""article"": ""13"", ""paragraph"": null, ""point"": ""7"", ""subparagraph"": null, ""recital"": null, ""line_start"": 378, ""line_end"": 378, ""hierarchy"": [""Article 13"", ""Amendments to Regulation (EU) 2018/1999"", ""point (7)""]}","- ‘(7) “projections” means forecasts of anthropogenic greenhouse gas emissions by sources and removals by sinks or developments of the energy system, including at least quantitative estimates for a sequence of six future years ending with 0 or 5, immediately following the reporting year;’;","{""hierarchy"": [""Article 13"", ""Amendments to Regulation (EU) 2018/1999"", ""point (7)""], ""article_heading"": ""Amendments to Regulation (EU) 2018/1999"", ""parent_paragraph"": """"}",,,action_mentions; object_mentions
CAND2-06C85DCA5897,lexical,GROUP2-899AF38B9A,"{""celex"": ""32021R1119"", ""article"": ""13"", ""paragraph"": null, ""point"": ""f"", ""subparagraph"": null, ""recital"": null, ""line_start"": 381, ""line_end"": 381, ""hierarchy"": [""Article 13"", ""Amendments to Regulation (EU) 2018/1999"", ""point (f)""]}","- ‘(f) an assessment of the impacts of the planned policies and measures to meet the objectives referred to in point (b) of this paragraph, including their consistency with the Union’s climate-neutrality objective set out in Article 2(1) of Regulation (EU) 2021/1119, the long-term greenhouse gas emission reduction objectives under the Paris Agreement and the long-term strategies as referred to in Article 15 of this Regulation;’;","{""hierarchy"": [""Article 13"", ""Amendments to Regulation (EU) 2018/1999"", ""point (f)""], ""article_heading"": ""Amendments to Regulation (EU) 2018/1999"", ""parent_paragraph"": """"}",Article 2(1); Article 15,,action_mentions; object_mentions; same_act_cross_references
CAND2-4463F3ADEC6D,structural,GROUP2-899AF38B9A,"{""celex"": ""32021R1119"", ""article"": ""13"", ""paragraph"": null, ""point"": ""5"", ""subparagraph"": null, ""recital"": null, ""line_start"": 386, ""line_end"": 389, ""hierarchy"": [""Article 13"", ""Amendments to Regulation (EU) 2018/1999"", ""point (5)""]}","- (5) Article 11 is replaced by the following: ### ‘Article 11 #### Multilevel climate and energy dialogue Each Member State shall establish a multilevel climate and energy dialogue pursuant to national rules, in which local authorities, civil society organisations, business community, investors and other relevant stakeholders and the general public are able actively to engage and discuss the achievement of the Union’s climate-neutrality objective set out in Article 2(1) of Regulation (EU) 2021/1119 and the different scenarios envisaged for energy and climate policies, including for the long term, and review progress, unless it already has a structure which serves the same purpose. Integrated national energy and climate plans may be discussed within the framework of such a dialogue.’;","{""hierarchy"": [""Article 13"", ""Amendments to Regulation (EU) 2018/1999"", ""point (5)""], ""article_heading"": ""Amendments to Regulation (EU) 2018/1999"", ""parent_paragraph"": """"}",Article 11; Article 2(1),,actor_mentions; action_mentions; object_mentions; same_act_cross_references
CAND2-290564FC113D,structural,GROUP2-899AF38B9A,"{""celex"": ""32021R1119"", ""article"": ""13"", ""paragraph"": null, ""point"": ""a"", ""subparagraph"": null, ""recital"": null, ""line_start"": 392, ""line_end"": 393, ""hierarchy"": [""Article 13"", ""Amendments to Regulation (EU) 2018/1999"", ""point (a)""]}","- (a) paragraph 1 is replaced by the following: ‘1. By 1 January 2020, and subsequently by 1 January 2029 and every 10 years thereafter, each Member State shall prepare and submit to the Commission its long-term strategy with a 30-year perspective and consistent with the Union’s climate-neutrality objective set out in Article 2(1) of Regulation (EU) 2021/1119. Member States should, where necessary, update those strategies every five years.’;","{""hierarchy"": [""Article 13"", ""Amendments to Regulation (EU) 2018/1999"", ""point (a)""], ""article_heading"": ""Amendments to Regulation (EU) 2018/1999"", ""parent_paragraph"": """"}",Article 2(1),,actor_mentions; action_mentions; object_mentions; same_act_cross_references
CAND2-A3E2EAA5D77D,lexical,GROUP2-899AF38B9A,"{""celex"": ""32021R1119"", ""article"": ""13"", ""paragraph"": null, ""point"": ""a"", ""subparagraph"": null, ""recital"": null, ""line_start"": 399, ""line_end"": 399, ""hierarchy"": [""Article 13"", ""Amendments to Regulation (EU) 2018/1999"", ""point (a)""]}","- ‘(a) information on the progress accomplished towards reaching the objectives, including progress towards the Union’s climate-neutrality objective set out in Article 2(1) of Regulation (EU) 2021/1119, targets and contributions set out in the integrated national energy and climate plan, and towards financing and implementing the policies and measures necessary to meet them, including a review of actual investment against initial investment assumptions;’;","{""hierarchy"": [""Article 13"", ""Amendments to Regulation (EU) 2018/1999"", ""point (a)""], ""article_heading"": ""Amendments to Regulation (EU) 2018/1999"", ""parent_paragraph"": """"}",Article 2(1),,action_mentions; object_mentions; same_act_cross_references
CAND2-27E84BD23730,both,GROUP2-899AF38B9A,"{""celex"": ""32021R1119"", ""article"": ""13"", ""paragraph"": null, ""point"": ""b"", ""subparagraph"": null, ""recital"": null, ""line_start"": 400, ""line_end"": 400, ""hierarchy"": [""Article 13"", ""Amendments to Regulation (EU) 2018/1999"", ""point (b)""]}","- (b) in paragraph 4, the first subparagraph is replaced by the following: ‘The Commission, assisted by the Energy Union Committee referred to in point (b) of Article 44(1), shall adopt implementing acts to set out the structure, format, technical details and process for the information referred to in paragraphs 1 and 2 of this Article, including a methodology for the reporting on the phasing out of energy subsidies, in particular for fossil fuels, pursuant to point (d) of Article 25.’;","{""hierarchy"": [""Article 13"", ""Amendments to Regulation (EU) 2018/1999"", ""point (b)""], ""article_heading"": ""Amendments to Regulation (EU) 2018/1999"", ""parent_paragraph"": """"}",Article 44(1); Article 25,,actor_mentions; action_mentions; object_mentions; same_act_cross_references
CAND2-D6FFF8586396,both,GROUP2-899AF38B9A,"{""celex"": ""32021R1119"", ""article"": ""13"", ""paragraph"": null, ""point"": ""b"", ""subparagraph"": null, ""recital"": null, ""line_start"": 403, ""line_end"": 403, ""hierarchy"": [""Article 13"", ""Amendments to Regulation (EU) 2018/1999"", ""point (b)""]}","- ‘(b) the progress made by each Member State towards meeting its objectives, including progress towards the Union’s climate-neutrality objective set out in Article 2(1) of Regulation (EU) 2021/1119, targets and contributions and implementing the policies and measures set out in its integrated national energy and climate plan;’;","{""hierarchy"": [""Article 13"", ""Amendments to Regulation (EU) 2018/1999"", ""point (b)""], ""article_heading"": ""Amendments to Regulation (EU) 2018/1999"", ""parent_paragraph"": """"}",Article 2(1),,actor_mentions; action_mentions; object_mentions; same_act_cross_references
CAND2-84FD60C2FE3B,both,GROUP2-899AF38B9A,"{""celex"": ""32021R1119"", ""article"": ""13"", ""paragraph"": null, ""point"": ""9"", ""subparagraph"": null, ""recital"": null, ""line_start"": 405, ""line_end"": 408, ""hierarchy"": [""Article 13"", ""Amendments to Regulation (EU) 2018/1999"", ""point (9)""]}","- (9) Article 45 is replaced by the following: ### ‘Article 45 #### Review The Commission shall report to the European Parliament and to the Council within six months of each global stocktake agreed under Article 14 of the Paris Agreement on the operation of this Regulation, its contribution to governance of the Energy Union, its contribution to the long-term goals of the Paris Agreement, progress towards the achievement of the 2030 climate and energy targets and the Union’s climate-neutrality objective set out in Article 2(1) of Regulation (EU) 2021/1119, additional Energy Union objectives and the conformity of the planning, reporting and monitoring provisions laid down in this Regulation with other Union law or decisions relating to the UNFCCC and the Paris Agreement. The Commission reports may be accompanied by legislative proposals where appropriate.’;","{""hierarchy"": [""Article 13"", ""Amendments to Regulation (EU) 2018/1999"", ""point (9)""], ""article_heading"": ""Amendments to Regulation (EU) 2018/1999"", ""parent_paragraph"": """"}",Article 45; Article 14; Article 2(1),,actor_mentions; action_mentions; object_mentions; same_act_cross_references
CAND2-0235CD5AC705,lexical,GROUP2-899AF38B9A,"{""celex"": ""32021R1119"", ""article"": ""13"", ""paragraph"": null, ""point"": ""1"", ""subparagraph"": null, ""recital"": null, ""line_start"": 417, ""line_end"": 417, ""hierarchy"": [""Article 13"", ""Amendments to Regulation (EU) 2018/1999"", ""point (1)""]}",- ‘(viii) an assessment of the contribution of the policy or measure to the achievement of the Union’s climate-neutrality objective set out in Article 2(1) of Regulation (EU) 2021/1119 and to the achievement of the long-term strategy referred to in Article 15 of this Regulation;’.,"{""hierarchy"": [""Article 13"", ""Amendments to Regulation (EU) 2018/1999"", ""point (1)""], ""article_heading"": ""Amendments to Regulation (EU) 2018/1999"", ""parent_paragraph"": """"}",Article 2(1); Article 15,,action_mentions; object_mentions; same_act_cross_references
